id,observed_on,user_id,url,latitude,longitude,scientific_name,field:host plant id,,,,,,,,,,,,,,,,,,,,,,,,,,,,,,,,,,,,
250295554,11/2/24,20485,https://www.inaturalist.org/observations/250295554,40.6560716,-73.99663,Acraspis erinacei,Quercus alba,,,,,,,,,,,,,,,,,,,,,,,,,,,,,,,,,,,,
250295570,11/2/24,20485,https://www.inaturalist.org/observations/250295570,40.65605,-73.996625,Phylloteras rubinum,Quercus alba,,,,,,,,,,,,,,,,,,,,,,,,,,,,,,,,,,,,
246855862,10/6/24,8673906,https://www.inaturalist.org/observations/246855862,40.6566783,-73.995972,Neuroterus quercusverrucarum,Quercus bicolor,,,,,,,,,,,,,,,,,,,,,,,,,,,,,,,,,,,,
243438828,9/21/24,20400,https://www.inaturalist.org/observations/243438828,40.6477889,-73.984473,Andricus nigricens,Quercus bicolor,,,,,,,,,,,,,,,,,,,,,,,,,,,,,,,,,,,,
243436030,9/21/24,20400,https://www.inaturalist.org/observations/243436030,40.6478756,-73.984497,Disholcaspis quercusmamma,Quercus bicolor,,,,,,,,,,,,,,,,,,,,,,,,,,,,,,,,,,,,
244191631,9/19/24,1177689,https://www.inaturalist.org/observations/244191631,40.6685798,-73.96447,Acraspis pezomachoides,Quercus alba,,,,,,,,,,,,,,,,,,,,,,,,,,,,,,,,,,,,
244196110,9/19/24,1177689,https://www.inaturalist.org/observations/244196110,40.66399,-73.962302,Callirhytis favosa,Quercus palustris,,,,,,,,,,,,,,,,,,,,,,,,,,,,,,,,,,,,
244179379,9/19/24,1177689,https://www.inaturalist.org/observations/244179379,40.6678128,-73.963478,Callirhytis furva,Quercus palustris,,,,,,,,,,,,,,,,,,,,,,,,,,,,,,,,,,,,
244199183,9/19/24,1177689,https://www.inaturalist.org/observations/244199183,40.6639088,-73.962399,Callirhytis quercusfutilis,Quercus alba,,,,,,,,,,,,,,,,,,,,,,,,,,,,,,,,,,,,
244199181,9/19/24,1177689,https://www.inaturalist.org/observations/244199181,40.6639574,-73.962388,Druon quercusflocci,Quercus alba,,,,,,,,,,,,,,,,,,,,,,,,,,,,,,,,,,,,
244196117,9/19/24,1177689,https://www.inaturalist.org/observations/244196117,40.66399,-73.962302,Kokkocynips difficilis,Quercus palustris,,,,,,,,,,,,,,,,,,,,,,,,,,,,,,,,,,,,
241401084,9/12/24,785565,https://www.inaturalist.org/observations/241401084,40.6622583,-73.968803,Callirhytis lanata,Quercus,,,,,,,,,,,,,,,,,,,,,,,,,,,,,,,,,,,,
241041410,9/10/24,8521378,https://www.inaturalist.org/observations/241041410,40.6563972,-73.963536,Andricus quercusstrobilanus,Quercus bicolor,,,,,,,,,,,,,,,,,,,,,,,,,,,,,,,,,,,,
239090179,8/31/24,940686,https://www.inaturalist.org/observations/239090179,40.6699717,-73.971955,Andricus quercusstrobilanus,Quercus bicolor,,,,,,,,,,,,,,,,,,,,,,,,,,,,,,,,,,,,
235967687,8/15/24,20400,https://www.inaturalist.org/observations/235967687,40.6542341,-74.000685,Disholcaspis quercusmamma,Quercus bicolor,,,,,,,,,,,,,,,,,,,,,,,,,,,,,,,,,,,,
234028432,8/5/24,5134719,https://www.inaturalist.org/observations/234028432,40.6607033,-73.96997,Callirhytis furva,Quercus,,,,,,,,,,,,,,,,,,,,,,,,,,,,,,,,,,,,
244235606,7/30/24,1177689,https://www.inaturalist.org/observations/244235606,40.652165,-73.990139,Callirhytis quercuspunctata,Quercus palustris,,,,,,,,,,,,,,,,,,,,,,,,,,,,,,,,,,,,
252107031,7/25/24,3331215,https://www.inaturalist.org/observations/252107031,40.6600903,-73.966668,Callirhytis furva,Quercus palustris,,,,,,,,,,,,,,,,,,,,,,,,,,,,,,,,,,,,
252107032,7/25/24,3331215,https://www.inaturalist.org/observations/252107032,40.6600925,-73.966661,Zopheroteras guttatum,Quercus,,,,,,,,,,,,,,,,,,,,,,,,,,,,,,,,,,,,
227006891,7/3/24,3191422,https://www.inaturalist.org/observations/227006891,40.6685639,-73.971625,Callirhytis furva,Quercus,,,,,,,,,,,,,,,,,,,,,,,,,,,,,,,,,,,,
225206657,6/25/24,1177689,https://www.inaturalist.org/observations/225206657,40.647443,-73.993331,Andricus quercuspetiolicola,Quercus bicolor,,,,,,,,,,,,,,,,,,,,,,,,,,,,,,,,,,,,
229256171,6/25/24,115342,https://www.inaturalist.org/observations/229256171,40.6471784,-73.992962,Andricus quercuspetiolicola,Quercus bicolor,,,,,,,,,,,,,,,,,,,,,,,,,,,,,,,,,,,,
224977227,6/24/24,7445225,https://www.inaturalist.org/observations/224977227,40.6560967,-73.996637,Acraspis erinacei,Quercus alba,,,,,,,,,,,,,,,,,,,,,,,,,,,,,,,,,,,,
225003663,6/24/24,2503664,https://www.inaturalist.org/observations/225003663,40.6560667,-73.99672,Acraspis erinacei,Quercus,,,,,,,,,,,,,,,,,,,,,,,,,,,,,,,,,,,,
219021103,5/28/24,1177689,https://www.inaturalist.org/observations/219021103,40.6545556,-73.999214,Callirhytis quercuscornigera,Quercus palustris,,,,,,,,,,,,,,,,,,,,,,,,,,,,,,,,,,,,
219021096,5/28/24,1177689,https://www.inaturalist.org/observations/219021096,40.6560778,-73.995308,Dryocosmus quercuspalustris,Quercus palustris,,,,,,,,,,,,,,,,,,,,,,,,,,,,,,,,,,,,
217770658,5/23/24,1107254,https://www.inaturalist.org/observations/217770658,40.612622,-74.013778,Disholcaspis quercusmamma,Quercus,,,,,,,,,,,,,,,,,,,,,,,,,,,,,,,,,,,,
218012494,5/23/24,916046,https://www.inaturalist.org/observations/218012494,40.6239846,-73.905059,Disholcaspis quercusmamma,Quercus,,,,,,,,,,,,,,,,,,,,,,,,,,,,,,,,,,,,
215739488,5/14/24,20400,https://www.inaturalist.org/observations/215739488,40.6545815,-73.999158,Callirhytis favosa,Quercus palustris,,,,,,,,,,,,,,,,,,,,,,,,,,,,,,,,,,,,
215740800,5/14/24,20400,https://www.inaturalist.org/observations/215740800,40.6546363,-73.995993,Callirhytis favosa,Quercus palustris,,,,,,,,,,,,,,,,,,,,,,,,,,,,,,,,,,,,
215737043,5/14/24,20400,https://www.inaturalist.org/observations/215737043,40.6545974,-73.99916,Callirhytis quercuscornigera,Quercus palustris,,,,,,,,,,,,,,,,,,,,,,,,,,,,,,,,,,,,
215742035,5/14/24,20400,https://www.inaturalist.org/observations/215742035,40.6546203,-73.999152,Melikaiella ostensackeni,Quercus palustris,,,,,,,,,,,,,,,,,,,,,,,,,,,,,,,,,,,,
215348563,5/11/24,20400,https://www.inaturalist.org/observations/215348563,40.6519399,-73.998358,Dryocosmus quercuslaurifoliae,Quercus phellos,,,,,,,,,,,,,,,,,,,,,,,,,,,,,,,,,,,,
215344501,5/11/24,20400,https://www.inaturalist.org/observations/215344501,40.6521652,-73.998553,Dryocosmus quercusnotha,Quercus palustris,,,,,,,,,,,,,,,,,,,,,,,,,,,,,,,,,,,,
215349891,5/11/24,20400,https://www.inaturalist.org/observations/215349891,40.6519417,-73.998374,Dryocosmus quercusnotha,Quercus phellos,,,,,,,,,,,,,,,,,,,,,,,,,,,,,,,,,,,,
215346246,5/11/24,20400,https://www.inaturalist.org/observations/215346246,40.6521705,-73.998557,Dryocosmus quercuspalustris,Quercus palustris,,,,,,,,,,,,,,,,,,,,,,,,,,,,,,,,,,,,
215355478,5/11/24,20400,https://www.inaturalist.org/observations/215355478,40.6537847,-73.99078,Dryocosmus quercuspalustris,Quercus rubra,,,,,,,,,,,,,,,,,,,,,,,,,,,,,,,,,,,,
215356493,5/11/24,20400,https://www.inaturalist.org/observations/215356493,40.6554518,-73.999406,Dryocosmus quercuspalustris,Quercus imbricaria,,,,,,,,,,,,,,,,,,,,,,,,,,,,,,,,,,,,
215352340,5/11/24,20400,https://www.inaturalist.org/observations/215352340,40.6522485,-73.987087,Melikaiella tumifica,Quercus rubra,,,,,,,,,,,,,,,,,,,,,,,,,,,,,,,,,,,,
210290884,4/27/24,18123,https://www.inaturalist.org/observations/210290884,40.656055,-73.996742,Acraspis erinacei,Quercus alba,,,,,,,,,,,,,,,,,,,,,,,,,,,,,,,,,,,,
210466601,4/27/24,20485,https://www.inaturalist.org/observations/210466601,40.6544902,-73.999196,Callirhytis quercuscornigera,Quercus palustris,,,,,,,,,,,,,,,,,,,,,,,,,,,,,,,,,,,,
209234067,4/23/24,311149,https://www.inaturalist.org/observations/209234067,40.6997311,-73.99689,Disholcaspis quercusmamma,N/A,,,,,,,,,,,,,,,,,,,,,,,,,,,,,,,,,,,,
195416833,12/31/23,1523941,https://www.inaturalist.org/observations/195416833,40.6513563,-73.984356,Disholcaspis quercusmamma,N/A,,,,,,,,,,,,,,,,,,,,,,,,,,,,,,,,,,,,
194513571,12/21/23,20485,https://www.inaturalist.org/observations/194513571,40.5928027,-73.921289,Andricus quercusfrondosus,Quercus stellata,,,,,,,,,,,,,,,,,,,,,,,,,,,,,,,,,,,,
194513505,12/21/23,20485,https://www.inaturalist.org/observations/194513505,40.592795,-73.92124,Andricus quercuspetiolicola,Quercus marilandica,,,,,,,,,,,,,,,,,,,,,,,,,,,,,,,,,,,,
192834827,12/2/23,904705,https://www.inaturalist.org/observations/192834827,40.71543,-73.967613,Druon ignotum,Quercus bicolor,,,,,,,,,,,,,,,,,,,,,,,,,,,,,,,,,,,,
192821784,11/29/23,219127,https://www.inaturalist.org/observations/192821784,40.6560593,-73.996733,Acraspis erinacei,Quercus alba,,,,,,,,,,,,,,,,,,,,,,,,,,,,,,,,,,,,
192397197,11/27/23,904705,https://www.inaturalist.org/observations/192397197,40.60385,-73.928445,Druon ignotum,Quercus bicolor,,,,,,,,,,,,,,,,,,,,,,,,,,,,,,,,,,,,
192099528,11/25/23,259163,https://www.inaturalist.org/observations/192099528,40.66177,-73.965302,Philonix fulvicollis,"Should remove I think because not a gall, just the wasp",,,,,,,,,,,,,,,,,,,,,,,,,,,,,,,,,,,,
191323387,11/17/23,2493396,https://www.inaturalist.org/observations/191323387,40.658137,-73.967782,Acraspis quercushirta,Quercus muehlenbergii,,,,,,,,,,,,,,,,,,,,,,,,,,,,,,,,,,,,
191034753,11/14/23,20400,https://www.inaturalist.org/observations/191034753,40.657203,-73.989442,Acraspis pezomachoides,Quercus alba,,,,,,,,,,,,,,,,,,,,,,,,,,,,,,,,,,,,
191034756,11/14/23,20400,https://www.inaturalist.org/observations/191034756,40.6529521,-73.991721,Phylloteras rubinum,Quercus alba,,,,,,,,,,,,,,,,,,,,,,,,,,,,,,,,,,,,
188657786,10/22/23,20400,https://www.inaturalist.org/observations/188657786,40.647672,-73.985816,Acraspis pezomachoides,Quercus alba,,,,,,,,,,,,,,,,,,,,,,,,,,,,,,,,,,,,
187925957,10/17/23,20400,https://www.inaturalist.org/observations/187925957,40.6534191,-73.999189,Philonix fulvicollis,Quercus alba,,,,,,,,,,,,,,,,,,,,,,,,,,,,,,,,,,,,
187781722,10/15/23,20400,https://www.inaturalist.org/observations/187781722,40.6512877,-73.984342,Acraspis pezomachoides,Quercus alba,,,,,,,,,,,,,,,,,,,,,,,,,,,,,,,,,,,,
187783569,10/15/23,20400,https://www.inaturalist.org/observations/187783569,40.6529664,-73.988905,Callirhytis balanacea,Quercus rubra,,,,,,,,,,,,,,,,,,,,,,,,,,,,,,,,,,,,
187805366,10/15/23,20400,https://www.inaturalist.org/observations/187805366,40.6519137,-73.99214,Phylloteras rubinum,Quercus alba,,,,,,,,,,,,,,,,,,,,,,,,,,,,,,,,,,,,
186535946,10/6/23,20400,https://www.inaturalist.org/observations/186535946,40.6477667,-73.984486,Disholcaspis quercusmamma,Quercus bicolor,,,,,,,,,,,,,,,,,,,,,,,,,,,,,,,,,,,,
186536620,10/6/23,20400,https://www.inaturalist.org/observations/186536620,40.6477668,-73.984429,Neuroterus floccosus,Quercus bicolor x aliena var. acutiserrata,,,,,,,,,,,,,,,,,,,,,,,,,,,,,,,,,,,,
186535117,10/6/23,20400,https://www.inaturalist.org/observations/186535117,40.6498969,-73.993332,Phylloteras rubinum,Quercus alba,,,,,,,,,,,,,,,,,,,,,,,,,,,,,,,,,,,,
186315143,10/5/23,20400,https://www.inaturalist.org/observations/186315143,40.6579604,-73.993086,Callirhytis furva,Quercus texana,,,,,,,,,,,,,,,,,,,,,,,,,,,,,,,,,,,,
186314135,10/5/23,20400,https://www.inaturalist.org/observations/186314135,40.6579529,-73.993082,Zopheroteras guttatum,Quercus texana,,,,,,,,,,,,,,,,,,,,,,,,,,,,,,,,,,,,
186312601,10/4/23,20400,https://www.inaturalist.org/observations/186312601,40.649957,-73.993324,Andricus dimorphus,Quercus alba,,,,,,,,,,,,,,,,,,,,,,,,,,,,,,,,,,,,
186313469,10/4/23,20400,https://www.inaturalist.org/observations/186313469,40.6517801,-73.993154,Andricus nigricens,Quercus bicolor,,,,,,,,,,,,,,,,,,,,,,,,,,,,,,,,,,,,
189426250,9/28/23,311149,https://www.inaturalist.org/observations/189426250,40.656045,-73.996571,Acraspis erinacei,Quercus alba,,,,,,,,,,,,,,,,,,,,,,,,,,,,,,,,,,,,
189426216,9/28/23,311149,https://www.inaturalist.org/observations/189426216,40.6560157,-73.996646,Phylloteras poculum,Quercus alba,,,,,,,,,,,,,,,,,,,,,,,,,,,,,,,,,,,,
184691764,9/22/23,20400,https://www.inaturalist.org/observations/184691764,40.6498953,-73.993344,Acraspis erinacei,Quercus alba,,,,,,,,,,,,,,,,,,,,,,,,,,,,,,,,,,,,
184680212,9/22/23,20400,https://www.inaturalist.org/observations/184680212,40.6497785,-73.986246,Callirhytis lanata,Quercus coccinea,,,,,,,,,,,,,,,,,,,,,,,,,,,,,,,,,,,,
184682719,9/22/23,20400,https://www.inaturalist.org/observations/184682719,40.6494362,-73.99117,Druon quercusflocci,Quercus alba,,,,,,,,,,,,,,,,,,,,,,,,,,,,,,,,,,,,
184680595,9/22/23,20400,https://www.inaturalist.org/observations/184680595,40.6497906,-73.986235,Kokkocynips rileyi,Quercus coccinea,,,,,,,,,,,,,,,,,,,,,,,,,,,,,,,,,,,,
184683366,9/22/23,20400,https://www.inaturalist.org/observations/184683366,40.6494284,-73.991209,Philonix fulvicollis,Quercus alba,,,,,,,,,,,,,,,,,,,,,,,,,,,,,,,,,,,,
184690706,9/22/23,20400,https://www.inaturalist.org/observations/184690706,40.6498975,-73.993335,Philonix fulvicollis,Quercus alba,,,,,,,,,,,,,,,,,,,,,,,,,,,,,,,,,,,,
184689501,9/22/23,20400,https://www.inaturalist.org/observations/184689501,40.6498864,-73.99334,Phylloteras poculum,Quercus alba,,,,,,,,,,,,,,,,,,,,,,,,,,,,,,,,,,,,
183753597,9/17/23,20485,https://www.inaturalist.org/observations/183753597,40.6920746,-74.000244,Neuroterus floccosus,Quercus bicolor,,,,,,,,,,,,,,,,,,,,,,,,,,,,,,,,,,,,
183909495,9/16/23,2860446,https://www.inaturalist.org/observations/183909495,40.6561367,-73.996658,Acraspis erinacei,Quercus alba,,,,,,,,,,,,,,,,,,,,,,,,,,,,,,,,,,,,
183581046,9/16/23,3191422,https://www.inaturalist.org/observations/183581046,40.6924306,-73.973683,Callirhytis furva,Quercus palustris,,,,,,,,,,,,,,,,,,,,,,,,,,,,,,,,,,,,
183220315,9/14/23,1107254,https://www.inaturalist.org/observations/183220315,40.6225073,-73.902952,Zopheroteras guttatum,Quercus,,,,,,,,,,,,,,,,,,,,,,,,,,,,,,,,,,,,
182487237,9/9/23,20400,https://www.inaturalist.org/observations/182487237,40.6520969,-73.998427,Andricus incertus,Quercus bicolor,,,,,,,,,,,,,,,,,,,,,,,,,,,,,,,,,,,,
182488528,9/9/23,20400,https://www.inaturalist.org/observations/182488528,40.6517809,-73.99315,Disholcaspis quercusmamma,Quercus bicolor,,,,,,,,,,,,,,,,,,,,,,,,,,,,,,,,,,,,
182490688,9/9/23,20400,https://www.inaturalist.org/observations/182490688,40.6517774,-73.993146,Neuroterus floccosus,Quercus bicolor,,,,,,,,,,,,,,,,,,,,,,,,,,,,,,,,,,,,
182484815,9/9/23,20400,https://www.inaturalist.org/observations/182484815,40.6526869,-73.999296,Philonix fulvicollis,Quercus alba,,,,,,,,,,,,,,,,,,,,,,,,,,,,,,,,,,,,
182234787,9/7/23,20400,https://www.inaturalist.org/observations/182234787,40.6561114,-73.996663,Acraspis erinacei,Quercus alba,,,,,,,,,,,,,,,,,,,,,,,,,,,,,,,,,,,,
193351233,9/7/23,3331215,https://www.inaturalist.org/observations/193351233,40.656078,-73.996411,Acraspis erinacei,Quercus alba,,,,,,,,,,,,,,,,,,,,,,,,,,,,,,,,,,,,
182234685,9/7/23,20400,https://www.inaturalist.org/observations/182234685,40.6561075,-73.996661,Phylloteras poculum,Quercus alba,,,,,,,,,,,,,,,,,,,,,,,,,,,,,,,,,,,,
193351234,9/7/23,3331215,https://www.inaturalist.org/observations/193351234,40.6560831,-73.996583,Phylloteras poculum,Quercus alba,,,,,,,,,,,,,,,,,,,,,,,,,,,,,,,,,,,,
181229402,9/1/23,2184685,https://www.inaturalist.org/observations/181229402,40.6560667,-73.996697,Acraspis erinacei,Quercus alba,,,,,,,,,,,,,,,,,,,,,,,,,,,,,,,,,,,,
177003469,8/6/23,4334629,https://www.inaturalist.org/observations/177003469,40.6560467,-73.996688,Acraspis erinacei,Quercus alba,,,,,,,,,,,,,,,,,,,,,,,,,,,,,,,,,,,,
177008642,8/6/23,7230221,https://www.inaturalist.org/observations/177008642,40.6560833,-73.996697,Acraspis erinacei,Quercus alba,,,,,,,,,,,,,,,,,,,,,,,,,,,,,,,,,,,,
176486921,8/3/23,20400,https://www.inaturalist.org/observations/176486921,40.6525109,-73.997629,Disholcaspis quercusglobulus,Quercus alba,,,,,,,,,,,,,,,,,,,,,,,,,,,,,,,,,,,,
176321714,8/2/23,904705,https://www.inaturalist.org/observations/176321714,40.6254,-73.907233,Acraspis pezomachoides,Quercus alba,,,,,,,,,,,,,,,,,,,,,,,,,,,,,,,,,,,,
176320815,8/2/23,904705,https://www.inaturalist.org/observations/176320815,40.6248083,-73.905687,Phylloteras poculum,Quercus alba,,,,,,,,,,,,,,,,,,,,,,,,,,,,,,,,,,,,
175755856,7/30/23,904705,https://www.inaturalist.org/observations/175755856,40.657495,-73.966362,Callirhytis quercuscornigera,Quercus palustris,,,,,,,,,,,,,,,,,,,,,,,,,,,,,,,,,,,,
174280092,7/22/23,852601,https://www.inaturalist.org/observations/174280092,40.65292,-73.990722,Callirhytis lanata,Quercus,,,,,,,,,,,,,,,,,,,,,,,,,,,,,,,,,,,,
173578143,7/17/23,4446031,https://www.inaturalist.org/observations/173578143,40.6560252,-73.996283,Acraspis erinacei,Quercus alba,,,,,,,,,,,,,,,,,,,,,,,,,,,,,,,,,,,,
170533219,7/1/23,20400,https://www.inaturalist.org/observations/170533219,40.6946019,-73.999787,Disholcaspis quercusmamma,Quercus bicolor,,,,,,,,,,,,,,,,,,,,,,,,,,,,,,,,,,,,
169461019,6/25/23,20400,https://www.inaturalist.org/observations/169461019,40.6561232,-73.996657,Philonix fulvicollis,Quercus alba,,,,,,,,,,,,,,,,,,,,,,,,,,,,,,,,,,,,
169460348,6/25/23,20400,https://www.inaturalist.org/observations/169460348,40.6561004,-73.996657,Phylloteras poculum,Quercus alba,,,,,,,,,,,,,,,,,,,,,,,,,,,,,,,,,,,,
168719847,6/21/23,20400,https://www.inaturalist.org/observations/168719847,40.6560899,-73.99666,Acraspis erinacei,Quercus alba,,,,,,,,,,,,,,,,,,,,,,,,,,,,,,,,,,,,
167394510,6/14/23,7034574,https://www.inaturalist.org/observations/167394510,40.6569533,-73.98707,Andricus quercuspetiolicola,Quercus bicolor,,,,,,,,,,,,,,,,,,,,,,,,,,,,,,,,,,,,
166598123,6/10/23,5342580,https://www.inaturalist.org/observations/166598123,40.6579765,-73.994064,Acraspis erinacei,Quercus alba,,,,,,,,,,,,,,,,,,,,,,,,,,,,,,,,,,,,
166599272,6/10/23,670806,https://www.inaturalist.org/observations/166599272,40.6557051,-73.996986,Acraspis erinacei,Quercus alba,,,,,,,,,,,,,,,,,,,,,,,,,,,,,,,,,,,,
166641289,6/10/23,20400,https://www.inaturalist.org/observations/166641289,40.6487352,-73.984724,Neuroterus umbilicatus,Quercus bicolor x aliena var. acutiserrata,,,,,,,,,,,,,,,,,,,,,,,,,,,,,,,,,,,,
166641292,6/10/23,20400,https://www.inaturalist.org/observations/166641292,40.6487372,-73.984725,Neuroterus umbilicatus,Quercus bicolor,,,,,,,,,,,,,,,,,,,,,,,,,,,,,,,,,,,,
165732743,6/4/23,2493396,https://www.inaturalist.org/observations/165732743,40.6563481,-73.997097,Acraspis erinacei,Quercus alba,,,,,,,,,,,,,,,,,,,,,,,,,,,,,,,,,,,,
165592110,6/4/23,20400,https://www.inaturalist.org/observations/165592110,40.6556307,-73.998617,Melikaiella tumifica,Quercus coccinea,,,,,,,,,,,,,,,,,,,,,,,,,,,,,,,,,,,,
165592109,6/4/23,20400,https://www.inaturalist.org/observations/165592109,40.6560878,-73.996663,Neuroterus tantulus,Quercus alba,,,,,,,,,,,,,,,,,,,,,,,,,,,,,,,,,,,,
161285955,5/12/23,20400,https://www.inaturalist.org/observations/161285955,40.6688963,-73.965599,Callirhytis quercusoperator,Quercus ilicifolia,,,,,,,,,,,,,,,,,,,,,,,,,,,,,,,,,,,,
161054266,5/10/23,20400,https://www.inaturalist.org/observations/161054266,40.6579513,-73.996239,Dryocosmus quercusnotha,Quercus palustris,,,,,,,,,,,,,,,,,,,,,,,,,,,,,,,,,,,,
160678055,5/6/23,20485,https://www.inaturalist.org/observations/160678055,40.6025809,-73.922385,Dryocosmus quercuslaurifoliae,Quercus phellos,,,,,,,,,,,,,,,,,,,,,,,,,,,,,,,,,,,,
159244399,5/2/23,1574951,https://www.inaturalist.org/observations/159244399,40.6651556,-73.969553,Amphibolips quercusinanis,,,,,,,,,,,,,,,,,,,,,,,,,,,,,,,,,,,,,
158824216,5/1/23,20400,https://www.inaturalist.org/observations/158824216,40.6521374,-73.998434,Andricus chinquapin,Quercus bicolor,,,,,,,,,,,,,,,,,,,,,,,,,,,,,,,,,,,,
156821176,4/24/23,6029167,https://www.inaturalist.org/observations/156821176,40.6558989,-73.92186,Dryocosmus quercuspalustris,Quercus,,,,,,,,,,,,,,,,,,,,,,,,,,,,,,,,,,,,
156349313,4/23/23,20400,https://www.inaturalist.org/observations/156349313,40.6497573,-73.986289,Callirhytis quercusoperator,Quercus coccinea,,,,,,,,,,,,,,,,,,,,,,,,,,,,,,,,,,,,
156349311,4/23/23,20400,https://www.inaturalist.org/observations/156349311,40.6496596,-73.984999,Dryocosmus quercusnotha,Quercus texana,,,,,,,,,,,,,,,,,,,,,,,,,,,,,,,,,,,,
156349303,4/23/23,20400,https://www.inaturalist.org/observations/156349303,40.649077,-73.983444,Dryocosmus quercuspalustris,Quercus rubra,,,,,,,,,,,,,,,,,,,,,,,,,,,,,,,,,,,,
155974435,4/21/23,20400,https://www.inaturalist.org/observations/155974435,40.6580446,-73.995985,Dryocosmus quercuspalustris,Quercus palustris,,,,,,,,,,,,,,,,,,,,,,,,,,,,,,,,,,,,
155822440,4/20/23,20400,https://www.inaturalist.org/observations/155822440,40.6539227,-74.000758,Dryocosmus quercuslaurifoliae,Quercus phellos,,,,,,,,,,,,,,,,,,,,,,,,,,,,,,,,,,,,
155826047,4/20/23,20400,https://www.inaturalist.org/observations/155826047,40.6519085,-73.998381,Dryocosmus quercuslaurifoliae,Quercus phellos,,,,,,,,,,,,,,,,,,,,,,,,,,,,,,,,,,,,
155822441,4/20/23,20400,https://www.inaturalist.org/observations/155822441,40.6554436,-73.999394,Dryocosmus quercuspalustris,Quercus imbricaria,,,,,,,,,,,,,,,,,,,,,,,,,,,,,,,,,,,,
155822443,4/20/23,20400,https://www.inaturalist.org/observations/155822443,40.6554573,-73.999409,Dryocosmus quercuspalustris,Quercus imbricaria,,,,,,,,,,,,,,,,,,,,,,,,,,,,,,,,,,,,
155346524,4/17/23,20400,https://www.inaturalist.org/observations/155346524,40.658101,-73.997152,Andricus quercuspetiolicola,Quercus bicolor,,,,,,,,,,,,,,,,,,,,,,,,,,,,,,,,,,,,
155345443,4/17/23,20400,https://www.inaturalist.org/observations/155345443,40.6524702,-74.002589,Disholcaspis quercusglobulus,Quercus alba,,,,,,,,,,,,,,,,,,,,,,,,,,,,,,,,,,,,
155208198,4/16/23,20400,https://www.inaturalist.org/observations/155208198,40.6579742,-73.993099,Dryocosmus quercuspalustris,Quercus texana,,,,,,,,,,,,,,,,,,,,,,,,,,,,,,,,,,,,
154194041,4/9/23,20400,https://www.inaturalist.org/observations/154194041,40.6497359,-73.98616,Callirhytis scitula,Quercus coccinea,,,,,,,,,,,,,,,,,,,,,,,,,,,,,,,,,,,,
152395616,3/26/23,20485,https://www.inaturalist.org/observations/152395616,40.6517686,-73.992981,Andricus quercusfrondosus,Quercus bicolor,,,,,,,,,,,,,,,,,,,,,,,,,,,,,,,,,,,,
152394894,3/26/23,20485,https://www.inaturalist.org/observations/152394894,40.6517722,-73.99308,Disholcaspis quercusmamma,Quercus bicolor,,,,,,,,,,,,,,,,,,,,,,,,,,,,,,,,,,,,
150602902,3/8/23,904705,https://www.inaturalist.org/observations/150602902,40.5980917,-73.896378,Acraspis pezomachoides,Quercus alba,,,,,,,,,,,,,,,,,,,,,,,,,,,,,,,,,,,,
148640381,2/12/23,3225948,https://www.inaturalist.org/observations/148640381,40.734363,-73.956277,Callirhytis quercuscornigera,,,,,,,,,,,,,,,,,,,,,,,,,,,,,,,,,,,,,
148266562,2/6/23,2493396,https://www.inaturalist.org/observations/148266562,40.6545148,-73.960548,Callirhytis quercuscornigera,Quercus palustris,,,,,,,,,,,,,,,,,,,,,,,,,,,,,,,,,,,,
148191003,2/6/23,4189901,https://www.inaturalist.org/observations/148191003,40.7072133,-73.950395,Disholcaspis quercusmamma,N/A,,,,,,,,,,,,,,,,,,,,,,,,,,,,,,,,,,,,
147705548,1/29/23,2493396,https://www.inaturalist.org/observations/147705548,40.5979186,-73.927673,Disholcaspis quercusglobulus,Quercus rubra,,,,,,,,,,,,,,,,,,,,,,,,,,,,,,,,,,,,
147706264,1/29/23,2493396,https://www.inaturalist.org/observations/147706264,40.5986009,-73.928527,Disholcaspis quercusglobulus,Quercus rubra,,,,,,,,,,,,,,,,,,,,,,,,,,,,,,,,,,,,
147333659,1/25/23,3870395,https://www.inaturalist.org/observations/147333659,40.5956626,-73.925398,Disholcaspis quercusglobulus,N/A,,,,,,,,,,,,,,,,,,,,,,,,,,,,,,,,,,,,
146149087,1/8/23,904705,https://www.inaturalist.org/observations/146149087,40.6016533,-73.91877,Disholcaspis quercusmamma,N/A,,,,,,,,,,,,,,,,,,,,,,,,,,,,,,,,,,,,
145955338,1/5/23,20400,https://www.inaturalist.org/observations/145955338,40.6584852,-73.971796,Disholcaspis quercusglobulus,Quercus alba,,,,,,,,,,,,,,,,,,,,,,,,,,,,,,,,,,,,
145255358,12/27/22,20400,https://www.inaturalist.org/observations/145255358,40.6586852,-73.999473,Neuroterus quercusbatatus,Quercus bicolor,,,,,,,,,,,,,,,,,,,,,,,,,,,,,,,,,,,,
142157628,11/16/22,6029167,https://www.inaturalist.org/observations/142157628,40.6563756,-73.926894,Disholcaspis quercusmamma,Quercus bicolor,,,,,,,,,,,,,,,,,,,,,,,,,,,,,,,,,,,,
141875629,11/12/22,20400,https://www.inaturalist.org/observations/141875629,40.647791,-73.984484,Andricus quercusstrobilanus,Quercus bicolor,,,,,,,,,,,,,,,,,,,,,,,,,,,,,,,,,,,,
141875972,11/12/22,20400,https://www.inaturalist.org/observations/141875972,40.6477714,-73.984486,Disholcaspis quercusmamma,Quercus bicolor,,,,,,,,,,,,,,,,,,,,,,,,,,,,,,,,,,,,
141875458,11/12/22,20400,https://www.inaturalist.org/observations/141875458,40.6477912,-73.984485,Neuroterus floccosus,Quercus bicolor,,,,,,,,,,,,,,,,,,,,,,,,,,,,,,,,,,,,
140698021,10/31/22,20400,https://www.inaturalist.org/observations/140698021,40.6497575,-73.986236,Callirhytis lanata,Quercus coccinea,,,,,,,,,,,,,,,,,,,,,,,,,,,,,,,,,,,,
140699002,10/31/22,20400,https://www.inaturalist.org/observations/140699002,40.6496221,-73.989491,Phylloteras rubinum,Quercus alba,,,,,,,,,,,,,,,,,,,,,,,,,,,,,,,,,,,,
140296760,10/28/22,20400,https://www.inaturalist.org/observations/140296760,40.653796,-73.997077,Callirhytis pigra,Quercus coccinea,,,,,,,,,,,,,,,,,,,,,,,,,,,,,,,,,,,,
140016570,10/25/22,20400,https://www.inaturalist.org/observations/140016570,40.6544838,-73.993864,Callirhytis piperoides,Quercus rubra,,,,,,,,,,,,,,,,,,,,,,,,,,,,,,,,,,,,
140017307,10/25/22,20400,https://www.inaturalist.org/observations/140017307,40.6524895,-73.997662,Phylloteras rubinum,Quercus alba,,,,,,,,,,,,,,,,,,,,,,,,,,,,,,,,,,,,
139461289,10/20/22,20400,https://www.inaturalist.org/observations/139461289,40.6545798,-73.995145,Andricus quercuspetiolicola,Quercus bicolor,,,,,,,,,,,,,,,,,,,,,,,,,,,,,,,,,,,,
139459098,10/20/22,20400,https://www.inaturalist.org/observations/139459098,40.6543907,-73.994524,Callirhytis balanacea,Quercus palustris,,,,,,,,,,,,,,,,,,,,,,,,,,,,,,,,,,,,
139262237,10/18/22,20400,https://www.inaturalist.org/observations/139262237,40.6498386,-73.993326,Andricus weldi,Quercus alba,,,,,,,,,,,,,,,,,,,,,,,,,,,,,,,,,,,,
139262238,10/18/22,20400,https://www.inaturalist.org/observations/139262238,40.6488446,-73.991115,Callirhytis lanata,Quercus rubra,,,,,,,,,,,,,,,,,,,,,,,,,,,,,,,,,,,,
139262240,10/18/22,20400,https://www.inaturalist.org/observations/139262240,40.6490269,-73.990373,Phylloteras rubinum,Quercus alba,,,,,,,,,,,,,,,,,,,,,,,,,,,,,,,,,,,,
139030297,10/16/22,20400,https://www.inaturalist.org/observations/139030297,40.6676483,-73.96334,Callirhytis furva,Quercus palustris,,,,,,,,,,,,,,,,,,,,,,,,,,,,,,,,,,,,
139033809,10/16/22,20400,https://www.inaturalist.org/observations/139033809,40.6699996,-73.966494,Callirhytis lanata,Quercus rubra,,,,,,,,,,,,,,,,,,,,,,,,,,,,,,,,,,,,
139030273,10/16/22,20400,https://www.inaturalist.org/observations/139030273,40.6675702,-73.963353,Callirhytis piperoides,Quercus x hawkinsiae,,,,,,,,,,,,,,,,,,,,,,,,,,,,,,,,,,,,
138841832,10/15/22,2954876,https://www.inaturalist.org/observations/138841832,40.6518628,-73.993182,Disholcaspis quercusmamma,Quercus bicolor,,,,,,,,,,,,,,,,,,,,,,,,,,,,,,,,,,,,
138782389,10/14/22,20400,https://www.inaturalist.org/observations/138782389,40.6546056,-73.996007,Callirhytis favosa,Quercus palustris,,,,,,,,,,,,,,,,,,,,,,,,,,,,,,,,,,,,
138783116,10/14/22,20400,https://www.inaturalist.org/observations/138783116,40.6533327,-73.99913,Disholcaspis quercusglobulus,Quercus alba,,,,,,,,,,,,,,,,,,,,,,,,,,,,,,,,,,,,
138783117,10/14/22,20400,https://www.inaturalist.org/observations/138783117,40.6533383,-73.999132,Disholcaspis quercusglobulus,Quercus alba,,,,,,,,,,,,,,,,,,,,,,,,,,,,,,,,,,,,
138779176,10/14/22,20400,https://www.inaturalist.org/observations/138779176,40.6526771,-74.003328,Disholcaspis quercusmamma,Quercus bicolor,,,,,,,,,,,,,,,,,,,,,,,,,,,,,,,,,,,,
138898008,10/14/22,900026,https://www.inaturalist.org/observations/138898008,40.6553266,-73.999781,Philonix fulvicollis,Quercus alba,,,,,,,,,,,,,,,,,,,,,,,,,,,,,,,,,,,,
138782387,10/14/22,20400,https://www.inaturalist.org/observations/138782387,40.6498843,-73.993368,Phylloteras poculum,Quercus alba,,,,,,,,,,,,,,,,,,,,,,,,,,,,,,,,,,,,
138547852,10/12/22,20400,https://www.inaturalist.org/observations/138547852,40.6569393,-73.987794,Callirhytis furva,Quercus palustris,,,,,,,,,,,,,,,,,,,,,,,,,,,,,,,,,,,,
138547854,10/12/22,20400,https://www.inaturalist.org/observations/138547854,40.6717712,-73.969419,Phylloteras rubinum,Quercus alba,,,,,,,,,,,,,,,,,,,,,,,,,,,,,,,,,,,,
138422200,10/11/22,20400,https://www.inaturalist.org/observations/138422200,40.6581773,-73.997065,Andricus quercuspetiolicola,Quercus bicolor,,,,,,,,,,,,,,,,,,,,,,,,,,,,,,,,,,,,
138544742,10/11/22,20400,https://www.inaturalist.org/observations/138544742,40.6532356,-73.993247,Callirhytis lanata,Quercus rubra,,,,,,,,,,,,,,,,,,,,,,,,,,,,,,,,,,,,
138431159,10/11/22,20400,https://www.inaturalist.org/observations/138431159,40.6533034,-73.993232,Zopheroteras hubbardi,Quercus rubra,,,,,,,,,,,,,,,,,,,,,,,,,,,,,,,,,,,,
138299884,10/10/22,20400,https://www.inaturalist.org/observations/138299884,40.649832,-73.993343,Acraspis erinacei,Quercus alba,,,,,,,,,,,,,,,,,,,,,,,,,,,,,,,,,,,,
138279954,10/10/22,20400,https://www.inaturalist.org/observations/138279954,40.6499518,-73.993347,Andricus dimorphus,Quercus alba,,,,,,,,,,,,,,,,,,,,,,,,,,,,,,,,,,,,
138279344,10/10/22,20400,https://www.inaturalist.org/observations/138279344,40.6522922,-73.992919,Neuroterus floccosus,Quercus bicolor,,,,,,,,,,,,,,,,,,,,,,,,,,,,,,,,,,,,
138295650,10/10/22,20400,https://www.inaturalist.org/observations/138295650,40.6522628,-73.992915,Neuroterus umbilicatus,Quercus bicolor,,,,,,,,,,,,,,,,,,,,,,,,,,,,,,,,,,,,
138099423,10/8/22,20400,https://www.inaturalist.org/observations/138099423,40.6529254,-73.988906,Callirhytis quercusgemmaria,Quercus rubra,,,,,,,,,,,,,,,,,,,,,,,,,,,,,,,,,,,,
138055663,10/8/22,20400,https://www.inaturalist.org/observations/138055663,40.653308,-73.999111,Disholcaspis quercusglobulus,Quercus alba,,,,,,,,,,,,,,,,,,,,,,,,,,,,,,,,,,,,
138053685,10/8/22,20400,https://www.inaturalist.org/observations/138053685,40.6522703,-73.987043,Kokkocynips rileyi,Quercus rubra,,,,,,,,,,,,,,,,,,,,,,,,,,,,,,,,,,,,
138055664,10/8/22,20400,https://www.inaturalist.org/observations/138055664,40.6533192,-73.99912,Philonix fulvicollis,Quercus alba,,,,,,,,,,,,,,,,,,,,,,,,,,,,,,,,,,,,
138054157,10/8/22,20400,https://www.inaturalist.org/observations/138054157,40.652483,-73.987038,Zopheroteras sphaerula,Quercus rubra,,,,,,,,,,,,,,,,,,,,,,,,,,,,,,,,,,,,
137881051,10/7/22,20400,https://www.inaturalist.org/observations/137881051,40.6561215,-73.996659,Acraspis erinacei,Quercus alba,,,,,,,,,,,,,,,,,,,,,,,,,,,,,,,,,,,,
137927438,10/7/22,20400,https://www.inaturalist.org/observations/137927438,40.656075,-73.996685,Disholcaspis quercusglobulus,Quercus alba,,,,,,,,,,,,,,,,,,,,,,,,,,,,,,,,,,,,
137878303,10/7/22,20400,https://www.inaturalist.org/observations/137878303,40.6554361,-73.999392,Zopheroteras guttatum,Quercus imbricaria,,,,,,,,,,,,,,,,,,,,,,,,,,,,,,,,,,,,
137852203,10/6/22,20400,https://www.inaturalist.org/observations/137852203,40.6494017,-73.991082,Andricus capillatus,Quercus alba,,,,,,,,,,,,,,,,,,,,,,,,,,,,,,,,,,,,
137853413,10/6/22,20400,https://www.inaturalist.org/observations/137853413,40.6517967,-73.992928,Andricus incertus,Quercus bicolor,,,,,,,,,,,,,,,,,,,,,,,,,,,,,,,,,,,,
137853407,10/6/22,20400,https://www.inaturalist.org/observations/137853407,40.6517556,-73.99316,Andricus nigricens,Quercus bicolor,,,,,,,,,,,,,,,,,,,,,,,,,,,,,,,,,,,,
137853411,10/6/22,20400,https://www.inaturalist.org/observations/137853411,40.6517932,-73.992929,Andricus quercusfrondosus,Quercus bicolor,,,,,,,,,,,,,,,,,,,,,,,,,,,,,,,,,,,,
137853412,10/6/22,20400,https://www.inaturalist.org/observations/137853412,40.6517952,-73.992929,Andricus quercuspetiolicola,Quercus bicolor,,,,,,,,,,,,,,,,,,,,,,,,,,,,,,,,,,,,
137853406,10/6/22,20400,https://www.inaturalist.org/observations/137853406,40.6517545,-73.993163,Andricus quercusstrobilanus,Quercus bicolor,,,,,,,,,,,,,,,,,,,,,,,,,,,,,,,,,,,,
137847155,10/6/22,20400,https://www.inaturalist.org/observations/137847155,40.6529329,-73.993177,Callirhytis lanata,Quercus rubra,,,,,,,,,,,,,,,,,,,,,,,,,,,,,,,,,,,,
137850386,10/6/22,20400,https://www.inaturalist.org/observations/137850386,40.6497353,-73.986255,Callirhytis lanata,Quercus coccinea,,,,,,,,,,,,,,,,,,,,,,,,,,,,,,,,,,,,
137848304,10/6/22,20400,https://www.inaturalist.org/observations/137848304,40.6520324,-73.990649,Disholcaspis quercusglobulus,Quercus alba,,,,,,,,,,,,,,,,,,,,,,,,,,,,,,,,,,,,
137853405,10/6/22,20400,https://www.inaturalist.org/observations/137853405,40.6517558,-73.99316,Disholcaspis quercusmamma,Quercus bicolor,,,,,,,,,,,,,,,,,,,,,,,,,,,,,,,,,,,,
137853409,10/6/22,20400,https://www.inaturalist.org/observations/137853409,40.6517576,-73.993163,Druon ignotum,Quercus bicolor,,,,,,,,,,,,,,,,,,,,,,,,,,,,,,,,,,,,
137850388,10/6/22,20400,https://www.inaturalist.org/observations/137850388,40.6497417,-73.986253,Kokkocynips rileyi,Quercus coccinea,,,,,,,,,,,,,,,,,,,,,,,,,,,,,,,,,,,,
137848302,10/6/22,20400,https://www.inaturalist.org/observations/137848302,40.6520353,-73.990624,Philonix fulvicollis,Quercus alba,,,,,,,,,,,,,,,,,,,,,,,,,,,,,,,,,,,,
137852208,10/6/22,20400,https://www.inaturalist.org/observations/137852208,40.6498687,-73.99333,Philonix fulvicollis,Quercus alba,,,,,,,,,,,,,,,,,,,,,,,,,,,,,,,,,,,,
137852202,10/6/22,20400,https://www.inaturalist.org/observations/137852202,40.6493984,-73.99108,Phylloteras poculum,Quercus alba,,,,,,,,,,,,,,,,,,,,,,,,,,,,,,,,,,,,
136205185,9/23/22,20400,https://www.inaturalist.org/observations/136205185,40.6518072,-73.992942,Andricus quercusstrobilanus,Quercus bicolor,,,,,,,,,,,,,,,,,,,,,,,,,,,,,,,,,,,,
136205186,9/23/22,20400,https://www.inaturalist.org/observations/136205186,40.6518141,-73.993112,Andricus quercusstrobilanus,Quercus bicolor,,,,,,,,,,,,,,,,,,,,,,,,,,,,,,,,,,,,
136205183,9/23/22,20400,https://www.inaturalist.org/observations/136205183,40.6545754,-73.995156,Druon ignotum,Quercus bicolor,,,,,,,,,,,,,,,,,,,,,,,,,,,,,,,,,,,,
136031619,9/22/22,6029167,https://www.inaturalist.org/observations/136031619,40.6565283,-73.92707,Disholcaspis quercusmamma,Quercus bicolor,,,,,,,,,,,,,,,,,,,,,,,,,,,,,,,,,,,,
136066257,9/21/22,20400,https://www.inaturalist.org/observations/136066257,40.6540873,-73.99459,Andricus quercusstrobilanus,Quercus bicolor,,,,,,,,,,,,,,,,,,,,,,,,,,,,,,,,,,,,
136066260,9/21/22,20400,https://www.inaturalist.org/observations/136066260,40.6540922,-73.994576,Andricus quercusstrobilanus,Quercus bicolor,,,,,,,,,,,,,,,,,,,,,,,,,,,,,,,,,,,,
136066261,9/21/22,20400,https://www.inaturalist.org/observations/136066261,40.6540902,-73.994574,Andricus quercusstrobilanus,Quercus bicolor,,,,,,,,,,,,,,,,,,,,,,,,,,,,,,,,,,,,
136066265,9/21/22,20400,https://www.inaturalist.org/observations/136066265,40.6540902,-73.994576,Andricus quercusstrobilanus,Quercus bicolor,,,,,,,,,,,,,,,,,,,,,,,,,,,,,,,,,,,,
135955845,9/21/22,20400,https://www.inaturalist.org/observations/135955845,40.6544062,-73.994523,Callirhytis balanacea,Quercus palustris,,,,,,,,,,,,,,,,,,,,,,,,,,,,,,,,,,,,
135897766,9/20/22,20400,https://www.inaturalist.org/observations/135897766,40.6517571,-73.993157,Andricus quercusstrobilanus,Quercus bicolor,,,,,,,,,,,,,,,,,,,,,,,,,,,,,,,,,,,,
135897767,9/20/22,20400,https://www.inaturalist.org/observations/135897767,40.651761,-73.993163,Andricus quercusstrobilanus,Quercus bicolor,,,,,,,,,,,,,,,,,,,,,,,,,,,,,,,,,,,,
135897768,9/20/22,20400,https://www.inaturalist.org/observations/135897768,40.6517609,-73.993162,Andricus quercusstrobilanus,Quercus bicolor,,,,,,,,,,,,,,,,,,,,,,,,,,,,,,,,,,,,
135897770,9/20/22,20400,https://www.inaturalist.org/observations/135897770,40.6517598,-73.993159,Andricus quercusstrobilanus,Quercus bicolor,,,,,,,,,,,,,,,,,,,,,,,,,,,,,,,,,,,,
135818454,9/20/22,6029167,https://www.inaturalist.org/observations/135818454,40.6539063,-73.924933,Disholcaspis quercusmamma,Quercus bicolor,,,,,,,,,,,,,,,,,,,,,,,,,,,,,,,,,,,,
135896847,9/20/22,20400,https://www.inaturalist.org/observations/135896847,40.6517616,-73.993164,Disholcaspis quercusmamma,Quercus bicolor,,,,,,,,,,,,,,,,,,,,,,,,,,,,,,,,,,,,
135898853,9/20/22,20400,https://www.inaturalist.org/observations/135898853,40.6517588,-73.993161,Disholcaspis quercusmamma,Quercus bicolor,,,,,,,,,,,,,,,,,,,,,,,,,,,,,,,,,,,,
136033515,9/20/22,20400,https://www.inaturalist.org/observations/136033515,40.6517601,-73.993159,Disholcaspis quercusmamma,Quercus bicolor,,,,,,,,,,,,,,,,,,,,,,,,,,,,,,,,,,,,
136034235,9/20/22,20400,https://www.inaturalist.org/observations/136034235,40.6517584,-73.993163,Disholcaspis quercusmamma,Quercus bicolor,,,,,,,,,,,,,,,,,,,,,,,,,,,,,,,,,,,,
135246928,9/16/22,1788784,https://www.inaturalist.org/observations/135246928,40.6568833,-73.987,Andricus quercusstrobilanus,Quercus,,,,,,,,,,,,,,,,,,,,,,,,,,,,,,,,,,,,
134842674,9/12/22,20400,https://www.inaturalist.org/observations/134842674,40.6560761,-73.996663,Acraspis erinacei,Quercus alba,,,,,,,,,,,,,,,,,,,,,,,,,,,,,,,,,,,,
134842670,9/12/22,20400,https://www.inaturalist.org/observations/134842670,40.6560909,-73.996674,Andricus dimorphus,Quercus alba,,,,,,,,,,,,,,,,,,,,,,,,,,,,,,,,,,,,
134842676,9/12/22,20400,https://www.inaturalist.org/observations/134842676,40.6560903,-73.996668,Disholcaspis quercusglobulus,Quercus alba,,,,,,,,,,,,,,,,,,,,,,,,,,,,,,,,,,,,
134842675,9/12/22,20400,https://www.inaturalist.org/observations/134842675,40.6560801,-73.996661,Philonix fulvicollis,Quercus alba,,,,,,,,,,,,,,,,,,,,,,,,,,,,,,,,,,,,
134842672,9/12/22,20400,https://www.inaturalist.org/observations/134842672,40.6560761,-73.996663,Phylloteras poculum,Quercus alba,,,,,,,,,,,,,,,,,,,,,,,,,,,,,,,,,,,,
134620270,9/11/22,6029167,https://www.inaturalist.org/observations/134620270,40.6558776,-73.921827,Callirhytis quercuscornigera,Quercus palustris,,,,,,,,,,,,,,,,,,,,,,,,,,,,,,,,,,,,
134463543,9/10/22,20400,https://www.inaturalist.org/observations/134463543,40.6526662,-73.999322,Philonix fulvicollis,Quercus alba,,,,,,,,,,,,,,,,,,,,,,,,,,,,,,,,,,,,
134361626,9/9/22,20400,https://www.inaturalist.org/observations/134361626,40.6524846,-73.997631,Disholcaspis quercusglobulus,Quercus alba,,,,,,,,,,,,,,,,,,,,,,,,,,,,,,,,,,,,
134155821,9/7/22,20400,https://www.inaturalist.org/observations/134155821,40.6517553,-73.99316,Andricus nigricens,Quercus bicolor,,,,,,,,,,,,,,,,,,,,,,,,,,,,,,,,,,,,
134155823,9/7/22,20400,https://www.inaturalist.org/observations/134155823,40.6517597,-73.99316,Andricus nigricens,Quercus bicolor,,,,,,,,,,,,,,,,,,,,,,,,,,,,,,,,,,,,
134155826,9/7/22,20400,https://www.inaturalist.org/observations/134155826,40.6517947,-73.992926,Andricus quercusstrobilanus,Quercus bicolor,,,,,,,,,,,,,,,,,,,,,,,,,,,,,,,,,,,,
134153532,9/7/22,20400,https://www.inaturalist.org/observations/134153532,40.6545815,-73.996021,Callirhytis furva,Quercus palustris,,,,,,,,,,,,,,,,,,,,,,,,,,,,,,,,,,,,
134089865,9/7/22,20400,https://www.inaturalist.org/observations/134089865,40.6517933,-73.993149,Druon ignotum,Quercus bicolor,,,,,,,,,,,,,,,,,,,,,,,,,,,,,,,,,,,,
133630156,9/4/22,20400,https://www.inaturalist.org/observations/133630156,40.650187,-73.987991,Andricus capillatus,Quercus alba,,,,,,,,,,,,,,,,,,,,,,,,,,,,,,,,,,,,
133704785,9/4/22,20400,https://www.inaturalist.org/observations/133704785,40.6493997,-73.984466,Andricus incertus,Quercus bicolor,,,,,,,,,,,,,,,,,,,,,,,,,,,,,,,,,,,,
133704786,9/4/22,20400,https://www.inaturalist.org/observations/133704786,40.6493968,-73.984467,Andricus quercusfrondosus,Quercus bicolor,,,,,,,,,,,,,,,,,,,,,,,,,,,,,,,,,,,,
133704792,9/4/22,20400,https://www.inaturalist.org/observations/133704792,40.6501027,-73.986543,Andricus quercusfrondosus,Quercus bicolor,,,,,,,,,,,,,,,,,,,,,,,,,,,,,,,,,,,,
133707918,9/4/22,20400,https://www.inaturalist.org/observations/133707918,40.6517579,-73.993162,Andricus quercusstrobilanus,Quercus bicolor,,,,,,,,,,,,,,,,,,,,,,,,,,,,,,,,,,,,
133704789,9/4/22,20400,https://www.inaturalist.org/observations/133704789,40.649769,-73.986211,Callirhytis lanata,Quercus coccinea,,,,,,,,,,,,,,,,,,,,,,,,,,,,,,,,,,,,
133607615,9/4/22,6029167,https://www.inaturalist.org/observations/133607615,40.656975,-73.922975,Callirhytis quercuscornigera,,,,,,,,,,,,,,,,,,,,,,,,,,,,,,,,,,,,,
133704793,9/4/22,20400,https://www.inaturalist.org/observations/133704793,40.6501108,-73.986527,Disholcaspis quercusmamma,Quercus bicolor,,,,,,,,,,,,,,,,,,,,,,,,,,,,,,,,,,,,
133707926,9/4/22,20400,https://www.inaturalist.org/observations/133707926,40.6517674,-73.993158,Neuroterus floccosus,Quercus bicolor,,,,,,,,,,,,,,,,,,,,,,,,,,,,,,,,,,,,
133707929,9/4/22,20400,https://www.inaturalist.org/observations/133707929,40.6517743,-73.993166,Neuroterus umbilicatus,Quercus bicolor,,,,,,,,,,,,,,,,,,,,,,,,,,,,,,,,,,,,
133707911,9/4/22,20400,https://www.inaturalist.org/observations/133707911,40.6495858,-73.988811,Philonix fulvicollis,Quercus alba,,,,,,,,,,,,,,,,,,,,,,,,,,,,,,,,,,,,
132687580,8/28/22,20400,https://www.inaturalist.org/observations/132687580,40.6538106,-73.990734,Acraspis erinacei,Quercus alba,,,,,,,,,,,,,,,,,,,,,,,,,,,,,,,,,,,,
132687588,8/28/22,20400,https://www.inaturalist.org/observations/132687588,40.6538024,-73.989994,Callirhytis furva,Quercus palustris,,,,,,,,,,,,,,,,,,,,,,,,,,,,,,,,,,,,
132671902,8/28/22,20400,https://www.inaturalist.org/observations/132671902,40.6495103,-73.991201,Callirhytis glandulus,Quercus alba,,,,,,,,,,,,,,,,,,,,,,,,,,,,,,,,,,,,
132687579,8/28/22,20400,https://www.inaturalist.org/observations/132687579,40.6537423,-73.990782,Disholcaspis quercusglobulus,Quercus alba,,,,,,,,,,,,,,,,,,,,,,,,,,,,,,,,,,,,
129882781,8/7/22,20400,https://www.inaturalist.org/observations/129882781,40.6497644,-73.986205,Callirhytis lanata,Quercus coccinea,,,,,,,,,,,,,,,,,,,,,,,,,,,,,,,,,,,,
122368211,6/18/22,20400,https://www.inaturalist.org/observations/122368211,40.6477053,-73.984505,Neuroterus umbilicatus,Quercus bicolor,,,,,,,,,,,,,,,,,,,,,,,,,,,,,,,,,,,,
121669809,6/13/22,20400,https://www.inaturalist.org/observations/121669809,40.6560928,-73.996659,Acraspis erinacei,Quercus alba,,,,,,,,,,,,,,,,,,,,,,,,,,,,,,,,,,,,
121600495,6/12/22,5479482,https://www.inaturalist.org/observations/121600495,40.6596433,-73.989369,Disholcaspis quercusmamma,Quercus bicolor,,,,,,,,,,,,,,,,,,,,,,,,,,,,,,,,,,,,
119856600,6/1/22,20400,https://www.inaturalist.org/observations/119856600,40.6521273,-73.998562,Dryocosmus quercuspalustris,Quercus palustris,,,,,,,,,,,,,,,,,,,,,,,,,,,,,,,,,,,,
119856611,6/1/22,20400,https://www.inaturalist.org/observations/119856611,40.6538034,-73.997078,Melikaiella tumifica,Quercus coccinea,,,,,,,,,,,,,,,,,,,,,,,,,,,,,,,,,,,,
118795510,5/26/22,259163,https://www.inaturalist.org/observations/118795510,40.6625172,-73.966066,Callirhytis quercusfutilis,Quercus,,,,,,,,,,,,,,,,,,,,,,,,,,,,,,,,,,,,
117981665,5/20/22,20400,https://www.inaturalist.org/observations/117981665,40.6531769,-73.993208,Dryocosmus quercuspalustris,Quercus rubra,,,,,,,,,,,,,,,,,,,,,,,,,,,,,,,,,,,,
117531972,5/17/22,20400,https://www.inaturalist.org/observations/117531972,40.6546119,-73.995997,Callirhytis favosa,Quercus palustris,,,,,,,,,,,,,,,,,,,,,,,,,,,,,,,,,,,,
117531966,5/17/22,20400,https://www.inaturalist.org/observations/117531966,40.6546165,-73.995998,Dryocosmus quercusnotha,Quercus palustris,,,,,,,,,,,,,,,,,,,,,,,,,,,,,,,,,,,,
117289723,5/15/22,20400,https://www.inaturalist.org/observations/117289723,40.6556288,-73.998618,Melikaiella tumifica,Quercus coccinea,,,,,,,,,,,,,,,,,,,,,,,,,,,,,,,,,,,,
116993659,5/14/22,20400,https://www.inaturalist.org/observations/116993659,40.6554509,-73.999388,Dryocosmus quercuspalustris,Quercus imbricaria,,,,,,,,,,,,,,,,,,,,,,,,,,,,,,,,,,,,
117030754,5/14/22,20400,https://www.inaturalist.org/observations/117030754,40.6568772,-73.991765,Melikaiella ostensackeni,Quercus rubra,,,,,,,,,,,,,,,,,,,,,,,,,,,,,,,,,,,,
117030755,5/14/22,20400,https://www.inaturalist.org/observations/117030755,40.6570522,-73.99162,Melikaiella tumifica,Quercus rubra,,,,,,,,,,,,,,,,,,,,,,,,,,,,,,,,,,,,
116857344,5/13/22,20400,https://www.inaturalist.org/observations/116857344,40.6504642,-73.993725,Dryocosmus quercusnotha,Quercus palustris,,,,,,,,,,,,,,,,,,,,,,,,,,,,,,,,,,,,
116762404,5/12/22,20400,https://www.inaturalist.org/observations/116762404,40.651897,-73.998384,Dryocosmus quercuslaurifoliae,Quercus phellos,,,,,,,,,,,,,,,,,,,,,,,,,,,,,,,,,,,,
116770276,5/12/22,20400,https://www.inaturalist.org/observations/116770276,40.6542163,-73.995355,Dryocosmus quercuspalustris,Quercus palustris,,,,,,,,,,,,,,,,,,,,,,,,,,,,,,,,,,,,
116608401,5/11/22,20400,https://www.inaturalist.org/observations/116608401,40.652475,-73.997631,Andricus pisiformis,Quercus alba,,,,,,,,,,,,,,,,,,,,,,,,,,,,,,,,,,,,
116611737,5/11/22,20400,https://www.inaturalist.org/observations/116611737,40.6493971,-73.985665,Andricus quercuspetiolicola,Quercus bicolor,,,,,,,,,,,,,,,,,,,,,,,,,,,,,,,,,,,,
116612890,5/11/22,20400,https://www.inaturalist.org/observations/116612890,40.6517605,-73.993153,Disholcaspis quercusmamma,Quercus bicolor,,,,,,,,,,,,,,,,,,,,,,,,,,,,,,,,,,,,
116611730,5/11/22,20400,https://www.inaturalist.org/observations/116611730,40.6496789,-73.985023,Dryocosmus quercuspalustris,Quercus texana,,,,,,,,,,,,,,,,,,,,,,,,,,,,,,,,,,,,
116609069,5/11/22,20400,https://www.inaturalist.org/observations/116609069,40.6497939,-73.986224,Melikaiella tumifica,Quercus coccinea,,,,,,,,,,,,,,,,,,,,,,,,,,,,,,,,,,,,
116321792,5/9/22,20400,https://www.inaturalist.org/observations/116321792,40.6549387,-73.987169,Dryocosmus quercuspalustris,Quercus shumardii,,,,,,,,,,,,,,,,,,,,,,,,,,,,,,,,,,,,
116324758,5/9/22,20400,https://www.inaturalist.org/observations/116324758,40.6549031,-73.987166,Dryocosmus quercuspalustris,Quercus shumardii,,,,,,,,,,,,,,,,,,,,,,,,,,,,,,,,,,,,
116326505,5/9/22,20400,https://www.inaturalist.org/observations/116326505,40.6535925,-73.999903,Dryocosmus quercuspalustris,Quercus palustris,,,,,,,,,,,,,,,,,,,,,,,,,,,,,,,,,,,,
115605906,5/5/22,20400,https://www.inaturalist.org/observations/115605906,40.6519012,-73.998357,Dryocosmus quercuslaurifoliae,Quercus phellos,,,,,,,,,,,,,,,,,,,,,,,,,,,,,,,,,,,,
115218694,5/3/22,20400,https://www.inaturalist.org/observations/115218694,40.6535709,-74.000103,Dryocosmus quercuspalustris,Quercus palustris,,,,,,,,,,,,,,,,,,,,,,,,,,,,,,,,,,,,
114768683,5/2/22,20400,https://www.inaturalist.org/observations/114768683,40.6579714,-73.993084,Dryocosmus quercuspalustris,Quercus texana,,,,,,,,,,,,,,,,,,,,,,,,,,,,,,,,,,,,
114250542,5/1/22,5609527,https://www.inaturalist.org/observations/114250542,40.654559,-73.999219,Callirhytis quercuscornigera,Quercus palustris,,,,,,,,,,,,,,,,,,,,,,,,,,,,,,,,,,,,
110193022,4/2/22,20485,https://www.inaturalist.org/observations/110193022,40.6633961,-73.966218,Callirhytis favosa,,,,,,,,,,,,,,,,,,,,,,,,,,,,,,,,,,,,,
109077505,3/20/22,20400,https://www.inaturalist.org/observations/109077505,40.649718,-73.985805,Andricus quercusfrondosus,Quercus alba,,,,,,,,,,,,,,,,,,,,,,,,,,,,,,,,,,,,
108389995,3/11/22,20400,https://www.inaturalist.org/observations/108389995,40.6530096,-73.997646,Callirhytis quercuscornigera,Quercus,,,,,,,,,,,,,,,,,,,,,,,,,,,,,,,,,,,,
108408709,3/10/22,916046,https://www.inaturalist.org/observations/108408709,40.6243355,-73.904161,Disholcaspis quercusmamma,N/A,,,,,,,,,,,,,,,,,,,,,,,,,,,,,,,,,,,,
107695075,2/28/22,210221,https://www.inaturalist.org/observations/107695075,40.70183,-73.9959,Andricus quercuspetiolicola,Quercus,,,,,,,,,,,,,,,,,,,,,,,,,,,,,,,,,,,,
105337391,1/21/22,4189901,https://www.inaturalist.org/observations/105337391,40.707275,-73.95037,Disholcaspis quercusmamma,N/A,,,,,,,,,,,,,,,,,,,,,,,,,,,,,,,,,,,,
104097376,12/30/21,20400,https://www.inaturalist.org/observations/104097376,40.6533357,-73.999075,Philonix fulvicollis,Quercus alba,,,,,,,,,,,,,,,,,,,,,,,,,,,,,,,,,,,,
102555325,12/5/21,20400,https://www.inaturalist.org/observations/102555325,40.6497533,-73.988605,Callirhytis quercuscornigera,Quercus palustris,,,,,,,,,,,,,,,,,,,,,,,,,,,,,,,,,,,,
101648465,11/21/21,20400,https://www.inaturalist.org/observations/101648465,40.6477657,-73.984479,Andricus quercusstrobilanus,Quercus bicolor,,,,,,,,,,,,,,,,,,,,,,,,,,,,,,,,,,,,
101648467,11/21/21,20400,https://www.inaturalist.org/observations/101648467,40.6477637,-73.984477,Disholcaspis quercusmamma,Quercus bicolor,,,,,,,,,,,,,,,,,,,,,,,,,,,,,,,,,,,,
99248710,10/24/21,4228228,https://www.inaturalist.org/observations/99248710,40.6561434,-73.996663,Acraspis erinacei,Quercus alba,,,,,,,,,,,,,,,,,,,,,,,,,,,,,,,,,,,,
99221540,10/22/21,20400,https://www.inaturalist.org/observations/99221540,40.6560806,-73.996654,Phylloteras rubinum,Quercus alba,,,,,,,,,,,,,,,,,,,,,,,,,,,,,,,,,,,,
98512360,10/17/21,20400,https://www.inaturalist.org/observations/98512360,40.6491777,-73.983467,Amphibolips quercusostensackenii,Quercus rubra,,,,,,,,,,,,,,,,,,,,,,,,,,,,,,,,,,,,
98594428,10/15/21,20400,https://www.inaturalist.org/observations/98594428,40.6560845,-73.996658,Acraspis pezomachoides,Quercus alba,,,,,,,,,,,,,,,,,,,,,,,,,,,,,,,,,,,,
98594426,10/15/21,20400,https://www.inaturalist.org/observations/98594426,40.6556301,-73.998616,Callirhytis favosa,Quercus coccinea,,,,,,,,,,,,,,,,,,,,,,,,,,,,,,,,,,,,
98594429,10/15/21,20400,https://www.inaturalist.org/observations/98594429,40.6560821,-73.996655,Phylloteras rubinum,Quercus alba,,,,,,,,,,,,,,,,,,,,,,,,,,,,,,,,,,,,
98230048,10/14/21,20400,https://www.inaturalist.org/observations/98230048,40.6520773,-73.998444,Druon ignotum,Quercus bicolor,,,,,,,,,,,,,,,,,,,,,,,,,,,,,,,,,,,,
98230041,10/14/21,20400,https://www.inaturalist.org/observations/98230041,40.6518989,-73.998354,Zopheroteras guttatum,Quercus phellos,,,,,,,,,,,,,,,,,,,,,,,,,,,,,,,,,,,,
98043550,10/12/21,20400,https://www.inaturalist.org/observations/98043550,40.6524271,-73.987022,Callirhytis lanata,Quercus rubra,,,,,,,,,,,,,,,,,,,,,,,,,,,,,,,,,,,,
98043540,10/12/21,20400,https://www.inaturalist.org/observations/98043540,40.6523989,-73.987025,Kokkocynips rileyi,Quercus rubra,,,,,,,,,,,,,,,,,,,,,,,,,,,,,,,,,,,,
98043542,10/12/21,20400,https://www.inaturalist.org/observations/98043542,40.6523918,-73.987018,Kokkocynips rileyi,Quercus rubra,,,,,,,,,,,,,,,,,,,,,,,,,,,,,,,,,,,,
98043552,10/12/21,20400,https://www.inaturalist.org/observations/98043552,40.6531903,-73.993204,Melikaiella ostensackeni,Quercus rubra,,,,,,,,,,,,,,,,,,,,,,,,,,,,,,,,,,,,
98043537,10/12/21,20400,https://www.inaturalist.org/observations/98043537,40.6523827,-73.987028,Phylloteras rubinum,Quercus alba,,,,,,,,,,,,,,,,,,,,,,,,,,,,,,,,,,,,
98043536,10/12/21,20400,https://www.inaturalist.org/observations/98043536,40.6524426,-73.987024,Zopheroteras sphaerula,Quercus rubra,,,,,,,,,,,,,,,,,,,,,,,,,,,,,,,,,,,,
97676629,10/9/21,1051054,https://www.inaturalist.org/observations/97676629,40.6576883,-73.995238,Callirhytis furva,Quercus palustris,,,,,,,,,,,,,,,,,,,,,,,,,,,,,,,,,,,,
97786486,10/9/21,20400,https://www.inaturalist.org/observations/97786486,40.652257,-73.991058,Callirhytis quercusventricosa,Quercus velutina,,,,,,,,,,,,,,,,,,,,,,,,,,,,,,,,,,,,
97786487,10/9/21,20400,https://www.inaturalist.org/observations/97786487,40.6522568,-73.991059,Callirhytis quercusventricosa,Quercus velutina,,,,,,,,,,,,,,,,,,,,,,,,,,,,,,,,,,,,
97844210,10/9/21,20400,https://www.inaturalist.org/observations/97844210,40.6531831,-73.99321,Melikaiella ostensackeni,Quercus rubra,,,,,,,,,,,,,,,,,,,,,,,,,,,,,,,,,,,,
97508028,10/7/21,20400,https://www.inaturalist.org/observations/97508028,40.6496501,-73.985714,Acraspis erinacei,Quercus alba,,,,,,,,,,,,,,,,,,,,,,,,,,,,,,,,,,,,
97505797,10/7/21,20400,https://www.inaturalist.org/observations/97505797,40.6534792,-73.999332,Andricus dimorphus,Quercus michauxii,,,,,,,,,,,,,,,,,,,,,,,,,,,,,,,,,,,,
97508017,10/7/21,20400,https://www.inaturalist.org/observations/97508017,40.6494497,-73.98542,Andricus nigricens,Quercus bicolor,,,,,,,,,,,,,,,,,,,,,,,,,,,,,,,,,,,,
97508022,10/7/21,20400,https://www.inaturalist.org/observations/97508022,40.6494479,-73.985421,Andricus quercuspetiolicola,Quercus bicolor,,,,,,,,,,,,,,,,,,,,,,,,,,,,,,,,,,,,
97508030,10/7/21,20400,https://www.inaturalist.org/observations/97508030,40.6496513,-73.985706,Andricus quercuspetiolicola,Quercus alba,,,,,,,,,,,,,,,,,,,,,,,,,,,,,,,,,,,,
97506513,10/7/21,20400,https://www.inaturalist.org/observations/97506513,40.6493905,-73.985657,Andricus quercusstrobilanus,Quercus bicolor,,,,,,,,,,,,,,,,,,,,,,,,,,,,,,,,,,,,
97508427,10/7/21,20400,https://www.inaturalist.org/observations/97508427,40.6490701,-73.990796,Andricus quercusutriculus,Quercus alba,,,,,,,,,,,,,,,,,,,,,,,,,,,,,,,,,,,,
97534887,10/7/21,20400,https://www.inaturalist.org/observations/97534887,40.652209,-73.987028,Callirhytis lanata,Quercus rubra,,,,,,,,,,,,,,,,,,,,,,,,,,,,,,,,,,,,
97534891,10/7/21,20400,https://www.inaturalist.org/observations/97534891,40.6524008,-73.987025,Callirhytis lanata,Quercus rubra,,,,,,,,,,,,,,,,,,,,,,,,,,,,,,,,,,,,
97534892,10/7/21,20400,https://www.inaturalist.org/observations/97534892,40.6550042,-73.987575,Callirhytis lanata,Quercus shumardii,,,,,,,,,,,,,,,,,,,,,,,,,,,,,,,,,,,,
97506509,10/7/21,20400,https://www.inaturalist.org/observations/97506509,40.6526728,-73.997552,Disholcaspis quercusglobulus,Quercus alba,,,,,,,,,,,,,,,,,,,,,,,,,,,,,,,,,,,,
97508023,10/7/21,20400,https://www.inaturalist.org/observations/97508023,40.6496413,-73.985699,Disholcaspis quercusglobulus,Quercus alba,,,,,,,,,,,,,,,,,,,,,,,,,,,,,,,,,,,,
97534889,10/7/21,20400,https://www.inaturalist.org/observations/97534889,40.6523389,-73.986999,Melikaiella tumifica,Quercus rubra,,,,,,,,,,,,,,,,,,,,,,,,,,,,,,,,,,,,
97508027,10/7/21,20400,https://www.inaturalist.org/observations/97508027,40.6496455,-73.98572,Philonix fulvicollis,Quercus alba,,,,,,,,,,,,,,,,,,,,,,,,,,,,,,,,,,,,
97288671,10/5/21,20400,https://www.inaturalist.org/observations/97288671,40.6494162,-73.991112,Andricus weldi,Quercus alba,,,,,,,,,,,,,,,,,,,,,,,,,,,,,,,,,,,,
97284976,10/5/21,20400,https://www.inaturalist.org/observations/97284976,40.6497524,-73.986222,Callirhytis favosa,Quercus coccinea,,,,,,,,,,,,,,,,,,,,,,,,,,,,,,,,,,,,
97286550,10/5/21,20400,https://www.inaturalist.org/observations/97286550,40.6502127,-73.988309,Callirhytis furva,Quercus palustris,,,,,,,,,,,,,,,,,,,,,,,,,,,,,,,,,,,,
97284973,10/5/21,20400,https://www.inaturalist.org/observations/97284973,40.6497517,-73.98623,Callirhytis lanata,Quercus coccinea,,,,,,,,,,,,,,,,,,,,,,,,,,,,,,,,,,,,
97284972,10/5/21,20400,https://www.inaturalist.org/observations/97284972,40.6518829,-73.992154,Druon quercusflocci,Quercus alba,,,,,,,,,,,,,,,,,,,,,,,,,,,,,,,,,,,,
97286551,10/5/21,20400,https://www.inaturalist.org/observations/97286551,40.6502046,-73.9883,Dryocosmus quercusnotha,Quercus palustris,,,,,,,,,,,,,,,,,,,,,,,,,,,,,,,,,,,,
97284975,10/5/21,20400,https://www.inaturalist.org/observations/97284975,40.6497465,-73.986255,Kokkocynips rileyi,Quercus coccinea,,,,,,,,,,,,,,,,,,,,,,,,,,,,,,,,,,,,
97284971,10/5/21,20400,https://www.inaturalist.org/observations/97284971,40.6518821,-73.992158,Philonix fulvicollis,Quercus alba,,,,,,,,,,,,,,,,,,,,,,,,,,,,,,,,,,,,
97288672,10/5/21,20400,https://www.inaturalist.org/observations/97288672,40.6494134,-73.991113,Phylloteras poculum,Quercus alba,,,,,,,,,,,,,,,,,,,,,,,,,,,,,,,,,,,,
97295264,10/5/21,20400,https://www.inaturalist.org/observations/97295264,40.6518948,-73.992163,Phylloteras rubinum,Quercus alba,,,,,,,,,,,,,,,,,,,,,,,,,,,,,,,,,,,,
97286548,10/5/21,20400,https://www.inaturalist.org/observations/97286548,40.6502101,-73.988309,Zopheroteras guttatum,Quercus palustris,,,,,,,,,,,,,,,,,,,,,,,,,,,,,,,,,,,,
97163879,10/4/21,20400,https://www.inaturalist.org/observations/97163879,40.6498535,-73.993349,Acraspis erinacei,Quercus alba,,,,,,,,,,,,,,,,,,,,,,,,,,,,,,,,,,,,
97163873,10/4/21,20400,https://www.inaturalist.org/observations/97163873,40.6498621,-73.993285,Acraspis pezomachoides,Quercus alba,,,,,,,,,,,,,,,,,,,,,,,,,,,,,,,,,,,,
97158627,10/4/21,20400,https://www.inaturalist.org/observations/97158627,40.649897,-73.993335,Andricus dimorphus,Quercus alba,,,,,,,,,,,,,,,,,,,,,,,,,,,,,,,,,,,,
97159296,10/4/21,20400,https://www.inaturalist.org/observations/97159296,40.6498843,-73.99331,Disholcaspis quercusglobulus,Quercus alba,,,,,,,,,,,,,,,,,,,,,,,,,,,,,,,,,,,,
97166017,10/4/21,20400,https://www.inaturalist.org/observations/97166017,40.6522057,-74.004046,Druon ignotum,Quercus bicolor,,,,,,,,,,,,,,,,,,,,,,,,,,,,,,,,,,,,
97165246,10/4/21,20400,https://www.inaturalist.org/observations/97165246,40.6521146,-73.998544,Dryocosmus quercusnotha,Quercus palustris,,,,,,,,,,,,,,,,,,,,,,,,,,,,,,,,,,,,
97158010,10/4/21,20400,https://www.inaturalist.org/observations/97158010,40.6498948,-73.993316,Philonix fulvicollis,Quercus alba,,,,,,,,,,,,,,,,,,,,,,,,,,,,,,,,,,,,
97158173,10/4/21,20400,https://www.inaturalist.org/observations/97158173,40.6499181,-73.993314,Phylloteras poculum,Quercus alba,,,,,,,,,,,,,,,,,,,,,,,,,,,,,,,,,,,,
97066131,10/3/21,20400,https://www.inaturalist.org/observations/97066131,40.6540857,-73.994555,Andricus incertus,Quercus bicolor,,,,,,,,,,,,,,,,,,,,,,,,,,,,,,,,,,,,
97008711,10/3/21,20400,https://www.inaturalist.org/observations/97008711,40.6509335,-74.003219,Andricus quercusfrondosus,Quercus bicolor,,,,,,,,,,,,,,,,,,,,,,,,,,,,,,,,,,,,
97066137,10/3/21,20400,https://www.inaturalist.org/observations/97066137,40.6540877,-73.994559,Andricus quercusfrondosus,Quercus bicolor,,,,,,,,,,,,,,,,,,,,,,,,,,,,,,,,,,,,
97066130,10/3/21,20400,https://www.inaturalist.org/observations/97066130,40.6540866,-73.994551,Andricus quercusstrobilanus,Quercus bicolor,,,,,,,,,,,,,,,,,,,,,,,,,,,,,,,,,,,,
97066959,10/3/21,20400,https://www.inaturalist.org/observations/97066959,40.6518186,-73.993105,Andricus quercusstrobilanus,Quercus bicolor,,,,,,,,,,,,,,,,,,,,,,,,,,,,,,,,,,,,
97066960,10/3/21,20400,https://www.inaturalist.org/observations/97066960,40.6518173,-73.993104,Andricus quercusstrobilanus,Quercus bicolor,,,,,,,,,,,,,,,,,,,,,,,,,,,,,,,,,,,,
97066961,10/3/21,20400,https://www.inaturalist.org/observations/97066961,40.6518167,-73.993101,Andricus quercusstrobilanus,Quercus bicolor,,,,,,,,,,,,,,,,,,,,,,,,,,,,,,,,,,,,
97057898,10/3/21,20400,https://www.inaturalist.org/observations/97057898,40.6631878,-73.995414,Callirhytis quercuscornigera,Quercus palustris,,,,,,,,,,,,,,,,,,,,,,,,,,,,,,,,,,,,
97070746,10/3/21,20400,https://www.inaturalist.org/observations/97070746,40.6524672,-73.997588,Disholcaspis quercusglobulus,Quercus alba,,,,,,,,,,,,,,,,,,,,,,,,,,,,,,,,,,,,
97008468,10/3/21,20400,https://www.inaturalist.org/observations/97008468,40.6517387,-74.003643,Disholcaspis quercusmamma,Quercus bicolor,,,,,,,,,,,,,,,,,,,,,,,,,,,,,,,,,,,,
97066136,10/3/21,20400,https://www.inaturalist.org/observations/97066136,40.6540877,-73.994558,Disholcaspis quercusmamma,Quercus bicolor,,,,,,,,,,,,,,,,,,,,,,,,,,,,,,,,,,,,
97067769,10/3/21,20400,https://www.inaturalist.org/observations/97067769,40.6517591,-73.99315,Disholcaspis quercusmamma,Quercus bicolor,,,,,,,,,,,,,,,,,,,,,,,,,,,,,,,,,,,,
97066133,10/3/21,20400,https://www.inaturalist.org/observations/97066133,40.6540857,-73.994555,Druon ignotum,Quercus bicolor,,,,,,,,,,,,,,,,,,,,,,,,,,,,,,,,,,,,
97061021,10/3/21,20400,https://www.inaturalist.org/observations/97061021,40.6579393,-73.993078,Dryocosmus quercusnotha,Quercus texana,,,,,,,,,,,,,,,,,,,,,,,,,,,,,,,,,,,,
97074505,10/3/21,20400,https://www.inaturalist.org/observations/97074505,40.6524674,-73.997604,Neuroterus tantulus,Quercus alba,,,,,,,,,,,,,,,,,,,,,,,,,,,,,,,,,,,,
97070741,10/3/21,20400,https://www.inaturalist.org/observations/97070741,40.6524784,-73.997601,Philonix fulvicollis,Quercus alba,,,,,,,,,,,,,,,,,,,,,,,,,,,,,,,,,,,,
97070740,10/3/21,20400,https://www.inaturalist.org/observations/97070740,40.6524774,-73.997603,Phylloteras poculum,Quercus alba,,,,,,,,,,,,,,,,,,,,,,,,,,,,,,,,,,,,
97064284,10/3/21,20400,https://www.inaturalist.org/observations/97064284,40.6561853,-73.994119,Zopheroteras guttatum,Quercus phellos,,,,,,,,,,,,,,,,,,,,,,,,,,,,,,,,,,,,
96834045,10/1/21,1411016,https://www.inaturalist.org/observations/96834045,40.6560467,-73.996733,Acraspis erinacei,Quercus alba,,,,,,,,,,,,,,,,,,,,,,,,,,,,,,,,,,,,
96834211,10/1/21,1411016,https://www.inaturalist.org/observations/96834211,40.6560383,-73.996712,Acraspis erinacei,Quercus alba,,,,,,,,,,,,,,,,,,,,,,,,,,,,,,,,,,,,
96316667,9/26/21,3564162,https://www.inaturalist.org/observations/96316667,40.6519417,-73.991291,Andricus quercuspetiolicola,Quercus bicolor,,,,,,,,,,,,,,,,,,,,,,,,,,,,,,,,,,,,
96009360,9/24/21,981042,https://www.inaturalist.org/observations/96009360,40.700805,-73.996658,Druon ignotum,Quercus bicolor,,,,,,,,,,,,,,,,,,,,,,,,,,,,,,,,,,,,
96003641,9/24/21,20400,https://www.inaturalist.org/observations/96003641,40.6538111,-73.997061,Kokkocynips rileyi,Quercus coccinea,,,,,,,,,,,,,,,,,,,,,,,,,,,,,,,,,,,,
94989829,9/15/21,20400,https://www.inaturalist.org/observations/94989829,40.6527516,-73.995724,Melikaiella tumifica,Quercus rubra,,,,,,,,,,,,,,,,,,,,,,,,,,,,,,,,,,,,
94946313,9/14/21,20400,https://www.inaturalist.org/observations/94946313,40.6496284,-73.985705,Acraspis erinacei,Quercus alba,,,,,,,,,,,,,,,,,,,,,,,,,,,,,,,,,,,,
94860269,9/14/21,20400,https://www.inaturalist.org/observations/94860269,40.6497146,-73.985778,Acraspis pezomachoides,Quercus alba,,,,,,,,,,,,,,,,,,,,,,,,,,,,,,,,,,,,
94946319,9/14/21,20400,https://www.inaturalist.org/observations/94946319,40.6474942,-73.985555,Andricus incertus,Quercus bicolor,,,,,,,,,,,,,,,,,,,,,,,,,,,,,,,,,,,,
94946315,9/14/21,20400,https://www.inaturalist.org/observations/94946315,40.6496508,-73.985699,Andricus quercusfrondosus,Quercus alba,,,,,,,,,,,,,,,,,,,,,,,,,,,,,,,,,,,,
94946312,9/14/21,20400,https://www.inaturalist.org/observations/94946312,40.6497011,-73.985748,Andricus quercuspetiolicola,Quercus alba,,,,,,,,,,,,,,,,,,,,,,,,,,,,,,,,,,,,
94946318,9/14/21,20400,https://www.inaturalist.org/observations/94946318,40.6474409,-73.98564,Andricus quercuspetiolicola,Quercus bicolor,,,,,,,,,,,,,,,,,,,,,,,,,,,,,,,,,,,,
94946317,9/14/21,20400,https://www.inaturalist.org/observations/94946317,40.6493918,-73.985664,Andricus quercusstrobilanus,Quercus bicolor,,,,,,,,,,,,,,,,,,,,,,,,,,,,,,,,,,,,
94952728,9/14/21,20400,https://www.inaturalist.org/observations/94952728,40.6497176,-73.985697,Philonix fulvicollis,Quercus alba,,,,,,,,,,,,,,,,,,,,,,,,,,,,,,,,,,,,
94630876,9/12/21,20400,https://www.inaturalist.org/observations/94630876,40.6518208,-73.9931,Andricus quercusstrobilanus,Quercus bicolor,,,,,,,,,,,,,,,,,,,,,,,,,,,,,,,,,,,,
94599237,9/12/21,20400,https://www.inaturalist.org/observations/94599237,40.6579786,-73.993063,Callirhytis furva,Quercus texana,,,,,,,,,,,,,,,,,,,,,,,,,,,,,,,,,,,,
94597750,9/12/21,20400,https://www.inaturalist.org/observations/94597750,40.6579947,-73.993086,Zopheroteras guttatum,Quercus texana,,,,,,,,,,,,,,,,,,,,,,,,,,,,,,,,,,,,
94200026,9/8/21,20400,https://www.inaturalist.org/observations/94200026,40.6494439,-73.991154,Philonix fulvicollis,Quercus alba,,,,,,,,,,,,,,,,,,,,,,,,,,,,,,,,,,,,
93405614,9/2/21,20400,https://www.inaturalist.org/observations/93405614,40.6518128,-73.993094,Andricus quercusstrobilanus,Quercus bicolor,,,,,,,,,,,,,,,,,,,,,,,,,,,,,,,,,,,,
93405624,9/2/21,20400,https://www.inaturalist.org/observations/93405624,40.6538284,-73.994195,Druon ignotum,Quercus bicolor,,,,,,,,,,,,,,,,,,,,,,,,,,,,,,,,,,,,
93037362,8/24/21,3262779,https://www.inaturalist.org/observations/93037362,40.6499533,-73.993303,Phylloteras poculum,Quercus alba,,,,,,,,,,,,,,,,,,,,,,,,,,,,,,,,,,,,
91728196,8/18/21,20400,https://www.inaturalist.org/observations/91728196,40.651759,-73.993152,Andricus nigricens,Quercus bicolor,,,,,,,,,,,,,,,,,,,,,,,,,,,,,,,,,,,,
91734489,8/18/21,20400,https://www.inaturalist.org/observations/91734489,40.6517778,-73.993162,Disholcaspis quercusmamma,Quercus bicolor,,,,,,,,,,,,,,,,,,,,,,,,,,,,,,,,,,,,
91619550,8/17/21,20400,https://www.inaturalist.org/observations/91619550,40.6520843,-73.99844,Andricus nigricens,Quercus bicolor,,,,,,,,,,,,,,,,,,,,,,,,,,,,,,,,,,,,
91586196,8/17/21,20400,https://www.inaturalist.org/observations/91586196,40.6521154,-73.998539,Dryocosmus quercusnotha,Quercus palustris,,,,,,,,,,,,,,,,,,,,,,,,,,,,,,,,,,,,
90268830,8/7/21,899675,https://www.inaturalist.org/observations/90268830,40.7005075,-73.993995,Callirhytis furva,Quercus,,,,,,,,,,,,,,,,,,,,,,,,,,,,,,,,,,,,
90168044,8/5/21,20400,https://www.inaturalist.org/observations/90168044,40.6534108,-73.999223,Andricus dimorphus,Quercus montana,,,,,,,,,,,,,,,,,,,,,,,,,,,,,,,,,,,,
90777177,8/5/21,20400,https://www.inaturalist.org/observations/90777177,40.6560767,-73.996659,Phylloteras poculum,Quercus alba,,,,,,,,,,,,,,,,,,,,,,,,,,,,,,,,,,,,
89630231,8/1/21,571654,https://www.inaturalist.org/observations/89630231,40.65607,-73.996688,Acraspis erinacei,Quercus alba,,,,,,,,,,,,,,,,,,,,,,,,,,,,,,,,,,,,
89634288,8/1/21,571654,https://www.inaturalist.org/observations/89634288,40.6560867,-73.996628,Phylloteras poculum,Quercus alba,,,,,,,,,,,,,,,,,,,,,,,,,,,,,,,,,,,,
89261920,7/30/21,259163,https://www.inaturalist.org/observations/89261920,40.6695061,-73.970061,Acraspis pezomachoides,Quercus alba,,,,,,,,,,,,,,,,,,,,,,,,,,,,,,,,,,,,
89261914,7/30/21,259163,https://www.inaturalist.org/observations/89261914,40.6695061,-73.970061,Andricus dimorphus,Quercus alba,,,,,,,,,,,,,,,,,,,,,,,,,,,,,,,,,,,,
89261923,7/30/21,259163,https://www.inaturalist.org/observations/89261923,40.6695061,-73.970061,Phylloteras poculum,Quercus alba,,,,,,,,,,,,,,,,,,,,,,,,,,,,,,,,,,,,
88596832,7/25/21,20400,https://www.inaturalist.org/observations/88596832,40.6520716,-73.998439,Andricus incertus,Quercus bicolor,,,,,,,,,,,,,,,,,,,,,,,,,,,,,,,,,,,,
88581252,7/25/21,20400,https://www.inaturalist.org/observations/88581252,40.6527001,-73.999284,Philonix fulvicollis,Quercus alba,,,,,,,,,,,,,,,,,,,,,,,,,,,,,,,,,,,,
88524280,7/24/21,20400,https://www.inaturalist.org/observations/88524280,40.6717489,-73.969421,Andricus dimorphus,Quercus alba,,,,,,,,,,,,,,,,,,,,,,,,,,,,,,,,,,,,
88524275,7/24/21,20400,https://www.inaturalist.org/observations/88524275,40.6683391,-73.971592,Callirhytis furva,Quercus palustris,,,,,,,,,,,,,,,,,,,,,,,,,,,,,,,,,,,,
88524268,7/24/21,20400,https://www.inaturalist.org/observations/88524268,40.6658715,-73.971682,Callirhytis quercusfutilis,Quercus alba,,,,,,,,,,,,,,,,,,,,,,,,,,,,,,,,,,,,
88524279,7/24/21,20400,https://www.inaturalist.org/observations/88524279,40.6717471,-73.969418,Phylloteras poculum,Quercus alba,,,,,,,,,,,,,,,,,,,,,,,,,,,,,,,,,,,,
88288763,7/23/21,20400,https://www.inaturalist.org/observations/88288763,40.6718762,-73.96919,Philonix fulvicollis,Quercus alba,,,,,,,,,,,,,,,,,,,,,,,,,,,,,,,,,,,,
87654002,7/18/21,20400,https://www.inaturalist.org/observations/87654002,40.6523013,-73.992537,Andricus nigricens,Quercus bicolor,,,,,,,,,,,,,,,,,,,,,,,,,,,,,,,,,,,,
87450886,7/17/21,20400,https://www.inaturalist.org/observations/87450886,40.6517587,-73.993148,Andricus incertus,Quercus bicolor,,,,,,,,,,,,,,,,,,,,,,,,,,,,,,,,,,,,
87450888,7/17/21,20400,https://www.inaturalist.org/observations/87450888,40.6522603,-73.99291,Andricus quercuspetiolicola,Quercus bicolor,,,,,,,,,,,,,,,,,,,,,,,,,,,,,,,,,,,,
87433635,7/17/21,20400,https://www.inaturalist.org/observations/87433635,40.6519069,-73.992141,Phylloteras poculum,Quercus alba,,,,,,,,,,,,,,,,,,,,,,,,,,,,,,,,,,,,
87548845,7/14/21,210221,https://www.inaturalist.org/observations/87548845,40.694086,-73.999536,Andricus quercuspetiolicola,Quercus,,,,,,,,,,,,,,,,,,,,,,,,,,,,,,,,,,,,
86464482,7/10/21,20400,https://www.inaturalist.org/observations/86464482,40.6496321,-73.990981,Andricus chinquapin,Quercus alba,,,,,,,,,,,,,,,,,,,,,,,,,,,,,,,,,,,,
86543809,7/10/21,20400,https://www.inaturalist.org/observations/86543809,40.6530429,-73.999663,Philonix fulvicollis,Quercus alba,,,,,,,,,,,,,,,,,,,,,,,,,,,,,,,,,,,,
86555756,7/10/21,20400,https://www.inaturalist.org/observations/86555756,40.6498772,-73.993271,Philonix fulvicollis,Quercus alba,,,,,,,,,,,,,,,,,,,,,,,,,,,,,,,,,,,,
86542445,7/10/21,20400,https://www.inaturalist.org/observations/86542445,40.6498093,-73.990937,Phylloteras poculum,Quercus alba,,,,,,,,,,,,,,,,,,,,,,,,,,,,,,,,,,,,
86555758,7/10/21,20400,https://www.inaturalist.org/observations/86555758,40.649836,-73.993315,Phylloteras poculum,Quercus alba,,,,,,,,,,,,,,,,,,,,,,,,,,,,,,,,,,,,
85915602,7/6/21,823978,https://www.inaturalist.org/observations/85915602,40.656048,-73.996749,Acraspis erinacei,Quercus alba,,,,,,,,,,,,,,,,,,,,,,,,,,,,,,,,,,,,
85856368,7/5/21,20400,https://www.inaturalist.org/observations/85856368,40.651758,-73.993156,Neuroterus umbilicatus,Quercus bicolor,,,,,,,,,,,,,,,,,,,,,,,,,,,,,,,,,,,,
85811659,7/4/21,1411016,https://www.inaturalist.org/observations/85811659,40.656025,-73.996742,Acraspis erinacei,Quercus alba,,,,,,,,,,,,,,,,,,,,,,,,,,,,,,,,,,,,
85638381,7/4/21,20400,https://www.inaturalist.org/observations/85638381,40.6561215,-73.996658,Phylloteras poculum,Quercus alba,,,,,,,,,,,,,,,,,,,,,,,,,,,,,,,,,,,,
85527019,7/3/21,1932787,https://www.inaturalist.org/observations/85527019,40.6560589,-73.99682,Acraspis erinacei,Quercus alba,,,,,,,,,,,,,,,,,,,,,,,,,,,,,,,,,,,,
85240363,7/1/21,20400,https://www.inaturalist.org/observations/85240363,40.6503195,-74.00715,Callirhytis quercuscornigera,Quercus palustris,,,,,,,,,,,,,,,,,,,,,,,,,,,,,,,,,,,,
83566448,6/18/21,4604009,https://www.inaturalist.org/observations/83566448,40.6560583,-73.996672,Acraspis erinacei,Quercus alba,,,,,,,,,,,,,,,,,,,,,,,,,,,,,,,,,,,,
82998061,6/13/21,20400,https://www.inaturalist.org/observations/82998061,40.6560785,-73.996662,Acraspis erinacei,Quercus alba,,,,,,,,,,,,,,,,,,,,,,,,,,,,,,,,,,,,
83331328,6/11/21,1026216,https://www.inaturalist.org/observations/83331328,40.6845367,-73.939903,Callirhytis quercuscornigera,Quercus palustris,,,,,,,,,,,,,,,,,,,,,,,,,,,,,,,,,,,,
82317011,6/9/21,922272,https://www.inaturalist.org/observations/82317011,40.6560861,-73.996618,Acraspis erinacei,Quercus alba,,,,,,,,,,,,,,,,,,,,,,,,,,,,,,,,,,,,
82139920,6/5/21,20400,https://www.inaturalist.org/observations/82139920,40.656132,-73.996642,Acraspis erinacei,Quercus alba,,,,,,,,,,,,,,,,,,,,,,,,,,,,,,,,,,,,
81800988,6/5/21,751986,https://www.inaturalist.org/observations/81800988,40.68622,-73.991685,Callirhytis quercuscornigera,Quercus palustris,,,,,,,,,,,,,,,,,,,,,,,,,,,,,,,,,,,,
81546183,6/3/21,4189901,https://www.inaturalist.org/observations/81546183,40.7114033,-73.947913,Neuroterus quercusbatatus,Quercus bicolor,,,,,,,,,,,,,,,,,,,,,,,,,,,,,,,,,,,,
79045991,5/16/21,3200114,https://www.inaturalist.org/observations/79045991,40.6545783,-73.999292,Callirhytis quercuscornigera,Quercus palustris,,,,,,,,,,,,,,,,,,,,,,,,,,,,,,,,,,,,
78404276,5/11/21,852601,https://www.inaturalist.org/observations/78404276,40.656883,-73.987141,Andricus quercuspetiolicola,Quercus,,,,,,,,,,,,,,,,,,,,,,,,,,,,,,,,,,,,
78387916,5/11/21,20400,https://www.inaturalist.org/observations/78387916,40.6514088,-73.986529,Dryocosmus quercuslaurifoliae,Quercus phellos,,,,,,,,,,,,,,,,,,,,,,,,,,,,,,,,,,,,
78424284,5/11/21,3802514,https://www.inaturalist.org/observations/78424284,40.6603551,-73.97653,Dryocosmus quercuspalustris,Quercus,,,,,,,,,,,,,,,,,,,,,,,,,,,,,,,,,,,,
78262539,5/10/21,20400,https://www.inaturalist.org/observations/78262539,40.6546456,-73.999148,Callirhytis quercuscornigera,Quercus palustris,,,,,,,,,,,,,,,,,,,,,,,,,,,,,,,,,,,,
78278884,5/10/21,20400,https://www.inaturalist.org/observations/78278884,40.6545755,-73.99915,Callirhytis quercuscornigera,Quercus palustris,,,,,,,,,,,,,,,,,,,,,,,,,,,,,,,,,,,,
78178706,5/9/21,20400,https://www.inaturalist.org/observations/78178706,40.654076,-73.994544,Andricus quercusfrondosus,Quercus bicolor,,,,,,,,,,,,,,,,,,,,,,,,,,,,,,,,,,,,
78160089,5/9/21,20400,https://www.inaturalist.org/observations/78160089,40.6490703,-73.985981,Callirhytis quercusoperator,Quercus rubra,,,,,,,,,,,,,,,,,,,,,,,,,,,,,,,,,,,,
78140141,5/9/21,20400,https://www.inaturalist.org/observations/78140141,40.6490685,-73.985981,Melikaiella tumifica,Quercus rubra,,,,,,,,,,,,,,,,,,,,,,,,,,,,,,,,,,,,
77801798,5/7/21,20400,https://www.inaturalist.org/observations/77801798,40.6520856,-73.998441,Andricus chinquapin,Quercus bicolor,,,,,,,,,,,,,,,,,,,,,,,,,,,,,,,,,,,,
77801793,5/7/21,20400,https://www.inaturalist.org/observations/77801793,40.652079,-73.998438,Andricus quercuspetiolicola,Quercus bicolor,,,,,,,,,,,,,,,,,,,,,,,,,,,,,,,,,,,,
77818122,5/7/21,2736564,https://www.inaturalist.org/observations/77818122,40.672302,-73.96152,Callirhytis quercusoperator,Quercus rubra,,,,,,,,,,,,,,,,,,,,,,,,,,,,,,,,,,,,
77804904,5/7/21,20400,https://www.inaturalist.org/observations/77804904,40.65189,-73.998362,Dryocosmus quercuslaurifoliae,Quercus phellos,,,,,,,,,,,,,,,,,,,,,,,,,,,,,,,,,,,,
77685966,5/6/21,20400,https://www.inaturalist.org/observations/77685966,40.6519002,-73.998363,Dryocosmus quercuslaurifoliae,Quercus phellos,,,,,,,,,,,,,,,,,,,,,,,,,,,,,,,,,,,,
77685969,5/6/21,20400,https://www.inaturalist.org/observations/77685969,40.6518971,-73.998364,Dryocosmus quercuslaurifoliae,Quercus phellos,,,,,,,,,,,,,,,,,,,,,,,,,,,,,,,,,,,,
77688221,5/6/21,20400,https://www.inaturalist.org/observations/77688221,40.6549134,-73.987165,Dryocosmus quercuspalustris,Quercus shumardii,,,,,,,,,,,,,,,,,,,,,,,,,,,,,,,,,,,,
77343457,5/4/21,20400,https://www.inaturalist.org/observations/77343457,40.6525423,-73.997658,Andricus pisiformis,Quercus alba,,,,,,,,,,,,,,,,,,,,,,,,,,,,,,,,,,,,
77346830,5/4/21,20400,https://www.inaturalist.org/observations/77346830,40.6525034,-74.004528,Callirhytis quercuscornigera,Quercus palustris,,,,,,,,,,,,,,,,,,,,,,,,,,,,,,,,,,,,
77387986,5/4/21,3802514,https://www.inaturalist.org/observations/77387986,40.6605694,-73.967444,Callirhytis quercusoperator,Quercus rubra,,,,,,,,,,,,,,,,,,,,,,,,,,,,,,,,,,,,
77344358,5/4/21,20400,https://www.inaturalist.org/observations/77344358,40.6522989,-73.996396,Dryocosmus quercuspalustris,Quercus rubra,,,,,,,,,,,,,,,,,,,,,,,,,,,,,,,,,,,,
76320064,5/1/21,20400,https://www.inaturalist.org/observations/76320064,40.6482807,-73.984972,Andricus coronus,Quercus palustris,,,,,,,,,,,,,,,,,,,,,,,,,,,,,,,,,,,,
76117032,5/1/21,20400,https://www.inaturalist.org/observations/76117032,40.6498114,-73.985486,Andricus quercuspetiolicola,Quercus bicolor,,,,,,,,,,,,,,,,,,,,,,,,,,,,,,,,,,,,
76300003,5/1/21,259163,https://www.inaturalist.org/observations/76300003,40.65744,-73.966222,Callirhytis quercuscornigera,,,,,,,,,,,,,,,,,,,,,,,,,,,,,,,,,,,,,
76320068,5/1/21,20400,https://www.inaturalist.org/observations/76320068,40.649797,-73.986209,Callirhytis quercusoperator,Quercus coccinea,,,,,,,,,,,,,,,,,,,,,,,,,,,,,,,,,,,,
76320073,5/1/21,20400,https://www.inaturalist.org/observations/76320073,40.649745,-73.986197,Melikaiella tumifica,Quercus coccinea,,,,,,,,,,,,,,,,,,,,,,,,,,,,,,,,,,,,
75899425,4/30/21,20400,https://www.inaturalist.org/observations/75899425,40.6526341,-74.003198,Andricus quercusfrondosus,Quercus bicolor,,,,,,,,,,,,,,,,,,,,,,,,,,,,,,,,,,,,
75875159,4/30/21,765762,https://www.inaturalist.org/observations/75875159,40.6547087,-73.999429,Callirhytis quercuscornigera,Quercus palustris,,,,,,,,,,,,,,,,,,,,,,,,,,,,,,,,,,,,
75891766,4/30/21,20400,https://www.inaturalist.org/observations/75891766,40.6547232,-73.997516,Callirhytis quercuscornigera,Quercus palustris,,,,,,,,,,,,,,,,,,,,,,,,,,,,,,,,,,,,
75874372,4/30/21,765762,https://www.inaturalist.org/observations/75874372,40.6540804,-73.995506,Callirhytis quercusoperator,Quercus rubra,,,,,,,,,,,,,,,,,,,,,,,,,,,,,,,,,,,,
75891783,4/30/21,20400,https://www.inaturalist.org/observations/75891783,40.6548918,-73.99805,Dryocosmus quercuspalustris,Quercus palustris,,,,,,,,,,,,,,,,,,,,,,,,,,,,,,,,,,,,
75692960,4/29/21,20400,https://www.inaturalist.org/observations/75692960,40.6582076,-73.997313,Andricus quercuspetiolicola,Quercus bicolor,,,,,,,,,,,,,,,,,,,,,,,,,,,,,,,,,,,,
75694552,4/29/21,20400,https://www.inaturalist.org/observations/75694552,40.6521496,-73.996353,Callirhytis quercusoperator,Quercus rubra,,,,,,,,,,,,,,,,,,,,,,,,,,,,,,,,,,,,
75693884,4/29/21,20400,https://www.inaturalist.org/observations/75693884,40.6579501,-73.993084,Dryocosmus quercuspalustris,Quercus texana,,,,,,,,,,,,,,,,,,,,,,,,,,,,,,,,,,,,
75693887,4/29/21,20400,https://www.inaturalist.org/observations/75693887,40.6532002,-73.993207,Dryocosmus quercuspalustris,Quercus rubra,,,,,,,,,,,,,,,,,,,,,,,,,,,,,,,,,,,,
75584198,4/28/21,20400,https://www.inaturalist.org/observations/75584198,40.6545915,-73.999153,Dryocosmus quercuspalustris,Quercus palustris,,,,,,,,,,,,,,,,,,,,,,,,,,,,,,,,,,,,
74691686,4/20/21,20400,https://www.inaturalist.org/observations/74691686,40.6524961,-73.997641,Andricus pisiformis,Quercus alba,,,,,,,,,,,,,,,,,,,,,,,,,,,,,,,,,,,,
73983600,4/13/21,20400,https://www.inaturalist.org/observations/73983600,40.6540383,-73.995154,Callirhytis quercuscornigera,Quercus palustris,,,,,,,,,,,,,,,,,,,,,,,,,,,,,,,,,,,,
70217527,2/26/21,20400,https://www.inaturalist.org/observations/70217527,40.6579884,-73.998317,Disholcaspis quercusmamma,Quercus bicolor,,,,,,,,,,,,,,,,,,,,,,,,,,,,,,,,,,,,
70217528,2/26/21,20400,https://www.inaturalist.org/observations/70217528,40.6586871,-73.999472,Neuroterus quercusbatatus,Quercus bicolor,,,,,,,,,,,,,,,,,,,,,,,,,,,,,,,,,,,,
70217529,2/26/21,20400,https://www.inaturalist.org/observations/70217529,40.6586883,-73.999476,Neuroterus quercusbatatus,Quercus bicolor,,,,,,,,,,,,,,,,,,,,,,,,,,,,,,,,,,,,
67716492,1/6/21,20400,https://www.inaturalist.org/observations/67716492,40.6580235,-73.993007,Callirhytis quercuscornigera,Quercus texana,,,,,,,,,,,,,,,,,,,,,,,,,,,,,,,,,,,,
67585108,1/4/21,20400,https://www.inaturalist.org/observations/67585108,40.6527978,-73.99889,Disholcaspis quercusglobulus,Quercus alba,,,,,,,,,,,,,,,,,,,,,,,,,,,,,,,,,,,,
67321380,12/30/20,20400,https://www.inaturalist.org/observations/67321380,40.6522546,-73.992902,Andricus quercusfrondosus,Quercus bicolor,,,,,,,,,,,,,,,,,,,,,,,,,,,,,,,,,,,,
68182898,12/29/20,18668,https://www.inaturalist.org/observations/68182898,40.656144,-73.996709,Disholcaspis quercusglobulus,N/A,,,,,,,,,,,,,,,,,,,,,,,,,,,,,,,,,,,,
67266691,12/29/20,20400,https://www.inaturalist.org/observations/67266691,40.6560826,-73.996667,Neuroterus quercusbatatus,Quercus alba,,,,,,,,,,,,,,,,,,,,,,,,,,,,,,,,,,,,
66209790,12/6/20,20400,https://www.inaturalist.org/observations/66209790,40.6517968,-73.99292,Andricus quercuspetiolicola,Quercus bicolor,,,,,,,,,,,,,,,,,,,,,,,,,,,,,,,,,,,,
65047906,11/15/20,20400,https://www.inaturalist.org/observations/65047906,40.6518147,-73.993099,Andricus quercusstrobilanus,Quercus bicolor,,,,,,,,,,,,,,,,,,,,,,,,,,,,,,,,,,,,
65047905,11/15/20,20400,https://www.inaturalist.org/observations/65047905,40.6498615,-73.993322,Phylloteras rubinum,Quercus alba,,,,,,,,,,,,,,,,,,,,,,,,,,,,,,,,,,,,
63590054,10/25/20,20400,https://www.inaturalist.org/observations/63590054,40.6481729,-73.986081,Andricus quercusstrobilanus,Quercus bicolor Cornell hybrid,,,,,,,,,,,,,,,,,,,,,,,,,,,,,,,,,,,,
63590055,10/25/20,20400,https://www.inaturalist.org/observations/63590055,40.6481724,-73.986081,Disholcaspis quercusmamma,Quercus bicolor Cornell hybrid,,,,,,,,,,,,,,,,,,,,,,,,,,,,,,,,,,,,
63590056,10/25/20,20400,https://www.inaturalist.org/observations/63590056,40.6481744,-73.986081,Druon ignotum,Quercus bicolor Cornell hybrid,,,,,,,,,,,,,,,,,,,,,,,,,,,,,,,,,,,,
63275073,10/22/20,20400,https://www.inaturalist.org/observations/63275073,40.6533476,-73.999097,Disholcaspis quercusglobulus,Quercus alba,,,,,,,,,,,,,,,,,,,,,,,,,,,,,,,,,,,,
63235496,10/21/20,20400,https://www.inaturalist.org/observations/63235496,40.6525455,-73.997652,Andricus weldi,Quercus alba,,,,,,,,,,,,,,,,,,,,,,,,,,,,,,,,,,,,
63235493,10/21/20,20400,https://www.inaturalist.org/observations/63235493,40.6559319,-73.990957,Callirhytis quercuscornigera,Quercus palustris,,,,,,,,,,,,,,,,,,,,,,,,,,,,,,,,,,,,
63235494,10/21/20,20400,https://www.inaturalist.org/observations/63235494,40.6559156,-73.990978,Callirhytis quercuscornigera,Quercus palustris,,,,,,,,,,,,,,,,,,,,,,,,,,,,,,,,,,,,
63235492,10/21/20,20400,https://www.inaturalist.org/observations/63235492,40.6559075,-73.990908,Callirhytis quercuspunctata,Quercus palustris,,,,,,,,,,,,,,,,,,,,,,,,,,,,,,,,,,,,
63235495,10/21/20,20400,https://www.inaturalist.org/observations/63235495,40.6524807,-73.99762,Disholcaspis quercusglobulus,Quercus alba,,,,,,,,,,,,,,,,,,,,,,,,,,,,,,,,,,,,
62847817,10/17/20,20400,https://www.inaturalist.org/observations/62847817,40.6545823,-73.999164,Callirhytis quercuscornigera,Quercus palustris,,,,,,,,,,,,,,,,,,,,,,,,,,,,,,,,,,,,
62681260,10/15/20,20400,https://www.inaturalist.org/observations/62681260,40.6498676,-73.993306,Andricus dimorphus,Quercus alba,,,,,,,,,,,,,,,,,,,,,,,,,,,,,,,,,,,,
62681261,10/15/20,20400,https://www.inaturalist.org/observations/62681261,40.6498688,-73.993336,Disholcaspis quercusglobulus,Quercus alba,,,,,,,,,,,,,,,,,,,,,,,,,,,,,,,,,,,,
62681262,10/15/20,20400,https://www.inaturalist.org/observations/62681262,40.6498581,-73.993311,Philonix fulvicollis,Quercus alba,,,,,,,,,,,,,,,,,,,,,,,,,,,,,,,,,,,,
62392706,10/12/20,3137043,https://www.inaturalist.org/observations/62392706,40.7017912,-73.951822,Callirhytis piperoides,Lobatae,,,,,,,,,,,,,,,,,,,,,,,,,,,,,,,,,,,,
62325928,10/11/20,20400,https://www.inaturalist.org/observations/62325928,40.6493875,-73.985657,Andricus quercusstrobilanus,Quercus bicolor,,,,,,,,,,,,,,,,,,,,,,,,,,,,,,,,,,,,
62325929,10/11/20,20400,https://www.inaturalist.org/observations/62325929,40.6493867,-73.98566,Andricus quercusstrobilanus,Quercus bicolor,,,,,,,,,,,,,,,,,,,,,,,,,,,,,,,,,,,,
62325444,10/11/20,20400,https://www.inaturalist.org/observations/62325444,40.6497809,-73.986108,Callirhytis lanata,Quercus coccinea,,,,,,,,,,,,,,,,,,,,,,,,,,,,,,,,,,,,
62358023,10/11/20,20400,https://www.inaturalist.org/observations/62358023,40.6493878,-73.985661,Neuroterus floccosus,Quercus bicolor,,,,,,,,,,,,,,,,,,,,,,,,,,,,,,,,,,,,
62320943,10/10/20,20400,https://www.inaturalist.org/observations/62320943,40.6498637,-73.993318,Acraspis erinacei,Quercus alba,,,,,,,,,,,,,,,,,,,,,,,,,,,,,,,,,,,,
62322218,10/10/20,20400,https://www.inaturalist.org/observations/62322218,40.6498612,-73.993317,Acraspis pezomachoides,Quercus alba,,,,,,,,,,,,,,,,,,,,,,,,,,,,,,,,,,,,
62320942,10/10/20,20400,https://www.inaturalist.org/observations/62320942,40.6498612,-73.993295,Andricus weldi,Quercus alba,,,,,,,,,,,,,,,,,,,,,,,,,,,,,,,,,,,,
62320955,10/10/20,20400,https://www.inaturalist.org/observations/62320955,40.6494529,-73.99114,Andricus weldi,Quercus alba,,,,,,,,,,,,,,,,,,,,,,,,,,,,,,,,,,,,
62320953,10/10/20,20400,https://www.inaturalist.org/observations/62320953,40.6493909,-73.991589,Callirhytis lanata,Quercus rubra,,,,,,,,,,,,,,,,,,,,,,,,,,,,,,,,,,,,
62320947,10/10/20,20400,https://www.inaturalist.org/observations/62320947,40.6498495,-73.993307,Philonix fulvicollis,Quercus alba,,,,,,,,,,,,,,,,,,,,,,,,,,,,,,,,,,,,
62320952,10/10/20,20400,https://www.inaturalist.org/observations/62320952,40.6498485,-73.993358,Philonix fulvicollis,Quercus alba,,,,,,,,,,,,,,,,,,,,,,,,,,,,,,,,,,,,
62320954,10/10/20,20400,https://www.inaturalist.org/observations/62320954,40.649457,-73.991138,Philonix fulvicollis,Quercus alba,,,,,,,,,,,,,,,,,,,,,,,,,,,,,,,,,,,,
62320956,10/10/20,20400,https://www.inaturalist.org/observations/62320956,40.6518589,-73.992121,Philonix fulvicollis,Quercus alba,,,,,,,,,,,,,,,,,,,,,,,,,,,,,,,,,,,,
63726835,10/9/20,1087110,https://www.inaturalist.org/observations/63726835,40.6566686,-73.967252,Zopheroteras guttatum,Quercus,,,,,,,,,,,,,,,,,,,,,,,,,,,,,,,,,,,,
62082141,10/8/20,20400,https://www.inaturalist.org/observations/62082141,40.6560956,-73.996655,Acraspis pezomachoides,Quercus alba,,,,,,,,,,,,,,,,,,,,,,,,,,,,,,,,,,,,
62000802,10/7/20,20400,https://www.inaturalist.org/observations/62000802,40.6526711,-73.997546,Acraspis erinacei,Quercus alba,,,,,,,,,,,,,,,,,,,,,,,,,,,,,,,,,,,,
62000801,10/7/20,20400,https://www.inaturalist.org/observations/62000801,40.649849,-73.993326,Andricus dimorphus,Quercus alba,,,,,,,,,,,,,,,,,,,,,,,,,,,,,,,,,,,,
62000800,10/7/20,20400,https://www.inaturalist.org/observations/62000800,40.6498513,-73.993322,Philonix fulvicollis,Quercus alba,,,,,,,,,,,,,,,,,,,,,,,,,,,,,,,,,,,,
61597653,10/2/20,20400,https://www.inaturalist.org/observations/61597653,40.6517581,-73.99315,Druon ignotum,Quercus bicolor,,,,,,,,,,,,,,,,,,,,,,,,,,,,,,,,,,,,
61491425,10/1/20,20400,https://www.inaturalist.org/observations/61491425,40.6560883,-73.996654,Druon quercusflocci,Quercus alba,,,,,,,,,,,,,,,,,,,,,,,,,,,,,,,,,,,,
61143371,9/27/20,2684829,https://www.inaturalist.org/observations/61143371,40.6612583,-73.965212,Callirhytis furva,Quercus,,,,,,,,,,,,,,,,,,,,,,,,,,,,,,,,,,,,
61019370,9/27/20,20400,https://www.inaturalist.org/observations/61019370,40.6474617,-73.985364,Disholcaspis quercusmamma,Quercus bicolor,,,,,,,,,,,,,,,,,,,,,,,,,,,,,,,,,,,,
60309338,9/20/20,20400,https://www.inaturalist.org/observations/60309338,40.6494447,-73.985417,Andricus quercusstrobilanus,Quercus bicolor,,,,,,,,,,,,,,,,,,,,,,,,,,,,,,,,,,,,
60827815,9/20/20,20400,https://www.inaturalist.org/observations/60827815,40.6494456,-73.985402,Andricus quercusstrobilanus,Quercus bicolor,,,,,,,,,,,,,,,,,,,,,,,,,,,,,,,,,,,,
60309339,9/20/20,20400,https://www.inaturalist.org/observations/60309339,40.6488216,-73.983512,Callirhytis furva,Quercus palustris,,,,,,,,,,,,,,,,,,,,,,,,,,,,,,,,,,,,
59562520,9/13/20,20400,https://www.inaturalist.org/observations/59562520,40.6540805,-73.994546,Andricus quercusfrondosus,Quercus bicolor,,,,,,,,,,,,,,,,,,,,,,,,,,,,,,,,,,,,
59562519,9/13/20,20400,https://www.inaturalist.org/observations/59562519,40.6540876,-73.99455,Andricus quercuspetiolicola,Quercus bicolor,,,,,,,,,,,,,,,,,,,,,,,,,,,,,,,,,,,,
59562521,9/13/20,20400,https://www.inaturalist.org/observations/59562521,40.6540897,-73.994551,Andricus quercuspetiolicola,Quercus bicolor,,,,,,,,,,,,,,,,,,,,,,,,,,,,,,,,,,,,
59562516,9/13/20,20400,https://www.inaturalist.org/observations/59562516,40.6540774,-73.994543,Andricus quercusstrobilanus,Quercus bicolor,,,,,,,,,,,,,,,,,,,,,,,,,,,,,,,,,,,,
59562517,9/13/20,20400,https://www.inaturalist.org/observations/59562517,40.6540785,-73.994551,Andricus quercusstrobilanus,Quercus bicolor,,,,,,,,,,,,,,,,,,,,,,,,,,,,,,,,,,,,
59568145,9/13/20,20400,https://www.inaturalist.org/observations/59568145,40.6518141,-73.993103,Andricus quercusstrobilanus,Quercus bicolor,,,,,,,,,,,,,,,,,,,,,,,,,,,,,,,,,,,,
59505225,9/13/20,20400,https://www.inaturalist.org/observations/59505225,40.6489466,-73.990368,Callirhytis lanata,Quercus rubra,,,,,,,,,,,,,,,,,,,,,,,,,,,,,,,,,,,,
59562518,9/13/20,20400,https://www.inaturalist.org/observations/59562518,40.6540856,-73.994553,Druon ignotum,Quercus bicolor,,,,,,,,,,,,,,,,,,,,,,,,,,,,,,,,,,,,
59504067,9/13/20,20400,https://www.inaturalist.org/observations/59504067,40.6471177,-73.98612,Melikaiella tumifica,Quercus rubra,,,,,,,,,,,,,,,,,,,,,,,,,,,,,,,,,,,,
58910771,9/7/20,20400,https://www.inaturalist.org/observations/58910771,40.6534261,-73.99704,Callirhytis lanata,Quercus rubra,,,,,,,,,,,,,,,,,,,,,,,,,,,,,,,,,,,,
58910772,9/7/20,20400,https://www.inaturalist.org/observations/58910772,40.6536677,-73.995975,Callirhytis lanata,Quercus rubra,,,,,,,,,,,,,,,,,,,,,,,,,,,,,,,,,,,,
58910773,9/7/20,20400,https://www.inaturalist.org/observations/58910773,40.6543799,-73.994967,Callirhytis quercuspunctata,Quercus palustris,,,,,,,,,,,,,,,,,,,,,,,,,,,,,,,,,,,,
58793508,9/6/20,20400,https://www.inaturalist.org/observations/58793508,40.652946,-73.993169,Callirhytis lanata,Quercus rubra,,,,,,,,,,,,,,,,,,,,,,,,,,,,,,,,,,,,
58713290,9/6/20,20400,https://www.inaturalist.org/observations/58713290,40.6517552,-73.99315,Disholcaspis quercusmamma,Quercus bicolor,,,,,,,,,,,,,,,,,,,,,,,,,,,,,,,,,,,,
58643051,9/5/20,20400,https://www.inaturalist.org/observations/58643051,40.6490261,-73.983591,Kokkocynips rileyi,Quercus rubra,,,,,,,,,,,,,,,,,,,,,,,,,,,,,,,,,,,,
58540030,9/4/20,20400,https://www.inaturalist.org/observations/58540030,40.6498433,-73.993318,Acraspis erinacei,Quercus alba,,,,,,,,,,,,,,,,,,,,,,,,,,,,,,,,,,,,
58540044,9/4/20,20400,https://www.inaturalist.org/observations/58540044,40.6499247,-73.99338,Andricus dimorphus,Quercus alba,,,,,,,,,,,,,,,,,,,,,,,,,,,,,,,,,,,,
58542031,9/4/20,20400,https://www.inaturalist.org/observations/58542031,40.6518556,-73.992811,Andricus dimorphus,Quercus macrocarpa,,,,,,,,,,,,,,,,,,,,,,,,,,,,,,,,,,,,
58540036,9/4/20,20400,https://www.inaturalist.org/observations/58540036,40.6498555,-73.993316,Disholcaspis quercusglobulus,Quercus alba,,,,,,,,,,,,,,,,,,,,,,,,,,,,,,,,,,,,
58540037,9/4/20,20400,https://www.inaturalist.org/observations/58540037,40.6498677,-73.993321,Disholcaspis quercusglobulus,Quercus alba,,,,,,,,,,,,,,,,,,,,,,,,,,,,,,,,,,,,
58542033,9/4/20,20400,https://www.inaturalist.org/observations/58542033,40.6518062,-73.992917,Neuroterus quercusbatatus,Quercus bicolor,,,,,,,,,,,,,,,,,,,,,,,,,,,,,,,,,,,,
58276072,9/1/20,20400,https://www.inaturalist.org/observations/58276072,40.6491123,-73.990783,Disholcaspis quercusglobulus,Quercus alba,,,,,,,,,,,,,,,,,,,,,,,,,,,,,,,,,,,,
58135145,8/30/20,20400,https://www.inaturalist.org/observations/58135145,40.6489752,-73.99041,Acraspis pezomachoides,Quercus alba,,,,,,,,,,,,,,,,,,,,,,,,,,,,,,,,,,,,
58135144,8/30/20,20400,https://www.inaturalist.org/observations/58135144,40.6489793,-73.99041,Andricus capillatus,Quercus alba,,,,,,,,,,,,,,,,,,,,,,,,,,,,,,,,,,,,
58135936,8/30/20,20400,https://www.inaturalist.org/observations/58135936,40.6473968,-73.986386,Andricus quercusfrondosus,Quercus bicolor,,,,,,,,,,,,,,,,,,,,,,,,,,,,,,,,,,,,
58135940,8/30/20,20400,https://www.inaturalist.org/observations/58135940,40.6473177,-73.986468,Andricus quercusfrondosus,Quercus bicolor,,,,,,,,,,,,,,,,,,,,,,,,,,,,,,,,,,,,
58135141,8/30/20,20400,https://www.inaturalist.org/observations/58135141,40.6489778,-73.990412,Disholcaspis quercusglobulus,Quercus alba,,,,,,,,,,,,,,,,,,,,,,,,,,,,,,,,,,,,
58135935,8/30/20,20400,https://www.inaturalist.org/observations/58135935,40.6473794,-73.986449,Neuroterus floccosus,Quercus bicolor,,,,,,,,,,,,,,,,,,,,,,,,,,,,,,,,,,,,
57912482,8/28/20,20400,https://www.inaturalist.org/observations/57912482,40.6518142,-73.993099,Andricus incertus,Quercus bicolor,,,,,,,,,,,,,,,,,,,,,,,,,,,,,,,,,,,,
57912483,8/28/20,20400,https://www.inaturalist.org/observations/57912483,40.6517902,-73.99293,Andricus incertus,Quercus bicolor,,,,,,,,,,,,,,,,,,,,,,,,,,,,,,,,,,,,
57867815,8/28/20,20400,https://www.inaturalist.org/observations/57867815,40.651816,-73.993096,Andricus quercusstrobilanus,Quercus bicolor,,,,,,,,,,,,,,,,,,,,,,,,,,,,,,,,,,,,
57943215,8/28/20,20400,https://www.inaturalist.org/observations/57943215,40.6517955,-73.992918,Andricus quercusstrobilanus,Quercus bicolor,,,,,,,,,,,,,,,,,,,,,,,,,,,,,,,,,,,,
57913099,8/28/20,20400,https://www.inaturalist.org/observations/57913099,40.6517587,-73.993151,Disholcaspis quercusmamma,Quercus bicolor,,,,,,,,,,,,,,,,,,,,,,,,,,,,,,,,,,,,
57913100,8/28/20,20400,https://www.inaturalist.org/observations/57913100,40.6517561,-73.993153,Disholcaspis quercusmamma,Quercus bicolor,,,,,,,,,,,,,,,,,,,,,,,,,,,,,,,,,,,,
57913102,8/28/20,20400,https://www.inaturalist.org/observations/57913102,40.6517945,-73.992927,Disholcaspis quercusmamma,Quercus bicolor,,,,,,,,,,,,,,,,,,,,,,,,,,,,,,,,,,,,
57913103,8/28/20,20400,https://www.inaturalist.org/observations/57913103,40.6517829,-73.992925,Disholcaspis quercusmamma,Quercus bicolor,,,,,,,,,,,,,,,,,,,,,,,,,,,,,,,,,,,,
57913105,8/28/20,20400,https://www.inaturalist.org/observations/57913105,40.6517951,-73.992914,Disholcaspis quercusmamma,Quercus bicolor,,,,,,,,,,,,,,,,,,,,,,,,,,,,,,,,,,,,
57943214,8/28/20,20400,https://www.inaturalist.org/observations/57943214,40.6517935,-73.992919,Neuroterus quercusbatatus,Quercus bicolor,,,,,,,,,,,,,,,,,,,,,,,,,,,,,,,,,,,,
57584685,8/25/20,20400,https://www.inaturalist.org/observations/57584685,40.6545805,-73.999149,Callirhytis quercuspunctata,Quercus,,,,,,,,,,,,,,,,,,,,,,,,,,,,,,,,,,,,
54417480,7/25/20,261380,https://www.inaturalist.org/observations/54417480,40.7003695,-73.996541,Acraspis erinacei,Quercus alba,,,,,,,,,,,,,,,,,,,,,,,,,,,,,,,,,,,,
54085349,7/23/20,20400,https://www.inaturalist.org/observations/54085349,40.6526694,-73.997552,Acraspis erinacei,Quercus alba,,,,,,,,,,,,,,,,,,,,,,,,,,,,,,,,,,,,
54016978,7/22/20,210221,https://www.inaturalist.org/observations/54016978,40.6997383,-73.996743,Acraspis erinacei,Quercus alba,,,,,,,,,,,,,,,,,,,,,,,,,,,,,,,,,,,,
52180011,7/6/20,483754,https://www.inaturalist.org/observations/52180011,40.69922,-73.997187,Acraspis erinacei,Quercus alba,,,,,,,,,,,,,,,,,,,,,,,,,,,,,,,,,,,,
50972889,6/25/20,20400,https://www.inaturalist.org/observations/50972889,40.6560783,-73.996656,Acraspis erinacei,Quercus,,,,,,,,,,,,,,,,,,,,,,,,,,,,,,,,,,,,
49383152,6/12/20,20400,https://www.inaturalist.org/observations/49383152,40.6545642,-73.999151,Callirhytis quercuscornigera,Quercus palustris,,,,,,,,,,,,,,,,,,,,,,,,,,,,,,,,,,,,
49384117,6/12/20,20400,https://www.inaturalist.org/observations/49384117,40.6560826,-73.996668,Disholcaspis quercusglobulus,Quercus,,,,,,,,,,,,,,,,,,,,,,,,,,,,,,,,,,,,
48038771,5/31/20,20400,https://www.inaturalist.org/observations/48038771,40.6538545,-74.001447,Disholcaspis quercusglobulus,Quercus alba,,,,,,,,,,,,,,,,,,,,,,,,,,,,,,,,,,,,
46836179,5/21/20,20400,https://www.inaturalist.org/observations/46836179,40.651808,-73.992857,Andricus quercuspetiolicola,Quercus bicolor,,,,,,,,,,,,,,,,,,,,,,,,,,,,,,,,,,,,
46473739,5/18/20,20400,https://www.inaturalist.org/observations/46473739,40.6566277,-73.995905,Andricus quercuspetiolicola,Quercus,,,,,,,,,,,,,,,,,,,,,,,,,,,,,,,,,,,,
43434238,4/25/20,20400,https://www.inaturalist.org/observations/43434238,40.6525321,-74.003075,Disholcaspis quercusmamma,Quercus,,,,,,,,,,,,,,,,,,,,,,,,,,,,,,,,,,,,
42836820,4/21/20,1193004,https://www.inaturalist.org/observations/42836820,40.682205,-73.99315,Disholcaspis quercusmamma,Quercus,,,,,,,,,,,,,,,,,,,,,,,,,,,,,,,,,,,,
37857313,1/22/20,20400,https://www.inaturalist.org/observations/37857313,40.6543617,-73.997858,Callirhytis quercuspunctata,N/A,,,,,,,,,,,,,,,,,,,,,,,,,,,,,,,,,,,,
37633151,1/15/20,20400,https://www.inaturalist.org/observations/37633151,40.6535107,-74.000001,Callirhytis quercuscornigera,Quercus palustris,,,,,,,,,,,,,,,,,,,,,,,,,,,,,,,,,,,,
37536704,1/12/20,20400,https://www.inaturalist.org/observations/37536704,40.6517005,-73.992904,Andricus quercusfrondosus,Quercus bicolor,,,,,,,,,,,,,,,,,,,,,,,,,,,,,,,,,,,,
37536474,1/12/20,20400,https://www.inaturalist.org/observations/37536474,40.65172,-73.992941,Andricus quercuspetiolicola,Quercus bicolor,,,,,,,,,,,,,,,,,,,,,,,,,,,,,,,,,,,,
37536476,1/12/20,20400,https://www.inaturalist.org/observations/37536476,40.6517167,-73.992944,Andricus quercusstrobilanus,Quercus bicolor,,,,,,,,,,,,,,,,,,,,,,,,,,,,,,,,,,,,
37536477,1/12/20,20400,https://www.inaturalist.org/observations/37536477,40.6517188,-73.992947,Andricus quercusstrobilanus,Quercus bicolor,,,,,,,,,,,,,,,,,,,,,,,,,,,,,,,,,,,,
37536969,1/12/20,20400,https://www.inaturalist.org/observations/37536969,40.6517737,-73.993124,Disholcaspis quercusmamma,Quercus bicolor,,,,,,,,,,,,,,,,,,,,,,,,,,,,,,,,,,,,
37502557,1/11/20,20400,https://www.inaturalist.org/observations/37502557,40.6482849,-73.988371,Andricus quercusfrondosus,Quercus bicolor,,,,,,,,,,,,,,,,,,,,,,,,,,,,,,,,,,,,
37502824,1/11/20,20400,https://www.inaturalist.org/observations/37502824,40.6494717,-73.992029,Disholcaspis quercusglobulus,Quercus alba,,,,,,,,,,,,,,,,,,,,,,,,,,,,,,,,,,,,
37357835,1/6/20,210221,https://www.inaturalist.org/observations/37357835,40.6955262,-73.998676,Disholcaspis quercusmamma,Quercus macrocarpa,,,,,,,,,,,,,,,,,,,,,,,,,,,,,,,,,,,,
35962412,11/20/19,20400,https://www.inaturalist.org/observations/35962412,40.6556888,-73.996975,Acraspis erinacei,Quercus alba,,,,,,,,,,,,,,,,,,,,,,,,,,,,,,,,,,,,
35945280,11/20/19,311149,https://www.inaturalist.org/observations/35945280,40.6560428,-73.996718,Disholcaspis quercusglobulus,N/A,,,,,,,,,,,,,,,,,,,,,,,,,,,,,,,,,,,,
35962518,11/20/19,20400,https://www.inaturalist.org/observations/35962518,40.65564,-73.996997,Disholcaspis quercusglobulus,Quercus alba,,,,,,,,,,,,,,,,,,,,,,,,,,,,,,,,,,,,
35962349,11/20/19,20400,https://www.inaturalist.org/observations/35962349,40.6557376,-73.996954,Philonix fulvicollis,Quercus alba,,,,,,,,,,,,,,,,,,,,,,,,,,,,,,,,,,,,
35220760,11/2/19,20400,https://www.inaturalist.org/observations/35220760,40.6499259,-73.987212,Disholcaspis quercusglobulus,Quercus alba,,,,,,,,,,,,,,,,,,,,,,,,,,,,,,,,,,,,
33330279,9/24/19,20400,https://www.inaturalist.org/observations/33330279,40.6536019,-73.991847,Callirhytis quercuscornigera,Quercus palustris,,,,,,,,,,,,,,,,,,,,,,,,,,,,,,,,,,,,
33330476,9/24/19,20400,https://www.inaturalist.org/observations/33330476,40.6536019,-73.991847,Callirhytis quercuspunctata,Quercus palustris,,,,,,,,,,,,,,,,,,,,,,,,,,,,,,,,,,,,
31445341,8/24/19,20400,https://www.inaturalist.org/observations/31445341,40.6485621,-73.988914,Disholcaspis quercusmamma,Quercus alba,,,,,,,,,,,,,,,,,,,,,,,,,,,,,,,,,,,,
31192137,8/20/19,20400,https://www.inaturalist.org/observations/31192137,40.648598,-74.003497,Zopheroteras hubbardi,Quercus rubra,,,,,,,,,,,,,,,,,,,,,,,,,,,,,,,,,,,,
29264388,7/20/19,20400,https://www.inaturalist.org/observations/29264388,40.6516352,-73.992004,Acraspis erinacei,Quercus alba,,,,,,,,,,,,,,,,,,,,,,,,,,,,,,,,,,,,
29215071,7/20/19,20400,https://www.inaturalist.org/observations/29215071,40.6520257,-73.991318,Philonix fulvicollis,Quercus alba,,,,,,,,,,,,,,,,,,,,,,,,,,,,,,,,,,,,
29232424,7/20/19,20400,https://www.inaturalist.org/observations/29232424,40.6525466,-73.991653,Phylloteras poculum,Quercus alba,,,,,,,,,,,,,,,,,,,,,,,,,,,,,,,,,,,,
29073257,7/18/19,712654,https://www.inaturalist.org/observations/29073257,40.654945,-73.996647,Acraspis erinacei,Quercus alba,,,,,,,,,,,,,,,,,,,,,,,,,,,,,,,,,,,,
28413068,7/7/19,341653,https://www.inaturalist.org/observations/28413068,40.7295601,-73.960115,Neuroterus quercusverrucarum,Quercus bicolor,,,,,,,,,,,,,,,,,,,,,,,,,,,,,,,,,,,,
26988540,6/14/19,20400,https://www.inaturalist.org/observations/26988540,40.6515213,-73.992004,Acraspis erinacei,Quercus alba,,,,,,,,,,,,,,,,,,,,,,,,,,,,,,,,,,,,
13339326,6/11/18,51948,https://www.inaturalist.org/observations/13339326,40.6561004,-73.996737,Acraspis erinacei,Quercus alba,,,,,,,,,,,,,,,,,,,,,,,,,,,,,,,,,,,,
8560481,10/26/17,302892,https://www.inaturalist.org/observations/8560481,40.6561353,-73.996722,Acraspis erinacei,Quercus alba,,,,,,,,,,,,,,,,,,,,,,,,,,,,,,,,,,,,
6024242,4/23/17,279977,https://www.inaturalist.org/observations/6024242,40.6039806,-73.924797,Disholcaspis quercusmamma,Quercus,,,,,,,,,,,,,,,,,,,,,,,,,,,,,,,,,,,,
34143324,5/12/07,20400,https://www.inaturalist.org/observations/34143324,40.6566241,-73.994081,Callirhytis quercusoperator,Quercus rubra,,,,,,,,,,,,,,,,,,,,,,,,,,,,,,,,,,,,
253434341,6/8/24,3206530,https://www.inaturalist.org/observations/253434341,40.6656593,-73.971422,Eriophyes tiliae,Tilia,,,,,,,,,,,,,,,,,,,,,,,,,,,,,,,,,,,,
251602206,11/13/24,8119841,https://www.inaturalist.org/observations/251602206,40.7211117,-73.961783,Aculops rhois,Rhus aromatica,,,,,,,,,,,,,,,,,,,,,,,,,,,,,,,,,,,,
237957759,8/25/24,279977,https://www.inaturalist.org/observations/237957759,40.6020967,-73.926912,Aculus tetanothrix,Salix nigra,,,,,,,,,,,,,,,,,,,,,,,,,,,,,,,,,,,,
236909567,6/13/24,3331215,https://www.inaturalist.org/observations/236909567,40.6569769,-73.997618,Eriophyes cerasicrumena,Prunus serotina,,,,,,,,,,,,,,,,,,,,,,,,,,,,,,,,,,,,
236909569,6/13/24,3331215,https://www.inaturalist.org/observations/236909569,40.6570011,-73.997579,Vasates quadripedes,Acer saccharinum,,,,,,,,,,,,,,,,,,,,,,,,,,,,,,,,,,,,
222084433,6/11/24,1177689,https://www.inaturalist.org/observations/222084433,40.6657888,-73.961639,Eriophyes tiliae,Tilia cordata,,,,,,,,,,,,,,,,,,,,,,,,,,,,,,,,,,,,
219216034,5/29/24,3191422,https://www.inaturalist.org/observations/219216034,40.6887694,-73.959228,Vasates quadripedes,Acer saccharinum,,,,,,,,,,,,,,,,,,,,,,,,,,,,,,,,,,,,
219153433,5/29/24,7034574,https://www.inaturalist.org/observations/219153433,40.6523383,-73.970992,Eriophyes cerasicrumena,Prunus serotina,,,,,,,,,,,,,,,,,,,,,,,,,,,,,,,,,,,,
219152982,5/29/24,7034574,https://www.inaturalist.org/observations/219152982,40.6525717,-73.971145,Eriophyes tiliae,Tilia cordata,,,,,,,,,,,,,,,,,,,,,,,,,,,,,,,,,,,,
219119170,5/29/24,7034574,https://www.inaturalist.org/observations/219119170,40.6611367,-73.9673,Eriophyes tiliae,Tilia,,,,,,,,,,,,,,,,,,,,,,,,,,,,,,,,,,,,
217525748,5/22/24,3331215,https://www.inaturalist.org/observations/217525748,40.669898,-73.968414,Aceria fraxini,Fraxinus,,,,,,,,,,,,,,,,,,,,,,,,,,,,,,,,,,,,
216971082,5/17/24,753883,https://www.inaturalist.org/observations/216971082,40.6479722,-73.969537,Vasates quadripedes,Acer saccharinum,,,,,,,,,,,,,,,,,,,,,,,,,,,,,,,,,,,,
213589086,4/28/24,18668,https://www.inaturalist.org/observations/213589086,40.724961,-73.9439,Eriophyes tiliae,Tilia americana,,,,,,,,,,,,,,,,,,,,,,,,,,,,,,,,,,,,
211242994,4/20/24,3531506,https://www.inaturalist.org/observations/211242994,40.6670532,-73.96932,Eriophyes tiliae,Tilia americana,,,,,,,,,,,,,,,,,,,,,,,,,,,,,,,,,,,,
211136571,4/28/24,696052,https://www.inaturalist.org/observations/211136571,40.6631967,-73.97055,Eriophyes cerasicrumena,Prunus serotina,,,,,,,,,,,,,,,,,,,,,,,,,,,,,,,,,,,,
210946740,4/28/24,257060,https://www.inaturalist.org/observations/210946740,40.72518,-73.943922,Eriophyes tiliae,Tilia,,,,,,,,,,,,,,,,,,,,,,,,,,,,,,,,,,,,
187072816,10/10/23,115342,https://www.inaturalist.org/observations/187072816,40.661197,-73.965138,Aceria dina,Nyssa sylvatica,,,,,,,,,,,,,,,,,,,,,,,,,,,,,,,,,,,,
187057990,10/10/23,904705,https://www.inaturalist.org/observations/187057990,40.6647917,-73.911933,Aculops rhois,Rhus aromatica,,,,,,,,,,,,,,,,,,,,,,,,,,,,,,,,,,,,
186111961,10/2/23,7403241,https://www.inaturalist.org/observations/186111961,40.6625406,-73.982799,Eriophyes tiliae,Tilia americana,,,,,,,,,,,,,,,,,,,,,,,,,,,,,,,,,,,,
182763776,9/9/23,2493396,https://www.inaturalist.org/observations/182763776,40.6578834,-73.964698,Aculops rhois,Rhus aromatica,,,,,,,,,,,,,,,,,,,,,,,,,,,,,,,,,,,,
180552302,8/27/23,259163,https://www.inaturalist.org/observations/180552302,40.6679667,-73.963768,Aculops rhois,,,,,,,,,,,,,,,,,,,,,,,,,,,,,,,,,,,,,
179129293,6/19/23,2309843,https://www.inaturalist.org/observations/179129293,40.6330176,-73.969117,Eriophyes tiliae,Tilia,,,,,,,,,,,,,,,,,,,,,,,,,,,,,,,,,,,,
174815797,7/23/23,2493396,https://www.inaturalist.org/observations/174815797,40.5819062,-73.914808,Aculops aenigma,Salix interior,,,,,,,,,,,,,,,,,,,,,,,,,,,,,,,,,,,,
174713695,7/24/23,753883,https://www.inaturalist.org/observations/174713695,40.6662119,-73.966747,Aceria caulis,Juglans nigra,,,,,,,,,,,,,,,,,,,,,,,,,,,,,,,,,,,,
174449220,7/22/23,20400,https://www.inaturalist.org/observations/174449220,40.6651256,-73.963158,Colomerus vitis,Vitis 'Prairie Star',,,,,,,,,,,,,,,,,,,,,,,,,,,,,,,,,,,,
171248770,7/4/23,1523941,https://www.inaturalist.org/observations/171248770,40.6600712,-73.970773,Aceria caulis,Juglans nigra,,,,,,,,,,,,,,,,,,,,,,,,,,,,,,,,,,,,
170556348,7/1/23,3199368,https://www.inaturalist.org/observations/170556348,40.6706832,-73.963107,Aceria nyssae,Nyssa sylvatica,,,,,,,,,,,,,,,,,,,,,,,,,,,,,,,,,,,,
168973050,6/22/23,20400,https://www.inaturalist.org/observations/168973050,40.6534117,-73.999405,Aceria vaga,Carya cordiformis,,,,,,,,,,,,,,,,,,,,,,,,,,,,,,,,,,,,
168725088,6/21/23,3191422,https://www.inaturalist.org/observations/168725088,40.6884944,-73.957133,Eriophyes tiliae,Tilia,,,,,,,,,,,,,,,,,,,,,,,,,,,,,,,,,,,,
168682131,6/21/23,7034574,https://www.inaturalist.org/observations/168682131,40.653992,-73.989366,Aceria dina,Nyssa sylvatica,,,,,,,,,,,,,,,,,,,,,,,,,,,,,,,,,,,,
168681833,6/21/23,3875094,https://www.inaturalist.org/observations/168681833,40.6539467,-73.989395,Aceria dina,Nyssa sylvatica,,,,,,,,,,,,,,,,,,,,,,,,,,,,,,,,,,,,
168681418,6/21/23,5531963,https://www.inaturalist.org/observations/168681418,40.6539308,-73.989442,Aceria dina,Nyssa sylvatica,,,,,,,,,,,,,,,,,,,,,,,,,,,,,,,,,,,,
168605224,6/19/23,2493396,https://www.inaturalist.org/observations/168605224,40.6562576,-73.995584,Aculops rhois,Rhus aromatica,,,,,,,,,,,,,,,,,,,,,,,,,,,,,,,,,,,,
168169177,6/18/23,259163,https://www.inaturalist.org/observations/168169177,40.6707832,-73.965827,Eriophyes tiliae,Tilia,,,,,,,,,,,,,,,,,,,,,,,,,,,,,,,,,,,,
167455477,6/7/23,6029167,https://www.inaturalist.org/observations/167455477,40.6606852,-73.929892,Eriophyes tiliae,Tilia,,,,,,,,,,,,,,,,,,,,,,,,,,,,,,,,,,,,
167406146,6/14/23,7034574,https://www.inaturalist.org/observations/167406146,40.6575917,-73.9916,Eriophyes tiliae,Tilia,,,,,,,,,,,,,,,,,,,,,,,,,,,,,,,,,,,,
167406022,6/14/23,3875094,https://www.inaturalist.org/observations/167406022,40.657725,-73.991617,Eriophyes tiliae,Tilia,,,,,,,,,,,,,,,,,,,,,,,,,,,,,,,,,,,,
167405782,6/14/23,3875094,https://www.inaturalist.org/observations/167405782,40.65777,-73.99153,Eriophyes tiliae,Tilia,,,,,,,,,,,,,,,,,,,,,,,,,,,,,,,,,,,,
167396052,6/14/23,7034574,https://www.inaturalist.org/observations/167396052,40.6571117,-73.986167,Eriophyes tiliae,Tilia,,,,,,,,,,,,,,,,,,,,,,,,,,,,,,,,,,,,
165732331,6/5/23,2064104,https://www.inaturalist.org/observations/165732331,40.681105,-73.998817,Eriophyes tiliae,Tilia,,,,,,,,,,,,,,,,,,,,,,,,,,,,,,,,,,,,
165620926,6/3/23,792319,https://www.inaturalist.org/observations/165620926,40.72773,-73.943388,Eriophyes tiliae,Tilia,,,,,,,,,,,,,,,,,,,,,,,,,,,,,,,,,,,,
165304546,6/3/23,259163,https://www.inaturalist.org/observations/165304546,40.6659073,-73.965993,Eriophyes tiliae,Tilia,,,,,,,,,,,,,,,,,,,,,,,,,,,,,,,,,,,,
164423040,5/29/23,259163,https://www.inaturalist.org/observations/164423040,40.6651798,-73.96618,Eriophyes tiliae,Tilia,,,,,,,,,,,,,,,,,,,,,,,,,,,,,,,,,,,,
164058327,5/27/23,3082816,https://www.inaturalist.org/observations/164058327,40.7059967,-73.929558,Eriophyes tiliae,Tilia,,,,,,,,,,,,,,,,,,,,,,,,,,,,,,,,,,,,
162940298,5/21/23,5238000,https://www.inaturalist.org/observations/162940298,40.6692931,-73.97114,Eriophyes tiliae,Tilia,,,,,,,,,,,,,,,,,,,,,,,,,,,,,,,,,,,,
162634629,5/20/23,1266545,https://www.inaturalist.org/observations/162634629,40.636455,-74.035797,Eriophyes tiliae,Tilia,,,,,,,,,,,,,,,,,,,,,,,,,,,,,,,,,,,,
162035480,5/16/23,20485,https://www.inaturalist.org/observations/162035480,40.6692908,-73.968663,Aceria fraxini,Fraxinus pennsylvanica,,,,,,,,,,,,,,,,,,,,,,,,,,,,,,,,,,,,
161498068,5/13/23,904705,https://www.inaturalist.org/observations/161498068,40.6887033,-73.949828,Eriophyes tiliae,Tilia,,,,,,,,,,,,,,,,,,,,,,,,,,,,,,,,,,,,
160746664,5/9/23,5544059,https://www.inaturalist.org/observations/160746664,40.5900783,-73.918862,Eriophyes cerasicrumena,Prunus serotina,,,,,,,,,,,,,,,,,,,,,,,,,,,,,,,,,,,,
160241538,5/6/23,2493396,https://www.inaturalist.org/observations/160241538,40.6628634,-73.974979,Aceria negundi,Acer negundo,,,,,,,,,,,,,,,,,,,,,,,,,,,,,,,,,,,,
160124547,5/1/23,2493396,https://www.inaturalist.org/observations/160124547,40.6709633,-73.970134,Eriophyes cerasicrumena,Prunus serotina,,,,,,,,,,,,,,,,,,,,,,,,,,,,,,,,,,,,
159985970,5/1/23,2493396,https://www.inaturalist.org/observations/159985970,40.6567095,-73.964759,Aceria negundi,Acer negundo,,,,,,,,,,,,,,,,,,,,,,,,,,,,,,,,,,,,
159773322,5/4/23,5495641,https://www.inaturalist.org/observations/159773322,40.6650421,-73.966032,Eriophyes tiliae,Tilia,,,,,,,,,,,,,,,,,,,,,,,,,,,,,,,,,,,,
159754907,5/4/23,1951809,https://www.inaturalist.org/observations/159754907,40.6157033,-74.037895,Eriophyes tiliae,Tilia,,,,,,,,,,,,,,,,,,,,,,,,,,,,,,,,,,,,
159453415,5/3/23,1645639,https://www.inaturalist.org/observations/159453415,40.6511009,-73.975677,Vasates quadripedes,Acer saccharinum,,,,,,,,,,,,,,,,,,,,,,,,,,,,,,,,,,,,
158103859,4/30/23,3191422,https://www.inaturalist.org/observations/158103859,40.6970472,-73.970728,Eriophyes tiliae,Tilia,,,,,,,,,,,,,,,,,,,,,,,,,,,,,,,,,,,,
156939995,4/27/23,4189901,https://www.inaturalist.org/observations/156939995,40.7363783,-73.955283,Eriophyes tiliae,Tilia,,,,,,,,,,,,,,,,,,,,,,,,,,,,,,,,,,,,
156930740,4/27/23,20400,https://www.inaturalist.org/observations/156930740,40.653856,-73.999413,Aceria nyssae,Nyssa sylvatica,,,,,,,,,,,,,,,,,,,,,,,,,,,,,,,,,,,,
156823318,4/26/23,3771226,https://www.inaturalist.org/observations/156823318,40.6620545,-73.988977,Eriophyes tiliae,Tilia,,,,,,,,,,,,,,,,,,,,,,,,,,,,,,,,,,,,
156796109,4/26/23,1354850,https://www.inaturalist.org/observations/156796109,40.6063475,-73.933614,Eriophyes tiliae,Tilia,,,,,,,,,,,,,,,,,,,,,,,,,,,,,,,,,,,,
156610249,4/25/23,904705,https://www.inaturalist.org/observations/156610249,40.6653117,-73.966462,Eriophyes tiliae,Tilia,,,,,,,,,,,,,,,,,,,,,,,,,,,,,,,,,,,,
155972806,4/21/23,20400,https://www.inaturalist.org/observations/155972806,40.6560586,-73.997886,Eriophyes tiliae,Tilia,,,,,,,,,,,,,,,,,,,,,,,,,,,,,,,,,,,,
148616492,2/11/23,20400,https://www.inaturalist.org/observations/148616492,40.656993,-73.972724,Aceria celtis,Celtis occidentalis,,,,,,,,,,,,,,,,,,,,,,,,,,,,,,,,,,,,
143887780,12/7/22,257060,https://www.inaturalist.org/observations/143887780,40.7269133,-73.929733,Aculops rhois,Toxicodendron radicans,,,,,,,,,,,,,,,,,,,,,,,,,,,,,,,,,,,,
142227370,11/17/22,3953234,https://www.inaturalist.org/observations/142227370,40.6640633,-73.982658,Eriophyes tiliae,Tilia,,,,,,,,,,,,,,,,,,,,,,,,,,,,,,,,,,,,
141177724,11/5/22,20400,https://www.inaturalist.org/observations/141177724,40.6524388,-74.012041,Aceria celtis,Celtis occidentalis,,,,,,,,,,,,,,,,,,,,,,,,,,,,,,,,,,,,
140601068,10/30/22,3926408,https://www.inaturalist.org/observations/140601068,40.6560083,-73.997895,Eriophyes tiliae,Tilia,,,,,,,,,,,,,,,,,,,,,,,,,,,,,,,,,,,,
139348494,10/19/22,20400,https://www.inaturalist.org/observations/139348494,40.6533023,-73.999849,Aceria vaga,Carya cordiformis,,,,,,,,,,,,,,,,,,,,,,,,,,,,,,,,,,,,
138505503,10/12/22,6243663,https://www.inaturalist.org/observations/138505503,40.638969,-74.032703,Eriophyes tiliae,Tilia,,,,,,,,,,,,,,,,,,,,,,,,,,,,,,,,,,,,
137879776,10/7/22,20400,https://www.inaturalist.org/observations/137879776,40.6568196,-73.997238,Vasates quadripedes,Acer saccharinum,,,,,,,,,,,,,,,,,,,,,,,,,,,,,,,,,,,,
137879074,10/7/22,20400,https://www.inaturalist.org/observations/137879074,40.6562226,-73.997919,Eriophyes tiliae,Tilia tomentosa,,,,,,,,,,,,,,,,,,,,,,,,,,,,,,,,,,,,
137854384,10/6/22,20400,https://www.inaturalist.org/observations/137854384,40.6538751,-73.999441,Aceria dina,Nyssa sylvatica,,,,,,,,,,,,,,,,,,,,,,,,,,,,,,,,,,,,
137854383,10/6/22,20400,https://www.inaturalist.org/observations/137854383,40.6538507,-73.99943,Aceria nyssae,Nyssa sylvatica,,,,,,,,,,,,,,,,,,,,,,,,,,,,,,,,,,,,
137847149,10/6/22,20400,https://www.inaturalist.org/observations/137847149,40.6541036,-73.997282,Aculops rhois,Toxicodendron radicans,,,,,,,,,,,,,,,,,,,,,,,,,,,,,,,,,,,,
134726658,9/12/22,3191422,https://www.inaturalist.org/observations/134726658,40.7048194,-73.987425,Aculops rhois,Rhus aromatica,,,,,,,,,,,,,,,,,,,,,,,,,,,,,,,,,,,,
134463540,9/10/22,20400,https://www.inaturalist.org/observations/134463540,40.6525903,-73.995674,Aceria cinereae,Juglans cinerea,,,,,,,,,,,,,,,,,,,,,,,,,,,,,,,,,,,,
134361631,9/9/22,20400,https://www.inaturalist.org/observations/134361631,40.6538221,-73.996065,Eriophyes tiliae,Tilia americana,,,,,,,,,,,,,,,,,,,,,,,,,,,,,,,,,,,,
134340395,9/9/22,20400,https://www.inaturalist.org/observations/134340395,40.6538969,-73.99607,Eriophyes leiosoma,Tilia americana,,,,,,,,,,,,,,,,,,,,,,,,,,,,,,,,,,,,
134086548,9/7/22,20400,https://www.inaturalist.org/observations/134086548,40.6536099,-73.994491,Aceria caryae,Carya ovata,,,,,,,,,,,,,,,,,,,,,,,,,,,,,,,,,,,,
129430801,8/4/22,5922663,https://www.inaturalist.org/observations/129430801,40.6586383,-73.96398,Eriophyes tiliae,Tilia,,,,,,,,,,,,,,,,,,,,,,,,,,,,,,,,,,,,
128950624,6/11/22,852601,https://www.inaturalist.org/observations/128950624,40.6480783,-73.98697,Vasates quadripedes,Acer saccharinum,,,,,,,,,,,,,,,,,,,,,,,,,,,,,,,,,,,,
128623720,7/30/22,3191422,https://www.inaturalist.org/observations/128623720,40.6910194,-73.869192,Aculops rhois,Rhus aromatica,,,,,,,,,,,,,,,,,,,,,,,,,,,,,,,,,,,,
127702031,7/24/22,904705,https://www.inaturalist.org/observations/127702031,40.6254383,-73.907538,Aculops rhois,Rhus aromatica,,,,,,,,,,,,,,,,,,,,,,,,,,,,,,,,,,,,
124918373,7/5/22,20400,https://www.inaturalist.org/observations/124918373,40.6563734,-73.997642,Aceria dina,Nyssa sylvatica,,,,,,,,,,,,,,,,,,,,,,,,,,,,,,,,,,,,
124918375,7/5/22,20400,https://www.inaturalist.org/observations/124918375,40.6563807,-73.997649,Aceria dina,Nyssa sylvatica,,,,,,,,,,,,,,,,,,,,,,,,,,,,,,,,,,,,
124248905,6/30/22,1923420,https://www.inaturalist.org/observations/124248905,40.6886117,-73.950158,Eriophyes tiliae,Tilia,,,,,,,,,,,,,,,,,,,,,,,,,,,,,,,,,,,,
122822784,6/21/22,1214770,https://www.inaturalist.org/observations/122822784,40.6254845,-73.907461,Aculops rhois,,,,,,,,,,,,,,,,,,,,,,,,,,,,,,,,,,,,,
122184776,6/17/22,4234197,https://www.inaturalist.org/observations/122184776,40.6686867,-73.987838,Aceria caulis,Juglans nigra,,,,,,,,,,,,,,,,,,,,,,,,,,,,,,,,,,,,
119236821,5/29/22,259163,https://www.inaturalist.org/observations/119236821,40.6697937,-73.968222,Aceria fraxini,Fraxinus,,,,,,,,,,,,,,,,,,,,,,,,,,,,,,,,,,,,
118991777,5/27/22,20400,https://www.inaturalist.org/observations/118991777,40.656799,-73.997256,Vasates quadripedes,Acer saccharinum,,,,,,,,,,,,,,,,,,,,,,,,,,,,,,,,,,,,
118838062,5/26/22,20400,https://www.inaturalist.org/observations/118838062,40.6545408,-73.997373,Aculops rhois,Toxicodendron radicans,,,,,,,,,,,,,,,,,,,,,,,,,,,,,,,,,,,,
118718778,5/25/22,4189901,https://www.inaturalist.org/observations/118718778,40.7216033,-73.949508,Eriophyes tiliae,Tilia,,,,,,,,,,,,,,,,,,,,,,,,,,,,,,,,,,,,
118287342,5/22/22,1244571,https://www.inaturalist.org/observations/118287342,40.6799593,-73.977753,Vasates quadripedes,Acer saccharinum,,,,,,,,,,,,,,,,,,,,,,,,,,,,,,,,,,,,
118245280,5/22/22,1951809,https://www.inaturalist.org/observations/118245280,40.6159633,-74.037864,Eriophyes tiliae,Tilia,,,,,,,,,,,,,,,,,,,,,,,,,,,,,,,,,,,,
117380794,5/14/22,3262779,https://www.inaturalist.org/observations/117380794,40.72727,-73.955938,Eriophyes tiliae,Tilia,,,,,,,,,,,,,,,,,,,,,,,,,,,,,,,,,,,,
117293238,5/15/22,20400,https://www.inaturalist.org/observations/117293238,40.6519839,-73.987562,Eriophyes tiliae,Tilia americana,,,,,,,,,,,,,,,,,,,,,,,,,,,,,,,,,,,,
117148336,5/11/22,2643770,https://www.inaturalist.org/observations/117148336,40.660775,-73.99562,Eriophyes tiliae,Tilia,,,,,,,,,,,,,,,,,,,,,,,,,,,,,,,,,,,,
116866693,5/12/22,20400,https://www.inaturalist.org/observations/116866693,40.6516079,-73.996517,Eriophyes tiliae,Tilia,,,,,,,,,,,,,,,,,,,,,,,,,,,,,,,,,,,,
116748040,5/12/22,20400,https://www.inaturalist.org/observations/116748040,40.6511242,-73.992702,Vasates quadripedes,Acer saccharinum,,,,,,,,,,,,,,,,,,,,,,,,,,,,,,,,,,,,
115460074,5/4/22,2631655,https://www.inaturalist.org/observations/115460074,40.68782,-73.993203,Eriophyes tiliae,Tilia,,,,,,,,,,,,,,,,,,,,,,,,,,,,,,,,,,,,
114757270,5/2/22,20400,https://www.inaturalist.org/observations/114757270,40.659005,-73.998432,Eriophyes tiliae,Tilia,,,,,,,,,,,,,,,,,,,,,,,,,,,,,,,,,,,,
113918719,4/30/22,20400,https://www.inaturalist.org/observations/113918719,40.6539285,-74.020271,Aceria parulmi,Ulmus americana,,,,,,,,,,,,,,,,,,,,,,,,,,,,,,,,,,,,
97784719,10/9/21,20400,https://www.inaturalist.org/observations/97784719,40.6546134,-73.996761,Aculops rhois,Rhus aromatica,,,,,,,,,,,,,,,,,,,,,,,,,,,,,,,,,,,,
97506506,10/7/21,20400,https://www.inaturalist.org/observations/97506506,40.6529132,-73.997818,Eriophyes tiliae,Tilia,,,,,,,,,,,,,,,,,,,,,,,,,,,,,,,,,,,,
97505796,10/7/21,20400,https://www.inaturalist.org/observations/97505796,40.6537813,-73.999535,Aceria nyssae,Nyssa sylvatica,,,,,,,,,,,,,,,,,,,,,,,,,,,,,,,,,,,,
97343183,10/6/21,3387552,https://www.inaturalist.org/observations/97343183,40.6925774,-73.919185,Eriophyes tiliae,Tilia cordata,,,,,,,,,,,,,,,,,,,,,,,,,,,,,,,,,,,,
96598917,9/29/21,4228228,https://www.inaturalist.org/observations/96598917,40.6508117,-73.987442,Aculops rhois,,,,,,,,,,,,,,,,,,,,,,,,,,,,,,,,,,,,,
96003637,9/24/21,20400,https://www.inaturalist.org/observations/96003637,40.6527464,-73.99784,Eriophyes tiliae,Tilia cordata,,,,,,,,,,,,,,,,,,,,,,,,,,,,,,,,,,,,
95999331,9/24/21,20400,https://www.inaturalist.org/observations/95999331,40.6541928,-73.997238,Aculops rhois,Toxicodendron radicans,,,,,,,,,,,,,,,,,,,,,,,,,,,,,,,,,,,,
95999332,9/24/21,20400,https://www.inaturalist.org/observations/95999332,40.6545878,-73.99692,Aculops rhois,Rhus aromatica,,,,,,,,,,,,,,,,,,,,,,,,,,,,,,,,,,,,
95140834,9/17/21,1951809,https://www.inaturalist.org/observations/95140834,40.6157629,-74.037958,Eriophyes tiliae,Tilia,,,,,,,,,,,,,,,,,,,,,,,,,,,,,,,,,,,,
93648327,9/4/21,20400,https://www.inaturalist.org/observations/93648327,40.6537352,-73.992914,Aceria vaga,Carya cordiformis,,,,,,,,,,,,,,,,,,,,,,,,,,,,,,,,,,,,
93648324,9/4/21,20400,https://www.inaturalist.org/observations/93648324,40.653734,-73.992915,Aceria caryae,Carya cordiformis,,,,,,,,,,,,,,,,,,,,,,,,,,,,,,,,,,,,
92614211,8/26/21,4481630,https://www.inaturalist.org/observations/92614211,40.6688383,-73.928742,Eriophyes tiliae,Tilia cordata,,,,,,,,,,,,,,,,,,,,,,,,,,,,,,,,,,,,
92276294,8/23/21,20400,https://www.inaturalist.org/observations/92276294,40.6534909,-73.99285,Aceria caryae,Carya cordiformis,,,,,,,,,,,,,,,,,,,,,,,,,,,,,,,,,,,,
91728200,8/18/21,20400,https://www.inaturalist.org/observations/91728200,40.6537657,-73.995223,Aceria caulis,Juglans nigra,,,,,,,,,,,,,,,,,,,,,,,,,,,,,,,,,,,,
90705910,8/10/21,279977,https://www.inaturalist.org/observations/90705910,40.6057333,-73.927208,Eriophyes cerasicrumena,Prunus serotina,,,,,,,,,,,,,,,,,,,,,,,,,,,,,,,,,,,,
90601474,8/9/21,20400,https://www.inaturalist.org/observations/90601474,40.6554009,-73.998915,Aceria vaga,Carya cordiformis,,,,,,,,,,,,,,,,,,,,,,,,,,,,,,,,,,,,
90466791,8/8/21,4481630,https://www.inaturalist.org/observations/90466791,40.6669617,-73.926238,Eriophyes tiliae,Tilia,,,,,,,,,,,,,,,,,,,,,,,,,,,,,,,,,,,,
87163916,7/15/21,1299783,https://www.inaturalist.org/observations/87163916,40.6578498,-73.963362,Aceria triplacis,Quercus alba,,,,,,,,,,,,,,,,,,,,,,,,,,,,,,,,,,,,
86077682,7/7/21,20400,https://www.inaturalist.org/observations/86077682,40.6554002,-73.998338,Aceria vaga,Carya cordiformis,,,,,,,,,,,,,,,,,,,,,,,,,,,,,,,,,,,,
84901672,6/28/21,20400,https://www.inaturalist.org/observations/84901672,40.6545589,-73.996962,Aculops rhois,Rhus aromatica,,,,,,,,,,,,,,,,,,,,,,,,,,,,,,,,,,,,
84609619,6/26/21,20400,https://www.inaturalist.org/observations/84609619,40.6539623,-73.989393,Aceria dina,Nyssa sylvatica,,,,,,,,,,,,,,,,,,,,,,,,,,,,,,,,,,,,
83062593,6/14/21,4228228,https://www.inaturalist.org/observations/83062593,40.6498867,-73.990037,Eriophyes tiliae,Tilia americana,,,,,,,,,,,,,,,,,,,,,,,,,,,,,,,,,,,,
82992134,6/13/21,4189901,https://www.inaturalist.org/observations/82992134,40.7203633,-73.953353,Eriophyes tiliae,Tilia,,,,,,,,,,,,,,,,,,,,,,,,,,,,,,,,,,,,
82170871,6/8/21,259163,https://www.inaturalist.org/observations/82170871,40.6706402,-73.964521,Eriophyes tiliae,Tilia cordata,,,,,,,,,,,,,,,,,,,,,,,,,,,,,,,,,,,,
80532219,5/26/21,20400,https://www.inaturalist.org/observations/80532219,40.6610956,-73.972998,Vasates quadripedes,Acer saccharinum,,,,,,,,,,,,,,,,,,,,,,,,,,,,,,,,,,,,
80048873,5/23/21,20400,https://www.inaturalist.org/observations/80048873,40.6537747,-73.995228,Aceria brachytarsa,Juglans nigra,,,,,,,,,,,,,,,,,,,,,,,,,,,,,,,,,,,,
80035957,5/23/21,1797099,https://www.inaturalist.org/observations/80035957,40.6293809,-73.961266,Eriophyes tiliae,Tilia americana,,,,,,,,,,,,,,,,,,,,,,,,,,,,,,,,,,,,
79998121,5/23/21,4439603,https://www.inaturalist.org/observations/79998121,40.6865082,-73.996971,Eriophyes tiliae,Tilia,,,,,,,,,,,,,,,,,,,,,,,,,,,,,,,,,,,,
79689141,5/20/21,483754,https://www.inaturalist.org/observations/79689141,40.6635667,-73.961167,Eriophyes tiliae,Tilia,,,,,,,,,,,,,,,,,,,,,,,,,,,,,,,,,,,,
79668475,5/21/21,20400,https://www.inaturalist.org/observations/79668475,40.6538826,-73.999447,Aceria nyssae,Nyssa sylvatica,,,,,,,,,,,,,,,,,,,,,,,,,,,,,,,,,,,,
79164425,5/16/21,1411016,https://www.inaturalist.org/observations/79164425,40.6544333,-73.987512,Eriophyes tiliae,Tilia,,,,,,,,,,,,,,,,,,,,,,,,,,,,,,,,,,,,
78600919,5/13/21,3686894,https://www.inaturalist.org/observations/78600919,40.5871991,-73.887626,Eriophyes cerasicrumena,Prunus serotina,,,,,,,,,,,,,,,,,,,,,,,,,,,,,,,,,,,,
78387917,5/11/21,20400,https://www.inaturalist.org/observations/78387917,40.6519401,-73.987588,Eriophyes tiliae,Tilia americana,,,,,,,,,,,,,,,,,,,,,,,,,,,,,,,,,,,,
78387919,5/11/21,20400,https://www.inaturalist.org/observations/78387919,40.6516489,-73.991605,Eriophyes leiosoma,Tilia,,,,,,,,,,,,,,,,,,,,,,,,,,,,,,,,,,,,
78278365,5/10/21,4385478,https://www.inaturalist.org/observations/78278365,40.6871145,-73.962269,Eriophyes tiliae,Tilia,,,,,,,,,,,,,,,,,,,,,,,,,,,,,,,,,,,,
77881300,5/7/21,852601,https://www.inaturalist.org/observations/77881300,40.6505167,-73.985855,Eriophyes tiliae,Tilia americana,,,,,,,,,,,,,,,,,,,,,,,,,,,,,,,,,,,,
77801797,5/7/21,20400,https://www.inaturalist.org/observations/77801797,40.6515379,-73.997874,Vasates quadripedes,Acer saccharinum,,,,,,,,,,,,,,,,,,,,,,,,,,,,,,,,,,,,
77663247,5/6/21,20400,https://www.inaturalist.org/observations/77663247,40.6545122,-73.987599,Eriophyes tiliae,Tilia,,,,,,,,,,,,,,,,,,,,,,,,,,,,,,,,,,,,
76576918,5/2/21,20400,https://www.inaturalist.org/observations/76576918,40.6524438,-74.012041,Aceria celtis,Celtis occidentalis,,,,,,,,,,,,,,,,,,,,,,,,,,,,,,,,,,,,
76132834,5/1/21,20400,https://www.inaturalist.org/observations/76132834,40.6515139,-73.988547,Eriophyes tiliae,Tilia x europaea,,,,,,,,,,,,,,,,,,,,,,,,,,,,,,,,,,,,
75929087,4/30/21,1921470,https://www.inaturalist.org/observations/75929087,40.689381,-73.945605,Eriophyes tiliae,Tilia,,,,,,,,,,,,,,,,,,,,,,,,,,,,,,,,,,,,
75692464,4/29/21,20400,https://www.inaturalist.org/observations/75692464,40.6527337,-73.994116,Eriophyes cerasicrumena,Prunus serotina,,,,,,,,,,,,,,,,,,,,,,,,,,,,,,,,,,,,
75689815,4/29/21,20400,https://www.inaturalist.org/observations/75689815,40.6590758,-73.998703,Eriophyes tiliae,Tilia,,,,,,,,,,,,,,,,,,,,,,,,,,,,,,,,,,,,
75344873,4/26/21,20400,https://www.inaturalist.org/observations/75344873,40.651157,-73.992692,Vasates quadripedes,Acer saccharinum,,,,,,,,,,,,,,,,,,,,,,,,,,,,,,,,,,,,
74869595,4/22/21,20400,https://www.inaturalist.org/observations/74869595,40.6498234,-73.992662,Eriophyes tiliae,Tilia americana,,,,,,,,,,,,,,,,,,,,,,,,,,,,,,,,,,,,
69860171,10/14/07,259163,https://www.inaturalist.org/observations/69860171,40.6620919,-73.9699,Aceria parulmi,Ulmus americana,,,,,,,,,,,,,,,,,,,,,,,,,,,,,,,,,,,,
68071710,1/14/21,20400,https://www.inaturalist.org/observations/68071710,40.6529312,-73.995744,Aceria celtis,Celtis occidentalis,,,,,,,,,,,,,,,,,,,,,,,,,,,,,,,,,,,,
61483768,10/1/20,20400,https://www.inaturalist.org/observations/61483768,40.6545933,-73.996837,Aculops rhois,Rhus aromatica,,,,,,,,,,,,,,,,,,,,,,,,,,,,,,,,,,,,
55003865,7/4/20,246516,https://www.inaturalist.org/observations/55003865,40.66272,-73.975538,Eriophyes tiliae,Tilia,,,,,,,,,,,,,,,,,,,,,,,,,,,,,,,,,,,,
54844303,7/29/20,20400,https://www.inaturalist.org/observations/54844303,40.6521805,-73.999571,Aceria cinereae,Juglans cinerea,,,,,,,,,,,,,,,,,,,,,,,,,,,,,,,,,,,,
54554238,7/25/20,475839,https://www.inaturalist.org/observations/54554238,40.6751807,-73.914353,Aculops rhois,Rhus aromatica,,,,,,,,,,,,,,,,,,,,,,,,,,,,,,,,,,,,
54083988,7/23/20,20400,https://www.inaturalist.org/observations/54083988,40.6537642,-73.995193,Aceria brachytarsa,Juglans nigra,,,,,,,,,,,,,,,,,,,,,,,,,,,,,,,,,,,,
52096011,7/5/20,20400,https://www.inaturalist.org/observations/52096011,40.6546071,-73.996766,Aculops rhois,Rhus aromatica,,,,,,,,,,,,,,,,,,,,,,,,,,,,,,,,,,,,
51721455,7/2/20,1832648,https://www.inaturalist.org/observations/51721455,40.6538014,-73.972462,Eriophyes tiliae,Tilia americana,,,,,,,,,,,,,,,,,,,,,,,,,,,,,,,,,,,,
49896718,5/30/20,279977,https://www.inaturalist.org/observations/49896718,40.6103564,-73.92362,Eriophyes tiliae,Tilia americana,,,,,,,,,,,,,,,,,,,,,,,,,,,,,,,,,,,,
47726913,5/24/20,2920900,https://www.inaturalist.org/observations/47726913,40.6611154,-73.969784,Eriophyes tiliae,Tilia americana,,,,,,,,,,,,,,,,,,,,,,,,,,,,,,,,,,,,
47279081,5/25/20,2776913,https://www.inaturalist.org/observations/47279081,40.6678532,-73.986981,Eriophyes tiliae,Tilia americana,,,,,,,,,,,,,,,,,,,,,,,,,,,,,,,,,,,,
46863182,5/22/20,852601,https://www.inaturalist.org/observations/46863182,40.6607248,-73.977946,Eriophyes tiliae,Tilia americana,,,,,,,,,,,,,,,,,,,,,,,,,,,,,,,,,,,,
46835091,5/21/20,20400,https://www.inaturalist.org/observations/46835091,40.6492659,-73.995253,Aceria nyssae,Nyssa sylvatica,,,,,,,,,,,,,,,,,,,,,,,,,,,,,,,,,,,,
46292131,5/17/20,2980868,https://www.inaturalist.org/observations/46292131,40.6103014,-73.924721,Eriophyes tiliae,Tilia,,,,,,,,,,,,,,,,,,,,,,,,,,,,,,,,,,,,
46120357,5/16/20,1641512,https://www.inaturalist.org/observations/46120357,40.653145,-73.968863,Eriophyes tiliae,Tilia,,,,,,,,,,,,,,,,,,,,,,,,,,,,,,,,,,,,
45747422,5/12/20,20400,https://www.inaturalist.org/observations/45747422,40.6500326,-73.993344,Eriophyes tiliae,Tilia x europaea,,,,,,,,,,,,,,,,,,,,,,,,,,,,,,,,,,,,
39880740,3/7/20,18668,https://www.inaturalist.org/observations/39880740,40.6565197,-73.968235,Aceria celtis,Celtis occidentalis,,,,,,,,,,,,,,,,,,,,,,,,,,,,,,,,,,,,
39863301,3/7/20,20400,https://www.inaturalist.org/observations/39863301,40.6565276,-73.969778,Aceria celtis,Celtis occidentalis,,,,,,,,,,,,,,,,,,,,,,,,,,,,,,,,,,,,
33667443,9/30/19,2237866,https://www.inaturalist.org/observations/33667443,40.6404105,-74.032415,Eriophyes tiliae,Tilia,,,,,,,,,,,,,,,,,,,,,,,,,,,,,,,,,,,,
32868170,9/16/19,1824418,https://www.inaturalist.org/observations/32868170,40.6563674,-73.99162,Eriophyes tiliae,Tilia,,,,,,,,,,,,,,,,,,,,,,,,,,,,,,,,,,,,
26888538,6/9/19,1869333,https://www.inaturalist.org/observations/26888538,40.6742207,-73.971457,Aceria parulmi,Ulmus americana,,,,,,,,,,,,,,,,,,,,,,,,,,,,,,,,,,,,
23366377,4/27/19,438272,https://www.inaturalist.org/observations/23366377,40.6670033,-73.970413,Eriophyes tiliae,Tilia,,,,,,,,,,,,,,,,,,,,,,,,,,,,,,,,,,,,
17860060,10/26/18,1299783,https://www.inaturalist.org/observations/17860060,40.6616713,-73.978043,Eriophyes tiliae,Tilia,,,,,,,,,,,,,,,,,,,,,,,,,,,,,,,,,,,,
14495670,7/17/18,494532,https://www.inaturalist.org/observations/14495670,40.668321,-73.965907,Aculops rhois,,,,,,,,,,,,,,,,,,,,,,,,,,,,,,,,,,,,,
14495564,7/17/18,494532,https://www.inaturalist.org/observations/14495564,40.669211,-73.966614,Aculops rhois,,,,,,,,,,,,,,,,,,,,,,,,,,,,,,,,,,,,,
12243592,5/7/18,494532,https://www.inaturalist.org/observations/12243592,40.666256,-73.974839,Aceria campestricola,Ulmus,,,,,,,,,,,,,,,,,,,,,,,,,,,,,,,,,,,,
7343105,8/1/17,279977,https://www.inaturalist.org/observations/7343105,40.5813917,-73.891419,Aculops rhois,,,,,,,,,,,,,,,,,,,,,,,,,,,,,,,,,,,,,
249038846,10/25/24,1404382,https://www.inaturalist.org/observations/249038846,40.694745,-73.999978,Taxodiomyia cupressiananassa,Taxodium,,,,,,,,,,,,,,,,,,,,,,,,,,,,,,,,,,,,
236506432,8/18/24,689354,https://www.inaturalist.org/observations/236506432,40.6571417,-73.965303,Taxodiomyia cupressiananassa,Taxodium,,,,,,,,,,,,,,,,,,,,,,,,,,,,,,,,,,,,
236142041,8/16/24,4280560,https://www.inaturalist.org/observations/236142041,40.6945031,-74.000044,Taxodiomyia cupressiananassa,Taxodium,,,,,,,,,,,,,,,,,,,,,,,,,,,,,,,,,,,,
235802920,8/14/24,4256121,https://www.inaturalist.org/observations/235802920,40.6944663,-74.000122,Taxodiomyia cupressiananassa,Taxodium,,,,,,,,,,,,,,,,,,,,,,,,,,,,,,,,,,,,
235308785,8/11/24,20400,https://www.inaturalist.org/observations/235308785,40.6560957,-73.995348,Neolasioptera eupatorii,Ageratina altissima,,,,,,,,,,,,,,,,,,,,,,,,,,,,,,,,,,,,
233277038,8/2/24,8348284,https://www.inaturalist.org/observations/233277038,40.695055,-73.99948,Taxodiomyia cupressiananassa,Taxodium,,,,,,,,,,,,,,,,,,,,,,,,,,,,,,,,,,,,
244235308,7/30/24,1177689,https://www.inaturalist.org/observations/244235308,40.652165,-73.990139,Polystepha pilulae,Quercus palustris,,,,,,,,,,,,,,,,,,,,,,,,,,,,,,,,,,,,
250611247,7/19/24,3331215,https://www.inaturalist.org/observations/250611247,40.6536873,-74.019017,Asteromyia carbonifera,Solidago,,,,,,,,,,,,,,,,,,,,,,,,,,,,,,,,,,,,
229560390,7/15/24,20400,https://www.inaturalist.org/observations/229560390,40.6568285,-73.994467,Asphondylia pseudorosa,Solidago,,,,,,,,,,,,,,,,,,,,,,,,,,,,,,,,,,,,
226555985,7/1/24,20485,https://www.inaturalist.org/observations/226555985,40.658418,-73.974088,Celticecis spiniformis,Celtis occidentalis,,,,,,,,,,,,,,,,,,,,,,,,,,,,,,,,,,,,
220488736,6/4/24,1177689,https://www.inaturalist.org/observations/220488736,40.6568417,-73.987862,Macrodiplosis erubescens,Quercus,,,,,,,,,,,,,,,,,,,,,,,,,,,,,,,,,,,,
220048043,6/2/24,20400,https://www.inaturalist.org/observations/220048043,40.6585418,-73.971138,Dasineura pellex,Fraxinus,,,,,,,,,,,,,,,,,,,,,,,,,,,,,,,,,,,,
226194286,5/31/24,3331215,https://www.inaturalist.org/observations/226194286,40.6608899,-73.965142,Asteromyia carbonifera,Solidago,,,,,,,,,,,,,,,,,,,,,,,,,,,,,,,,,,,,
218621465,5/26/24,20400,https://www.inaturalist.org/observations/218621465,40.6580854,-73.971169,Dasineura tumidosae,Fraxinus,,,,,,,,,,,,,,,,,,,,,,,,,,,,,,,,,,,,
215736229,5/14/24,20400,https://www.inaturalist.org/observations/215736229,40.6546293,-73.995984,Macrodiplosis qoruca,Quercus palustris,,,,,,,,,,,,,,,,,,,,,,,,,,,,,,,,,,,,
213196823,4/27/24,18668,https://www.inaturalist.org/observations/213196823,40.624652,-73.906017,Rabdophaga rigidae,Salix,,,,,,,,,,,,,,,,,,,,,,,,,,,,,,,,,,,,
213196836,4/27/24,18668,https://www.inaturalist.org/observations/213196836,40.624652,-73.906017,Rabdophaga rigidae,Salix,,,,,,,,,,,,,,,,,,,,,,,,,,,,,,,,,,,,
213196841,4/27/24,18668,https://www.inaturalist.org/observations/213196841,40.624652,-73.906017,Rabdophaga rigidae,Salix,,,,,,,,,,,,,,,,,,,,,,,,,,,,,,,,,,,,
213196852,4/27/24,18668,https://www.inaturalist.org/observations/213196852,40.624652,-73.906017,Rabdophaga rigidae,Salix,,,,,,,,,,,,,,,,,,,,,,,,,,,,,,,,,,,,
213196863,4/27/24,18668,https://www.inaturalist.org/observations/213196863,40.624652,-73.906017,Rabdophaga rigidae,Salix,,,,,,,,,,,,,,,,,,,,,,,,,,,,,,,,,,,,
201137626,11/8/23,916592,https://www.inaturalist.org/observations/201137626,40.6535133,-73.999162,Taxodiomyia cupressiananassa,Taxodium,,,,,,,,,,,,,,,,,,,,,,,,,,,,,,,,,,,,
186726187,10/8/23,4363246,https://www.inaturalist.org/observations/186726187,40.6535483,-73.999158,Taxodiomyia cupressiananassa,Taxodium,,,,,,,,,,,,,,,,,,,,,,,,,,,,,,,,,,,,
184372486,9/20/23,2860446,https://www.inaturalist.org/observations/184372486,40.6921383,-74.000397,Taxodiomyia cupressiananassa,Taxodium,,,,,,,,,,,,,,,,,,,,,,,,,,,,,,,,,,,,
184064592,9/15/23,368287,https://www.inaturalist.org/observations/184064592,40.6949319,-73.999411,Taxodiomyia cupressiananassa,Taxodium,,,,,,,,,,,,,,,,,,,,,,,,,,,,,,,,,,,,
179665370,7/4/23,3331215,https://www.inaturalist.org/observations/179665370,40.5928318,-73.921259,Asteromyia carbonifera,Solidago,,,,,,,,,,,,,,,,,,,,,,,,,,,,,,,,,,,,
170871409,7/3/23,20400,https://www.inaturalist.org/observations/170871409,40.6525274,-73.995189,Celticecis spiniformis,Celtis occidentalis,,,,,,,,,,,,,,,,,,,,,,,,,,,,,,,,,,,,
170696008,7/2/23,20400,https://www.inaturalist.org/observations/170696008,40.6525234,-73.995195,Celticecis globosa,Celtis occidentalis,,,,,,,,,,,,,,,,,,,,,,,,,,,,,,,,,,,,
170771962,7/2/23,3191422,https://www.inaturalist.org/observations/170771962,40.6684532,-73.967711,Dasineura pellex,Fraxinus,,,,,,,,,,,,,,,,,,,,,,,,,,,,,,,,,,,,
169435685,6/25/23,20485,https://www.inaturalist.org/observations/169435685,40.6041258,-73.930347,Monarthropalpus flavus,Buxus microphylla/sempervirens,,,,,,,,,,,,,,,,,,,,,,,,,,,,,,,,,,,,
168578279,6/19/23,2493396,https://www.inaturalist.org/observations/168578279,40.6476801,-73.977343,Monarthropalpus flavus,Buxus microphylla/sempervirens,,,,,,,,,,,,,,,,,,,,,,,,,,,,,,,,,,,,
167954483,6/17/23,20400,https://www.inaturalist.org/observations/167954483,40.6504722,-74.019438,Obolodiplosis robiniae,Robinia pseudoacacia,,,,,,,,,,,,,,,,,,,,,,,,,,,,,,,,,,,,
166471614,6/9/23,20400,https://www.inaturalist.org/observations/166471614,40.6544798,-73.997466,Celticecis spiniformis,Celtis occidentalis,,,,,,,,,,,,,,,,,,,,,,,,,,,,,,,,,,,,
165479324,6/2/23,20400,https://www.inaturalist.org/observations/165479324,40.6556537,-73.998621,Macrodiplosis majalis,Quercus coccinea,,,,,,,,,,,,,,,,,,,,,,,,,,,,,,,,,,,,
163515088,5/24/23,20485,https://www.inaturalist.org/observations/163515088,40.6641735,-73.970679,Dasineura pellex,Fraxinus pennsylvanica,,,,,,,,,,,,,,,,,,,,,,,,,,,,,,,,,,,,
163322914,5/22/23,1079196,https://www.inaturalist.org/observations/163322914,40.6686283,-73.967537,Dasineura pellex,Fraxinus,,,,,,,,,,,,,,,,,,,,,,,,,,,,,,,,,,,,
162546158,5/19/23,20485,https://www.inaturalist.org/observations/162546158,40.5847759,-73.990628,Obolodiplosis robiniae,Robinia pseudoacacia,,,,,,,,,,,,,,,,,,,,,,,,,,,,,,,,,,,,
147588739,1/28/23,2493396,https://www.inaturalist.org/observations/147588739,40.6629535,-73.968514,Polystepha pilulae,Quercus,,,,,,,,,,,,,,,,,,,,,,,,,,,,,,,,,,,,
140420615,10/29/22,2657393,https://www.inaturalist.org/observations/140420615,40.69212,-74.000367,Taxodiomyia cupressiananassa,Taxodium,,,,,,,,,,,,,,,,,,,,,,,,,,,,,,,,,,,,
139264119,10/18/22,20400,https://www.inaturalist.org/observations/139264119,40.6524264,-73.997793,Caryomyia purpurea,Carya glabra,,,,,,,,,,,,,,,,,,,,,,,,,,,,,,,,,,,,
139264121,10/18/22,20400,https://www.inaturalist.org/observations/139264121,40.6524241,-73.997793,Caryomyia thompsoni,Carya glabra,,,,,,,,,,,,,,,,,,,,,,,,,,,,,,,,,,,,
139264122,10/18/22,20400,https://www.inaturalist.org/observations/139264122,40.6524082,-73.997825,Caryomyia thompsoni,Carya glabra,,,,,,,,,,,,,,,,,,,,,,,,,,,,,,,,,,,,
138431360,10/11/22,20400,https://www.inaturalist.org/observations/138431360,40.6579465,-73.99311,Polystepha pilulae,Quercus texana,,,,,,,,,,,,,,,,,,,,,,,,,,,,,,,,,,,,
137854382,10/6/22,20400,https://www.inaturalist.org/observations/137854382,40.6532446,-73.998583,Taxodiomyia cupressiananassa,Taxodium,,,,,,,,,,,,,,,,,,,,,,,,,,,,,,,,,,,,
135903304,9/21/22,1654975,https://www.inaturalist.org/observations/135903304,40.5866167,-73.882753,Asphondylia monacha,Solidago,,,,,,,,,,,,,,,,,,,,,,,,,,,,,,,,,,,,
134463527,9/10/22,20400,https://www.inaturalist.org/observations/134463527,40.653242,-73.998575,Taxodiomyia cupressiananassa,Taxodium distichum,,,,,,,,,,,,,,,,,,,,,,,,,,,,,,,,,,,,
134363238,9/9/22,20400,https://www.inaturalist.org/observations/134363238,40.652647,-73.996402,Caryomyia thompsoni,Carya glabra,,,,,,,,,,,,,,,,,,,,,,,,,,,,,,,,,,,,
134178818,9/7/22,20400,https://www.inaturalist.org/observations/134178818,40.6545648,-73.995214,Caryomyia caryae,Carya tomentosa,,,,,,,,,,,,,,,,,,,,,,,,,,,,,,,,,,,,
134175619,9/7/22,20400,https://www.inaturalist.org/observations/134175619,40.654516,-73.995234,Caryomyia cynipsea,Carya tomentosa,,,,,,,,,,,,,,,,,,,,,,,,,,,,,,,,,,,,
134174028,9/7/22,20400,https://www.inaturalist.org/observations/134174028,40.6545401,-73.995288,Caryomyia eumaris,Carya tomentosa,,,,,,,,,,,,,,,,,,,,,,,,,,,,,,,,,,,,
134175069,9/7/22,20400,https://www.inaturalist.org/observations/134175069,40.6545273,-73.995276,Caryomyia persicoides,Carya tomentosa,,,,,,,,,,,,,,,,,,,,,,,,,,,,,,,,,,,,
134177095,9/7/22,20400,https://www.inaturalist.org/observations/134177095,40.6545037,-73.995273,Caryomyia persicoides,Carya tomentosa,,,,,,,,,,,,,,,,,,,,,,,,,,,,,,,,,,,,
134337748,9/7/22,20400,https://www.inaturalist.org/observations/134337748,40.6544425,-73.995267,Caryomyia persicoides,Carya tomentosa,,,,,,,,,,,,,,,,,,,,,,,,,,,,,,,,,,,,
134093277,9/7/22,20400,https://www.inaturalist.org/observations/134093277,40.6546821,-73.995984,Polystepha pilulae,Quercus palustris,,,,,,,,,,,,,,,,,,,,,,,,,,,,,,,,,,,,
133666514,9/4/22,20400,https://www.inaturalist.org/observations/133666514,40.6504565,-73.98952,Caryomyia thompsoni,Carya glabra,,,,,,,,,,,,,,,,,,,,,,,,,,,,,,,,,,,,
133637842,9/4/22,259163,https://www.inaturalist.org/observations/133637842,40.6637754,-73.963939,Polystepha pilulae,Quercus,,,,,,,,,,,,,,,,,,,,,,,,,,,,,,,,,,,,
133617838,9/4/22,550350,https://www.inaturalist.org/observations/133617838,40.6951056,-73.999569,Taxodiomyia cupressiananassa,Taxodium,,,,,,,,,,,,,,,,,,,,,,,,,,,,,,,,,,,,
133590350,9/2/22,20400,https://www.inaturalist.org/observations/133590350,40.6579489,-73.993081,Polystepha pilulae,Quercus texana,,,,,,,,,,,,,,,,,,,,,,,,,,,,,,,,,,,,
132687573,8/28/22,20400,https://www.inaturalist.org/observations/132687573,40.6543647,-73.997457,Resseliella liriodendri,Liriodendron tulipifera,,,,,,,,,,,,,,,,,,,,,,,,,,,,,,,,,,,,
133080695,8/17/22,753883,https://www.inaturalist.org/observations/133080695,40.6945119,-73.999752,Taxodiomyia cupressiananassa,Taxodium distichum,,,,,,,,,,,,,,,,,,,,,,,,,,,,,,,,,,,,
130721655,8/12/22,1523941,https://www.inaturalist.org/observations/130721655,40.6534935,-73.999226,Taxodiomyia cupressiananassa,Taxodium,,,,,,,,,,,,,,,,,,,,,,,,,,,,,,,,,,,,
130005458,8/8/22,904705,https://www.inaturalist.org/observations/130005458,40.603395,-73.923797,Asteromyia carbonifera,Solidago,,,,,,,,,,,,,,,,,,,,,,,,,,,,,,,,,,,,
129226078,7/31/22,279977,https://www.inaturalist.org/observations/129226078,40.655575,-73.996162,Resseliella liriodendri,Liriodendron tulipifera,,,,,,,,,,,,,,,,,,,,,,,,,,,,,,,,,,,,
125649461,7/10/22,20400,https://www.inaturalist.org/observations/125649461,40.6544589,-73.997575,Celticecis spiniformis,Celtis occidentalis,,,,,,,,,,,,,,,,,,,,,,,,,,,,,,,,,,,,
125636324,7/10/22,3727789,https://www.inaturalist.org/observations/125636324,40.6508577,-73.985493,Taxodiomyia cupressiananassa,Taxodium,,,,,,,,,,,,,,,,,,,,,,,,,,,,,,,,,,,,
125327411,7/6/22,3926408,https://www.inaturalist.org/observations/125327411,40.6669883,-73.96312,Polystepha pilulae,Quercus palustris,,,,,,,,,,,,,,,,,,,,,,,,,,,,,,,,,,,,
125054296,7/6/22,42833,https://www.inaturalist.org/observations/125054296,40.6944042,-73.999967,Taxodiomyia cupressiananassa,Taxodium,,,,,,,,,,,,,,,,,,,,,,,,,,,,,,,,,,,,
124200545,6/30/22,2860446,https://www.inaturalist.org/observations/124200545,40.6942467,-73.999947,Taxodiomyia cupressiananassa,Taxodium,,,,,,,,,,,,,,,,,,,,,,,,,,,,,,,,,,,,
123373747,6/25/22,259163,https://www.inaturalist.org/observations/123373747,40.6539338,-73.999423,Taxodiomyia cupressiananassa,Taxodium,,,,,,,,,,,,,,,,,,,,,,,,,,,,,,,,,,,,
121669855,6/13/22,20400,https://www.inaturalist.org/observations/121669855,40.6539829,-73.999417,Taxodiomyia cupressiananassa,Taxodium distichum,,,,,,,,,,,,,,,,,,,,,,,,,,,,,,,,,,,,
117982916,5/20/22,20400,https://www.inaturalist.org/observations/117982916,40.6529108,-73.99321,Macrodiplosis niveipila,Quercus rubra,,,,,,,,,,,,,,,,,,,,,,,,,,,,,,,,,,,,
98593833,10/17/21,20400,https://www.inaturalist.org/observations/98593833,40.6492171,-73.98942,Polystepha pilulae,Quercus palustris,,,,,,,,,,,,,,,,,,,,,,,,,,,,,,,,,,,,
98043548,10/12/21,20400,https://www.inaturalist.org/observations/98043548,40.6523898,-73.98701,Polystepha globosa,Quercus rubra,,,,,,,,,,,,,,,,,,,,,,,,,,,,,,,,,,,,
97789275,10/9/21,20400,https://www.inaturalist.org/observations/97789275,40.6565458,-73.992613,Caryomyia ansericollum,Carya cordiformis,,,,,,,,,,,,,,,,,,,,,,,,,,,,,,,,,,,,
97788614,10/9/21,20400,https://www.inaturalist.org/observations/97788614,40.6522552,-73.991085,Polystepha pilulae,Quercus velutina,,,,,,,,,,,,,,,,,,,,,,,,,,,,,,,,,,,,
97784723,10/9/21,20400,https://www.inaturalist.org/observations/97784723,40.6536544,-73.994968,Resseliella liriodendri,Liriodendron tulipifera,,,,,,,,,,,,,,,,,,,,,,,,,,,,,,,,,,,,
97997613,10/7/21,279977,https://www.inaturalist.org/observations/97997613,40.6038967,-73.928978,Asteromyia carbonifera,Solidago,,,,,,,,,,,,,,,,,,,,,,,,,,,,,,,,,,,,
97535718,10/7/21,20400,https://www.inaturalist.org/observations/97535718,40.6521716,-73.987099,Polystepha globosa,Quercus rubra,,,,,,,,,,,,,,,,,,,,,,,,,,,,,,,,,,,,
97505795,10/7/21,20400,https://www.inaturalist.org/observations/97505795,40.6540237,-73.999423,Taxodiomyia cupressiananassa,Taxodium distichum,,,,,,,,,,,,,,,,,,,,,,,,,,,,,,,,,,,,
97295266,10/5/21,20400,https://www.inaturalist.org/observations/97295266,40.6493684,-73.99066,Caryomyia thompsoni,Carya glabra,,,,,,,,,,,,,,,,,,,,,,,,,,,,,,,,,,,,
97287777,10/5/21,20400,https://www.inaturalist.org/observations/97287777,40.6498234,-73.98625,Macrodiplosis majalis,Quercus coccinea,,,,,,,,,,,,,,,,,,,,,,,,,,,,,,,,,,,,
97286552,10/5/21,20400,https://www.inaturalist.org/observations/97286552,40.6502077,-73.988299,Macrodiplosis majalis,Quercus palustris,,,,,,,,,,,,,,,,,,,,,,,,,,,,,,,,,,,,
97286549,10/5/21,20400,https://www.inaturalist.org/observations/97286549,40.6502077,-73.988304,Polystepha pilulae,Quercus palustris,,,,,,,,,,,,,,,,,,,,,,,,,,,,,,,,,,,,
97165247,10/4/21,20400,https://www.inaturalist.org/observations/97165247,40.6521154,-73.998546,Polystepha pilulae,Quercus palustris,,,,,,,,,,,,,,,,,,,,,,,,,,,,,,,,,,,,
97061026,10/3/21,20400,https://www.inaturalist.org/observations/97061026,40.6579396,-73.993083,Macrodiplosis majalis,Quercus texana,,,,,,,,,,,,,,,,,,,,,,,,,,,,,,,,,,,,
97149603,10/3/21,1411016,https://www.inaturalist.org/observations/97149603,40.6698917,-73.966317,Polystepha pilulae,Quercus marilandica,,,,,,,,,,,,,,,,,,,,,,,,,,,,,,,,,,,,
97148994,10/3/21,1411016,https://www.inaturalist.org/observations/97148994,40.6667833,-73.962455,Polystepha pilulae,Quercus palustris,,,,,,,,,,,,,,,,,,,,,,,,,,,,,,,,,,,,
97061016,10/3/21,20400,https://www.inaturalist.org/observations/97061016,40.6579457,-73.993086,Polystepha pilulae,Quercus texana,,,,,,,,,,,,,,,,,,,,,,,,,,,,,,,,,,,,
96802182,10/1/21,4947062,https://www.inaturalist.org/observations/96802182,40.6826034,-74.002285,Polystepha pilulae,Quercus,,,,,,,,,,,,,,,,,,,,,,,,,,,,,,,,,,,,
96009338,9/24/21,981042,https://www.inaturalist.org/observations/96009338,40.6983,-73.997987,Polystepha pilulae,Quercus,,,,,,,,,,,,,,,,,,,,,,,,,,,,,,,,,,,,
95587522,9/20/21,20400,https://www.inaturalist.org/observations/95587522,40.6540246,-73.999425,Taxodiomyia cupressiananassa,Taxodium distichum,,,,,,,,,,,,,,,,,,,,,,,,,,,,,,,,,,,,
94990661,9/15/21,20400,https://www.inaturalist.org/observations/94990661,40.6535888,-73.999176,Taxodiomyia cupressiananassa,Taxodium distichum,,,,,,,,,,,,,,,,,,,,,,,,,,,,,,,,,,,,
94629038,9/12/21,20400,https://www.inaturalist.org/observations/94629038,40.6567131,-73.991976,Caryomyia ansericollum,Carya cordiformis,,,,,,,,,,,,,,,,,,,,,,,,,,,,,,,,,,,,
94629039,9/12/21,20400,https://www.inaturalist.org/observations/94629039,40.6566368,-73.992114,Caryomyia ansericollum,Carya cordiformis,,,,,,,,,,,,,,,,,,,,,,,,,,,,,,,,,,,,
94598488,9/12/21,20400,https://www.inaturalist.org/observations/94598488,40.6579653,-73.993082,Polystepha pilulae,Quercus texana,,,,,,,,,,,,,,,,,,,,,,,,,,,,,,,,,,,,
94599543,9/12/21,20400,https://www.inaturalist.org/observations/94599543,40.6579569,-73.993069,Polystepha pilulae,Quercus texana,,,,,,,,,,,,,,,,,,,,,,,,,,,,,,,,,,,,
94200022,9/8/21,20400,https://www.inaturalist.org/observations/94200022,40.6489711,-73.992126,Caryomyia caryaecola,Carya,,,,,,,,,,,,,,,,,,,,,,,,,,,,,,,,,,,,
94200024,9/8/21,20400,https://www.inaturalist.org/observations/94200024,40.6490952,-73.992415,Caryomyia thompsoni,Carya,,,,,,,,,,,,,,,,,,,,,,,,,,,,,,,,,,,,
94200025,9/8/21,20400,https://www.inaturalist.org/observations/94200025,40.6493495,-73.992444,Caryomyia tubicola,Carya,,,,,,,,,,,,,,,,,,,,,,,,,,,,,,,,,,,,
93038731,8/29/21,20400,https://www.inaturalist.org/observations/93038731,40.6540595,-73.996342,Caryomyia tubicola,Carya tomentosa,,,,,,,,,,,,,,,,,,,,,,,,,,,,,,,,,,,,
91391776,8/15/21,20400,https://www.inaturalist.org/observations/91391776,40.6494888,-73.992659,Caryomyia thompsoni,Carya laciniosa,,,,,,,,,,,,,,,,,,,,,,,,,,,,,,,,,,,,
90702685,8/10/21,4409520,https://www.inaturalist.org/observations/90702685,40.6949391,-73.999433,Taxodiomyia cupressiananassa,Taxodium,,,,,,,,,,,,,,,,,,,,,,,,,,,,,,,,,,,,
90600988,8/9/21,20400,https://www.inaturalist.org/observations/90600988,40.6553834,-73.998921,Caryomyia ansericollum,Carya cordiformis,,,,,,,,,,,,,,,,,,,,,,,,,,,,,,,,,,,,
90293717,8/7/21,1523941,https://www.inaturalist.org/observations/90293717,40.6487377,-73.990249,Caryomyia aggregata,Carya glabra,,,,,,,,,,,,,,,,,,,,,,,,,,,,,,,,,,,,
89527562,8/1/21,1523941,https://www.inaturalist.org/observations/89527562,40.6944677,-73.999892,Taxodiomyia cupressiananassa,Taxodium,,,,,,,,,,,,,,,,,,,,,,,,,,,,,,,,,,,,
89532307,8/1/21,20400,https://www.inaturalist.org/observations/89532307,40.6509601,-73.984951,Taxodiomyia cupressiananassa,Taxodium distichum,,,,,,,,,,,,,,,,,,,,,,,,,,,,,,,,,,,,
88524276,7/24/21,20400,https://www.inaturalist.org/observations/88524276,40.6683212,-73.971607,Polystepha pilulae,Quercus palustris,,,,,,,,,,,,,,,,,,,,,,,,,,,,,,,,,,,,
88524270,7/24/21,20400,https://www.inaturalist.org/observations/88524270,40.666845,-73.971672,Polystepha pilulae,Quercus rubra,,,,,,,,,,,,,,,,,,,,,,,,,,,,,,,,,,,,
86568885,7/10/21,20400,https://www.inaturalist.org/observations/86568885,40.649391,-73.990688,Caryomyia thompsoni,Carya,,,,,,,,,,,,,,,,,,,,,,,,,,,,,,,,,,,,
86063373,7/7/21,20485,https://www.inaturalist.org/observations/86063373,40.6943775,-74.000224,Taxodiomyia cupressiananassa,Taxodium,,,,,,,,,,,,,,,,,,,,,,,,,,,,,,,,,,,,
84615256,6/26/21,20400,https://www.inaturalist.org/observations/84615256,40.650632,-73.98908,Polystepha pilulae,Quercus palustris,,,,,,,,,,,,,,,,,,,,,,,,,,,,,,,,,,,,
84546806,6/26/21,4341767,https://www.inaturalist.org/observations/84546806,40.7047016,-73.987771,Taxodiomyia cupressiananassa,Taxodium,,,,,,,,,,,,,,,,,,,,,,,,,,,,,,,,,,,,
78385845,5/11/21,20400,https://www.inaturalist.org/observations/78385845,40.6523565,-73.987056,Contarinia racemi,Prunus serotina,,,,,,,,,,,,,,,,,,,,,,,,,,,,,,,,,,,,
77341182,5/4/21,20400,https://www.inaturalist.org/observations/77341182,40.6510488,-73.995755,Contarinia racemi,Prunus serotina,,,,,,,,,,,,,,,,,,,,,,,,,,,,,,,,,,,,
77345153,5/4/21,20400,https://www.inaturalist.org/observations/77345153,40.6535379,-73.999935,Macrodiplosis majalis,Quercus palustris,,,,,,,,,,,,,,,,,,,,,,,,,,,,,,,,,,,,
75584199,4/28/21,20400,https://www.inaturalist.org/observations/75584199,40.6545849,-73.999155,Macrodiplosis erubescens,Quercus palustris,,,,,,,,,,,,,,,,,,,,,,,,,,,,,,,,,,,,
67520975,1/2/21,20400,https://www.inaturalist.org/observations/67520975,40.6549375,-73.996776,Contarinia cerasiserotinae,Prunus serotina,,,,,,,,,,,,,,,,,,,,,,,,,,,,,,,,,,,,
63208380,10/21/20,20400,https://www.inaturalist.org/observations/63208380,40.6540795,-73.999411,Taxodiomyia cupressiananassa,Taxodium distichum,,,,,,,,,,,,,,,,,,,,,,,,,,,,,,,,,,,,
62325442,10/10/20,20400,https://www.inaturalist.org/observations/62325442,40.6493647,-73.990645,Caryomyia persicoides,Carya glabra,,,,,,,,,,,,,,,,,,,,,,,,,,,,,,,,,,,,
61597654,10/2/20,20400,https://www.inaturalist.org/observations/61597654,40.6551717,-73.998364,Caryomyia ansericollum,Carya cordiformis,,,,,,,,,,,,,,,,,,,,,,,,,,,,,,,,,,,,
61443749,9/27/20,20485,https://www.inaturalist.org/observations/61443749,40.6034351,-73.928413,Asteromyia carbonifera,Solidago,,,,,,,,,,,,,,,,,,,,,,,,,,,,,,,,,,,,
59504070,9/13/20,20400,https://www.inaturalist.org/observations/59504070,40.6464334,-73.987357,Polystepha pilulae,Quercus palustris,,,,,,,,,,,,,,,,,,,,,,,,,,,,,,,,,,,,
58910777,9/7/20,20400,https://www.inaturalist.org/observations/58910777,40.6553468,-73.998926,Caryomyia ansericollum,Carya cordiformis,,,,,,,,,,,,,,,,,,,,,,,,,,,,,,,,,,,,
58853222,9/7/20,1406478,https://www.inaturalist.org/observations/58853222,40.7048545,-73.988059,Taxodiomyia cupressiananassa,Taxodium,,,,,,,,,,,,,,,,,,,,,,,,,,,,,,,,,,,,
58645934,9/5/20,20400,https://www.inaturalist.org/observations/58645934,40.6516146,-73.985576,Polystepha pilulae,Quercus palustris,,,,,,,,,,,,,,,,,,,,,,,,,,,,,,,,,,,,
58444773,9/3/20,20400,https://www.inaturalist.org/observations/58444773,40.6559038,-73.990932,Polystepha pilulae,Quercus palustris,,,,,,,,,,,,,,,,,,,,,,,,,,,,,,,,,,,,
58135942,8/30/20,20400,https://www.inaturalist.org/observations/58135942,40.647502,-73.986466,Polystepha pilulae,Quercus palustris,,,,,,,,,,,,,,,,,,,,,,,,,,,,,,,,,,,,
57254360,8/22/20,20400,https://www.inaturalist.org/observations/57254360,40.652606,-73.996385,Caryomyia persicoides,Carya glabra,,,,,,,,,,,,,,,,,,,,,,,,,,,,,,,,,,,,
57254361,8/22/20,20400,https://www.inaturalist.org/observations/57254361,40.6526329,-73.996378,Caryomyia tubicola,Carya glabra,,,,,,,,,,,,,,,,,,,,,,,,,,,,,,,,,,,,
57271121,8/22/20,1432489,https://www.inaturalist.org/observations/57271121,40.7047687,-73.987688,Taxodiomyia cupressiananassa,Taxodium,,,,,,,,,,,,,,,,,,,,,,,,,,,,,,,,,,,,
56873852,8/18/20,20400,https://www.inaturalist.org/observations/56873852,40.6533267,-73.999841,Caryomyia ansericollum,Carya cordiformis,,,,,,,,,,,,,,,,,,,,,,,,,,,,,,,,,,,,
55928582,8/8/20,20400,https://www.inaturalist.org/observations/55928582,40.6493155,-73.992331,Caryomyia aggregata,Carya glabra,,,,,,,,,,,,,,,,,,,,,,,,,,,,,,,,,,,,
55929608,8/8/20,20400,https://www.inaturalist.org/observations/55929608,40.6493065,-73.992365,Caryomyia caryaecola,Carya,,,,,,,,,,,,,,,,,,,,,,,,,,,,,,,,,,,,
55928583,8/8/20,20400,https://www.inaturalist.org/observations/55928583,40.6493379,-73.992393,Caryomyia thompsoni,Carya glabra,,,,,,,,,,,,,,,,,,,,,,,,,,,,,,,,,,,,
55928589,8/8/20,20400,https://www.inaturalist.org/observations/55928589,40.649344,-73.992374,Caryomyia tubicola,Carya glabra,,,,,,,,,,,,,,,,,,,,,,,,,,,,,,,,,,,,
55791329,8/7/20,20400,https://www.inaturalist.org/observations/55791329,40.649314,-73.992287,Caryomyia sanguinolenta,Carya glabra,,,,,,,,,,,,,,,,,,,,,,,,,,,,,,,,,,,,
55791326,8/7/20,20400,https://www.inaturalist.org/observations/55791326,40.6486242,-73.992686,Caryomyia tuberculata,Carya glabra,,,,,,,,,,,,,,,,,,,,,,,,,,,,,,,,,,,,
55791328,8/7/20,20400,https://www.inaturalist.org/observations/55791328,40.649314,-73.99227,Caryomyia tubicola,Carya glabra,,,,,,,,,,,,,,,,,,,,,,,,,,,,,,,,,,,,
55377426,8/3/20,20400,https://www.inaturalist.org/observations/55377426,40.6568373,-73.991638,Caryomyia ansericollum,Carya cordiformis,,,,,,,,,,,,,,,,,,,,,,,,,,,,,,,,,,,,
55136519,8/1/20,20400,https://www.inaturalist.org/observations/55136519,40.6524222,-73.997799,Caryomyia tubicola,Carya glabra,,,,,,,,,,,,,,,,,,,,,,,,,,,,,,,,,,,,
54084954,7/23/20,20400,https://www.inaturalist.org/observations/54084954,40.653689,-73.992996,Caryomyia aggregata,Carya,,,,,,,,,,,,,,,,,,,,,,,,,,,,,,,,,,,,
53866321,7/21/20,20400,https://www.inaturalist.org/observations/53866321,40.6524332,-73.99781,Caryomyia caryae,Carya glabra,,,,,,,,,,,,,,,,,,,,,,,,,,,,,,,,,,,,
53470518,7/17/20,20400,https://www.inaturalist.org/observations/53470518,40.654043,-73.996458,Caryomyia marginata,Carya,,,,,,,,,,,,,,,,,,,,,,,,,,,,,,,,,,,,
53476988,7/17/20,20400,https://www.inaturalist.org/observations/53476988,40.6540008,-73.996428,Caryomyia purpurea,Carya,,,,,,,,,,,,,,,,,,,,,,,,,,,,,,,,,,,,
53116358,7/14/20,20400,https://www.inaturalist.org/observations/53116358,40.6494242,-73.990407,Caryomyia sanguinolenta,Carya glabra,,,,,,,,,,,,,,,,,,,,,,,,,,,,,,,,,,,,
53116362,7/14/20,20400,https://www.inaturalist.org/observations/53116362,40.6494198,-73.990361,Caryomyia thompsoni,Carya glabra,,,,,,,,,,,,,,,,,,,,,,,,,,,,,,,,,,,,
52534319,7/8/20,18668,https://www.inaturalist.org/observations/52534319,40.6426583,-73.968358,Neolasioptera thurstoni,Helianthus divaricatus,,,,,,,,,,,,,,,,,,,,,,,,,,,,,,,,,,,,
52175782,7/6/20,2076745,https://www.inaturalist.org/observations/52175782,40.6966778,-73.99857,Taxodiomyia cupressiananassa,Taxodium,,,,,,,,,,,,,,,,,,,,,,,,,,,,,,,,,,,,
51157782,6/25/20,846726,https://www.inaturalist.org/observations/51157782,40.704845,-73.987762,Taxodiomyia cupressiananassa,Taxodium,,,,,,,,,,,,,,,,,,,,,,,,,,,,,,,,,,,,
50728463,6/23/20,2370230,https://www.inaturalist.org/observations/50728463,40.7048984,-73.988266,Taxodiomyia cupressiananassa,Taxodium,,,,,,,,,,,,,,,,,,,,,,,,,,,,,,,,,,,,
34331964,10/13/19,20400,https://www.inaturalist.org/observations/34331964,40.6536019,-73.991847,Resseliella liriodendri,Liriodendron tulipifera,,,,,,,,,,,,,,,,,,,,,,,,,,,,,,,,,,,,
33559971,9/28/19,20400,https://www.inaturalist.org/observations/33559971,40.6536019,-73.991847,Resseliella liriodendri,Liriodendron tulipifera,,,,,,,,,,,,,,,,,,,,,,,,,,,,,,,,,,,,
32987259,9/18/19,210221,https://www.inaturalist.org/observations/32987259,40.6948471,-73.999725,Taxodiomyia cupressiananassa,Taxodium,,,,,,,,,,,,,,,,,,,,,,,,,,,,,,,,,,,,
31983612,9/2/19,211426,https://www.inaturalist.org/observations/31983612,40.7049266,-73.98803,Taxodiomyia cupressiananassa,Taxodium,,,,,,,,,,,,,,,,,,,,,,,,,,,,,,,,,,,,
69860166,10/14/07,259163,,40.6620919,-73.9699,Polystepha globosa,Quercus,,,,,,,,,,,,,,,,,,,,,,,,,,,,,,,,,,,,
,,,,,,,,,,,,,,,,,,,,,,,,,,,,,,,,,,,,,,,,,,,
,,,,,,,,,,,,,,,,,,,,,,,,,,,,,,,,,,,,,,,,,,,
,,,,,,,,,,,,,,,,,,,,,,,,,,,,,,,,,,,,,,,,,,,
,,,,,,,,,,,,,,,,,,,,,,,,,,,,,,,,,,,,,,,,,,,
,,,,,,,,,,,,,,,,,,,,,,,,,,,,,,,,,,,,,,,,,,,
,,,,,,,,,,,,,,,,,,,,,,,,,,,,,,,,,,,,,,,,,,,
,,,,,,,,,,,,,,,,,,,,,,,,,,,,,,,,,,,,,,,,,,,
,,,,,,,,,,,,,,,,,,,,,,,,,,,,,,,,,,,,,,,,,,,
,,,,,,,,,,,,,,,,,,,,,,,,,,,,,,,,,,,,,,,,,,,
,,,,,,,,,,,,,,,,,,,,,,,,,,,,,,,,,,,,,,,,,,,
,,,,,,,,,,,,,,,,,,,,,,,,,,,,,,,,,,,,,,,,,,,
,,,,,,,,,,,,,,,,,,,,,,,,,,,,,,,,,,,,,,,,,,,
,,,,,,,,,,,,,,,,,,,,,,,,,,,,,,,,,,,,,,,,,,,
,,,,,,,,,,,,,,,,,,,,,,,,,,,,,,,,,,,,,,,,,,,
,,,,,,,,,,,,,,,,,,,,,,,,,,,,,,,,,,,,,,,,,,,
,,,,,,,,,,,,,,,,,,,,,,,,,,,,,,,,,,,,,,,,,,,
,,,,,,,,,,,,,,,,,,,,,,,,,,,,,,,,,,,,,,,,,,,
,,,,,,,,,,,,,,,,,,,,,,,,,,,,,,,,,,,,,,,,,,,
,,,,,,,,,,,,,,,,,,,,,,,,,,,,,,,,,,,,,,,,,,,
,,,,,,,,,,,,,,,,,,,,,,,,,,,,,,,,,,,,,,,,,,,
,,,,,,,,,,,,,,,,,,,,,,,,,,,,,,,,,,,,,,,,,,,
,,,,,,,,,,,,,,,,,,,,,,,,,,,,,,,,,,,,,,,,,,,
,,,,,,,,,,,,,,,,,,,,,,,,,,,,,,,,,,,,,,,,,,,
,,,,,,,,,,,,,,,,,,,,,,,,,,,,,,,,,,,,,,,,,,,
,,,,,,,,,,,,,,,,,,,,,,,,,,,,,,,,,,,,,,,,,,,
,,,,,,,,,,,,,,,,,,,,,,,,,,,,,,,,,,,,,,,,,,,
,,,,,,,,,,,,,,,,,,,,,,,,,,,,,,,,,,,,,,,,,,,
,,,,,,,,,,,,,,,,,,,,,,,,,,,,,,,,,,,,,,,,,,,
,,,,,,,,,,,,,,,,,,,,,,,,,,,,,,,,,,,,,,,,,,,
,,,,,,,,,,,,,,,,,,,,,,,,,,,,,,,,,,,,,,,,,,,
,,,,,,,,,,,,,,,,,,,,,,,,,,,,,,,,,,,,,,,,,,,
,,,,,,,,,,,,,,,,,,,,,,,,,,,,,,,,,,,,,,,,,,,
,,,,,,,,,,,,,,,,,,,,,,,,,,,,,,,,,,,,,,,,,,,
,,,,,,,,,,,,,,,,,,,,,,,,,,,,,,,,,,,,,,,,,,,
,,,,,,,,,,,,,,,,,,,,,,,,,,,,,,,,,,,,,,,,,,,
,,,,,,,,,,,,,,,,,,,,,,,,,,,,,,,,,,,,,,,,,,,
,,,,,,,,,,,,,,,,,,,,,,,,,,,,,,,,,,,,,,,,,,,
,,,,,,,,,,,,,,,,,,,,,,,,,,,,,,,,,,,,,,,,,,,
,,,,,,,,,,,,,,,,,,,,,,,,,,,,,,,,,,,,,,,,,,,
,,,,,,,,,,,,,,,,,,,,,,,,,,,,,,,,,,,,,,,,,,,
,,,,,,,,,,,,,,,,,,,,,,,,,,,,,,,,,,,,,,,,,,,
,,,,,,,,,,,,,,,,,,,,,,,,,,,,,,,,,,,,,,,,,,,
,,,,,,,,,,,,,,,,,,,,,,,,,,,,,,,,,,,,,,,,,,,
,,,,,,,,,,,,,,,,,,,,,,,,,,,,,,,,,,,,,,,,,,,
,,,,,,,,,,,,,,,,,,,,,,,,,,,,,,,,,,,,,,,,,,,
,,,,,,,,,,,,,,,,,,,,,,,,,,,,,,,,,,,,,,,,,,,
,,,,,,,,,,,,,,,,,,,,,,,,,,,,,,,,,,,,,,,,,,,
,,,,,,,,,,,,,,,,,,,,,,,,,,,,,,,,,,,,,,,,,,,
,,,,,,,,,,,,,,,,,,,,,,,,,,,,,,,,,,,,,,,,,,,
,,,,,,,,,,,,,,,,,,,,,,,,,,,,,,,,,,,,,,,,,,,
,,,,,,,,,,,,,,,,,,,,,,,,,,,,,,,,,,,,,,,,,,,
,,,,,,,,,,,,,,,,,,,,,,,,,,,,,,,,,,,,,,,,,,,
,,,,,,,,,,,,,,,,,,,,,,,,,,,,,,,,,,,,,,,,,,,
,,,,,,,,,,,,,,,,,,,,,,,,,,,,,,,,,,,,,,,,,,,
,,,,,,,,,,,,,,,,,,,,,,,,,,,,,,,,,,,,,,,,,,,
,,,,,,,,,,,,,,,,,,,,,,,,,,,,,,,,,,,,,,,,,,,
,,,,,,,,,,,,,,,,,,,,,,,,,,,,,,,,,,,,,,,,,,,
,,,,,,,,,,,,,,,,,,,,,,,,,,,,,,,,,,,,,,,,,,,
,,,,,,,,,,,,,,,,,,,,,,,,,,,,,,,,,,,,,,,,,,,
,,,,,,,,,,,,,,,,,,,,,,,,,,,,,,,,,,,,,,,,,,,
,,,,,,,,,,,,,,,,,,,,,,,,,,,,,,,,,,,,,,,,,,,
,,,,,,,,,,,,,,,,,,,,,,,,,,,,,,,,,,,,,,,,,,,
,,,,,,,,,,,,,,,,,,,,,,,,,,,,,,,,,,,,,,,,,,,
,,,,,,,,,,,,,,,,,,,,,,,,,,,,,,,,,,,,,,,,,,,
,,,,,,,,,,,,,,,,,,,,,,,,,,,,,,,,,,,,,,,,,,,
,,,,,,,,,,,,,,,,,,,,,,,,,,,,,,,,,,,,,,,,,,,
,,,,,,,,,,,,,,,,,,,,,,,,,,,,,,,,,,,,,,,,,,,
,,,,,,,,,,,,,,,,,,,,,,,,,,,,,,,,,,,,,,,,,,,
,,,,,,,,,,,,,,,,,,,,,,,,,,,,,,,,,,,,,,,,,,,
,,,,,,,,,,,,,,,,,,,,,,,,,,,,,,,,,,,,,,,,,,,
,,,,,,,,,,,,,,,,,,,,,,,,,,,,,,,,,,,,,,,,,,,
,,,,,,,,,,,,,,,,,,,,,,,,,,,,,,,,,,,,,,,,,,,
,,,,,,,,,,,,,,,,,,,,,,,,,,,,,,,,,,,,,,,,,,,
,,,,,,,,,,,,,,,,,,,,,,,,,,,,,,,,,,,,,,,,,,,
,,,,,,,,,,,,,,,,,,,,,,,,,,,,,,,,,,,,,,,,,,,
,,,,,,,,,,,,,,,,,,,,,,,,,,,,,,,,,,,,,,,,,,,
,,,,,,,,,,,,,,,,,,,,,,,,,,,,,,,,,,,,,,,,,,,
,,,,,,,,,,,,,,,,,,,,,,,,,,,,,,,,,,,,,,,,,,,
,,,,,,,,,,,,,,,,,,,,,,,,,,,,,,,,,,,,,,,,,,,
,,,,,,,,,,,,,,,,,,,,,,,,,,,,,,,,,,,,,,,,,,,
,,,,,,,,,,,,,,,,,,,,,,,,,,,,,,,,,,,,,,,,,,,
,,,,,,,,,,,,,,,,,,,,,,,,,,,,,,,,,,,,,,,,,,,
,,,,,,,,,,,,,,,,,,,,,,,,,,,,,,,,,,,,,,,,,,,
,,,,,,,,,,,,,,,,,,,,,,,,,,,,,,,,,,,,,,,,,,,
,,,,,,,,,,,,,,,,,,,,,,,,,,,,,,,,,,,,,,,,,,,
,,,,,,,,,,,,,,,,,,,,,,,,,,,,,,,,,,,,,,,,,,,
,,,,,,,,,,,,,,,,,,,,,,,,,,,,,,,,,,,,,,,,,,,
,,,,,,,,,,,,,,,,,,,,,,,,,,,,,,,,,,,,,,,,,,,
,,,,,,,,,,,,,,,,,,,,,,,,,,,,,,,,,,,,,,,,,,,
,,,,,,,,,,,,,,,,,,,,,,,,,,,,,,,,,,,,,,,,,,,
,,,,,,,,,,,,,,,,,,,,,,,,,,,,,,,,,,,,,,,,,,,
,,,,,,,,,,,,,,,,,,,,,,,,,,,,,,,,,,,,,,,,,,,
,,,,,,,,,,,,,,,,,,,,,,,,,,,,,,,,,,,,,,,,,,,
,,,,,,,,,,,,,,,,,,,,,,,,,,,,,,,,,,,,,,,,,,,
,,,,,,,,,,,,,,,,,,,,,,,,,,,,,,,,,,,,,,,,,,,
,,,,,,,,,,,,,,,,,,,,,,,,,,,,,,,,,,,,,,,,,,,
,,,,,,,,,,,,,,,,,,,,,,,,,,,,,,,,,,,,,,,,,,,
,,,,,,,,,,,,,,,,,,,,,,,,,,,,,,,,,,,,,,,,,,,
,,,,,,,,,,,,,,,,,,,,,,,,,,,,,,,,,,,,,,,,,,,
,,,,,,,,,,,,,,,,,,,,,,,,,,,,,,,,,,,,,,,,,,,
,,,,,,,,,,,,,,,,,,,,,,,,,,,,,,,,,,,,,,,,,,,
,,,,,,,,,,,,,,,,,,,,,,,,,,,,,,,,,,,,,,,,,,,
,,,,,,,,,,,,,,,,,,,,,,,,,,,,,,,,,,,,,,,,,,,
,,,,,,,,,,,,,,,,,,,,,,,,,,,,,,,,,,,,,,,,,,,
,,,,,,,,,,,,,,,,,,,,,,,,,,,,,,,,,,,,,,,,,,,
,,,,,,,,,,,,,,,,,,,,,,,,,,,,,,,,,,,,,,,,,,,
,,,,,,,,,,,,,,,,,,,,,,,,,,,,,,,,,,,,,,,,,,,
,,,,,,,,,,,,,,,,,,,,,,,,,,,,,,,,,,,,,,,,,,,
,,,,,,,,,,,,,,,,,,,,,,,,,,,,,,,,,,,,,,,,,,,
,,,,,,,,,,,,,,,,,,,,,,,,,,,,,,,,,,,,,,,,,,,
,,,,,,,,,,,,,,,,,,,,,,,,,,,,,,,,,,,,,,,,,,,
,,,,,,,,,,,,,,,,,,,,,,,,,,,,,,,,,,,,,,,,,,,
,,,,,,,,,,,,,,,,,,,,,,,,,,,,,,,,,,,,,,,,,,,
,,,,,,,,,,,,,,,,,,,,,,,,,,,,,,,,,,,,,,,,,,,
,,,,,,,,,,,,,,,,,,,,,,,,,,,,,,,,,,,,,,,,,,,
,,,,,,,,,,,,,,,,,,,,,,,,,,,,,,,,,,,,,,,,,,,
,,,,,,,,,,,,,,,,,,,,,,,,,,,,,,,,,,,,,,,,,,,
,,,,,,,,,,,,,,,,,,,,,,,,,,,,,,,,,,,,,,,,,,,
,,,,,,,,,,,,,,,,,,,,,,,,,,,,,,,,,,,,,,,,,,,
,,,,,,,,,,,,,,,,,,,,,,,,,,,,,,,,,,,,,,,,,,,
,,,,,,,,,,,,,,,,,,,,,,,,,,,,,,,,,,,,,,,,,,,
,,,,,,,,,,,,,,,,,,,,,,,,,,,,,,,,,,,,,,,,,,,
,,,,,,,,,,,,,,,,,,,,,,,,,,,,,,,,,,,,,,,,,,,
,,,,,,,,,,,,,,,,,,,,,,,,,,,,,,,,,,,,,,,,,,,
,,,,,,,,,,,,,,,,,,,,,,,,,,,,,,,,,,,,,,,,,,,
,,,,,,,,,,,,,,,,,,,,,,,,,,,,,,,,,,,,,,,,,,,
,,,,,,,,,,,,,,,,,,,,,,,,,,,,,,,,,,,,,,,,,,,
,,,,,,,,,,,,,,,,,,,,,,,,,,,,,,,,,,,,,,,,,,,
,,,,,,,,,,,,,,,,,,,,,,,,,,,,,,,,,,,,,,,,,,,
,,,,,,,,,,,,,,,,,,,,,,,,,,,,,,,,,,,,,,,,,,,
,,,,,,,,,,,,,,,,,,,,,,,,,,,,,,,,,,,,,,,,,,,
,,,,,,,,,,,,,,,,,,,,,,,,,,,,,,,,,,,,,,,,,,,
,,,,,,,,,,,,,,,,,,,,,,,,,,,,,,,,,,,,,,,,,,,
,,,,,,,,,,,,,,,,,,,,,,,,,,,,,,,,,,,,,,,,,,,
,,,,,,,,,,,,,,,,,,,,,,,,,,,,,,,,,,,,,,,,,,,
,,,,,,,,,,,,,,,,,,,,,,,,,,,,,,,,,,,,,,,,,,,
,,,,,,,,,,,,,,,,,,,,,,,,,,,,,,,,,,,,,,,,,,,
,,,,,,,,,,,,,,,,,,,,,,,,,,,,,,,,,,,,,,,,,,,
,,,,,,,,,,,,,,,,,,,,,,,,,,,,,,,,,,,,,,,,,,,
,,,,,,,,,,,,,,,,,,,,,,,,,,,,,,,,,,,,,,,,,,,
,,,,,,,,,,,,,,,,,,,,,,,,,,,,,,,,,,,,,,,,,,,
,,,,,,,,,,,,,,,,,,,,,,,,,,,,,,,,,,,,,,,,,,,
,,,,,,,,,,,,,,,,,,,,,,,,,,,,,,,,,,,,,,,,,,,
,,,,,,,,,,,,,,,,,,,,,,,,,,,,,,,,,,,,,,,,,,,
,,,,,,,,,,,,,,,,,,,,,,,,,,,,,,,,,,,,,,,,,,,
,,,,,,,,,,,,,,,,,,,,,,,,,,,,,,,,,,,,,,,,,,,
,,,,,,,,,,,,,,,,,,,,,,,,,,,,,,,,,,,,,,,,,,,
,,,,,,,,,,,,,,,,,,,,,,,,,,,,,,,,,,,,,,,,,,,
,,,,,,,,,,,,,,,,,,,,,,,,,,,,,,,,,,,,,,,,,,,
,,,,,,,,,,,,,,,,,,,,,,,,,,,,,,,,,,,,,,,,,,,
,,,,,,,,,,,,,,,,,,,,,,,,,,,,,,,,,,,,,,,,,,,
,,,,,,,,,,,,,,,,,,,,,,,,,,,,,,,,,,,,,,,,,,,
,,,,,,,,,,,,,,,,,,,,,,,,,,,,,,,,,,,,,,,,,,,
,,,,,,,,,,,,,,,,,,,,,,,,,,,,,,,,,,,,,,,,,,,
,,,,,,,,,,,,,,,,,,,,,,,,,,,,,,,,,,,,,,,,,,,
,,,,,,,,,,,,,,,,,,,,,,,,,,,,,,,,,,,,,,,,,,,
,,,,,,,,,,,,,,,,,,,,,,,,,,,,,,,,,,,,,,,,,,,
,,,,,,,,,,,,,,,,,,,,,,,,,,,,,,,,,,,,,,,,,,,
,,,,,,,,,,,,,,,,,,,,,,,,,,,,,,,,,,,,,,,,,,,
,,,,,,,,,,,,,,,,,,,,,,,,,,,,,,,,,,,,,,,,,,,
,,,,,,,,,,,,,,,,,,,,,,,,,,,,,,,,,,,,,,,,,,,
,,,,,,,,,,,,,,,,,,,,,,,,,,,,,,,,,,,,,,,,,,,
,,,,,,,,,,,,,,,,,,,,,,,,,,,,,,,,,,,,,,,,,,,
,,,,,,,,,,,,,,,,,,,,,,,,,,,,,,,,,,,,,,,,,,,
,,,,,,,,,,,,,,,,,,,,,,,,,,,,,,,,,,,,,,,,,,,
,,,,,,,,,,,,,,,,,,,,,,,,,,,,,,,,,,,,,,,,,,,
,,,,,,,,,,,,,,,,,,,,,,,,,,,,,,,,,,,,,,,,,,,
,,,,,,,,,,,,,,,,,,,,,,,,,,,,,,,,,,,,,,,,,,,
,,,,,,,,,,,,,,,,,,,,,,,,,,,,,,,,,,,,,,,,,,,
,,,,,,,,,,,,,,,,,,,,,,,,,,,,,,,,,,,,,,,,,,,
,,,,,,,,,,,,,,,,,,,,,,,,,,,,,,,,,,,,,,,,,,,
,,,,,,,,,,,,,,,,,,,,,,,,,,,,,,,,,,,,,,,,,,,
,,,,,,,,,,,,,,,,,,,,,,,,,,,,,,,,,,,,,,,,,,,
,,,,,,,,,,,,,,,,,,,,,,,,,,,,,,,,,,,,,,,,,,,
,,,,,,,,,,,,,,,,,,,,,,,,,,,,,,,,,,,,,,,,,,,
,,,,,,,,,,,,,,,,,,,,,,,,,,,,,,,,,,,,,,,,,,,
,,,,,,,,,,,,,,,,,,,,,,,,,,,,,,,,,,,,,,,,,,,
,,,,,,,,,,,,,,,,,,,,,,,,,,,,,,,,,,,,,,,,,,,
,,,,,,,,,,,,,,,,,,,,,,,,,,,,,,,,,,,,,,,,,,,
,,,,,,,,,,,,,,,,,,,,,,,,,,,,,,,,,,,,,,,,,,,
,,,,,,,,,,,,,,,,,,,,,,,,,,,,,,,,,,,,,,,,,,,
,,,,,,,,,,,,,,,,,,,,,,,,,,,,,,,,,,,,,,,,,,,
,,,,,,,,,,,,,,,,,,,,,,,,,,,,,,,,,,,,,,,,,,,
,,,,,,,,,,,,,,,,,,,,,,,,,,,,,,,,,,,,,,,,,,,
,,,,,,,,,,,,,,,,,,,,,,,,,,,,,,,,,,,,,,,,,,,
,,,,,,,,,,,,,,,,,,,,,,,,,,,,,,,,,,,,,,,,,,,
,,,,,,,,,,,,,,,,,,,,,,,,,,,,,,,,,,,,,,,,,,,
,,,,,,,,,,,,,,,,,,,,,,,,,,,,,,,,,,,,,,,,,,,
,,,,,,,,,,,,,,,,,,,,,,,,,,,,,,,,,,,,,,,,,,,
,,,,,,,,,,,,,,,,,,,,,,,,,,,,,,,,,,,,,,,,,,,
,,,,,,,,,,,,,,,,,,,,,,,,,,,,,,,,,,,,,,,,,,,
,,,,,,,,,,,,,,,,,,,,,,,,,,,,,,,,,,,,,,,,,,,
,,,,,,,,,,,,,,,,,,,,,,,,,,,,,,,,,,,,,,,,,,,
,,,,,,,,,,,,,,,,,,,,,,,,,,,,,,,,,,,,,,,,,,,
,,,,,,,,,,,,,,,,,,,,,,,,,,,,,,,,,,,,,,,,,,,
,,,,,,,,,,,,,,,,,,,,,,,,,,,,,,,,,,,,,,,,,,,
,,,,,,,,,,,,,,,,,,,,,,,,,,,,,,,,,,,,,,,,,,,
,,,,,,,,,,,,,,,,,,,,,,,,,,,,,,,,,,,,,,,,,,,
,,,,,,,,,,,,,,,,,,,,,,,,,,,,,,,,,,,,,,,,,,,
,,,,,,,,,,,,,,,,,,,,,,,,,,,,,,,,,,,,,,,,,,,
,,,,,,,,,,,,,,,,,,,,,,,,,,,,,,,,,,,,,,,,,,,
,,,,,,,,,,,,,,,,,,,,,,,,,,,,,,,,,,,,,,,,,,,
,,,,,,,,,,,,,,,,,,,,,,,,,,,,,,,,,,,,,,,,,,,
,,,,,,,,,,,,,,,,,,,,,,,,,,,,,,,,,,,,,,,,,,,
,,,,,,,,,,,,,,,,,,,,,,,,,,,,,,,,,,,,,,,,,,,
,,,,,,,,,,,,,,,,,,,,,,,,,,,,,,,,,,,,,,,,,,,
,,,,,,,,,,,,,,,,,,,,,,,,,,,,,,,,,,,,,,,,,,,
,,,,,,,,,,,,,,,,,,,,,,,,,,,,,,,,,,,,,,,,,,,
,,,,,,,,,,,,,,,,,,,,,,,,,,,,,,,,,,,,,,,,,,,
,,,,,,,,,,,,,,,,,,,,,,,,,,,,,,,,,,,,,,,,,,,
,,,,,,,,,,,,,,,,,,,,,,,,,,,,,,,,,,,,,,,,,,,
,,,,,,,,,,,,,,,,,,,,,,,,,,,,,,,,,,,,,,,,,,,
,,,,,,,,,,,,,,,,,,,,,,,,,,,,,,,,,,,,,,,,,,,
,,,,,,,,,,,,,,,,,,,,,,,,,,,,,,,,,,,,,,,,,,,
,,,,,,,,,,,,,,,,,,,,,,,,,,,,,,,,,,,,,,,,,,,
,,,,,,,,,,,,,,,,,,,,,,,,,,,,,,,,,,,,,,,,,,,
,,,,,,,,,,,,,,,,,,,,,,,,,,,,,,,,,,,,,,,,,,,
,,,,,,,,,,,,,,,,,,,,,,,,,,,,,,,,,,,,,,,,,,,
,,,,,,,,,,,,,,,,,,,,,,,,,,,,,,,,,,,,,,,,,,,
,,,,,,,,,,,,,,,,,,,,,,,,,,,,,,,,,,,,,,,,,,,
,,,,,,,,,,,,,,,,,,,,,,,,,,,,,,,,,,,,,,,,,,,
,,,,,,,,,,,,,,,,,,,,,,,,,,,,,,,,,,,,,,,,,,,
,,,,,,,,,,,,,,,,,,,,,,,,,,,,,,,,,,,,,,,,,,,
,,,,,,,,,,,,,,,,,,,,,,,,,,,,,,,,,,,,,,,,,,,
,,,,,,,,,,,,,,,,,,,,,,,,,,,,,,,,,,,,,,,,,,,
,,,,,,,,,,,,,,,,,,,,,,,,,,,,,,,,,,,,,,,,,,,
,,,,,,,,,,,,,,,,,,,,,,,,,,,,,,,,,,,,,,,,,,,
,,,,,,,,,,,,,,,,,,,,,,,,,,,,,,,,,,,,,,,,,,,
,,,,,,,,,,,,,,,,,,,,,,,,,,,,,,,,,,,,,,,,,,,
,,,,,,,,,,,,,,,,,,,,,,,,,,,,,,,,,,,,,,,,,,,
,,,,,,,,,,,,,,,,,,,,,,,,,,,,,,,,,,,,,,,,,,,
,,,,,,,,,,,,,,,,,,,,,,,,,,,,,,,,,,,,,,,,,,,
,,,,,,,,,,,,,,,,,,,,,,,,,,,,,,,,,,,,,,,,,,,
,,,,,,,,,,,,,,,,,,,,,,,,,,,,,,,,,,,,,,,,,,,
,,,,,,,,,,,,,,,,,,,,,,,,,,,,,,,,,,,,,,,,,,,
,,,,,,,,,,,,,,,,,,,,,,,,,,,,,,,,,,,,,,,,,,,
,,,,,,,,,,,,,,,,,,,,,,,,,,,,,,,,,,,,,,,,,,,
,,,,,,,,,,,,,,,,,,,,,,,,,,,,,,,,,,,,,,,,,,,
,,,,,,,,,,,,,,,,,,,,,,,,,,,,,,,,,,,,,,,,,,,
,,,,,,,,,,,,,,,,,,,,,,,,,,,,,,,,,,,,,,,,,,,
,,,,,,,,,,,,,,,,,,,,,,,,,,,,,,,,,,,,,,,,,,,
,,,,,,,,,,,,,,,,,,,,,,,,,,,,,,,,,,,,,,,,,,,
,,,,,,,,,,,,,,,,,,,,,,,,,,,,,,,,,,,,,,,,,,,
,,,,,,,,,,,,,,,,,,,,,,,,,,,,,,,,,,,,,,,,,,,
,,,,,,,,,,,,,,,,,,,,,,,,,,,,,,,,,,,,,,,,,,,
,,,,,,,,,,,,,,,,,,,,,,,,,,,,,,,,,,,,,,,,,,,
,,,,,,,,,,,,,,,,,,,,,,,,,,,,,,,,,,,,,,,,,,,
,,,,,,,,,,,,,,,,,,,,,,,,,,,,,,,,,,,,,,,,,,,
,,,,,,,,,,,,,,,,,,,,,,,,,,,,,,,,,,,,,,,,,,,
,,,,,,,,,,,,,,,,,,,,,,,,,,,,,,,,,,,,,,,,,,,
,,,,,,,,,,,,,,,,,,,,,,,,,,,,,,,,,,,,,,,,,,,
,,,,,,,,,,,,,,,,,,,,,,,,,,,,,,,,,,,,,,,,,,,
,,,,,,,,,,,,,,,,,,,,,,,,,,,,,,,,,,,,,,,,,,,
,,,,,,,,,,,,,,,,,,,,,,,,,,,,,,,,,,,,,,,,,,,
,,,,,,,,,,,,,,,,,,,,,,,,,,,,,,,,,,,,,,,,,,,
,,,,,,,,,,,,,,,,,,,,,,,,,,,,,,,,,,,,,,,,,,,
,,,,,,,,,,,,,,,,,,,,,,,,,,,,,,,,,,,,,,,,,,,
,,,,,,,,,,,,,,,,,,,,,,,,,,,,,,,,,,,,,,,,,,,
,,,,,,,,,,,,,,,,,,,,,,,,,,,,,,,,,,,,,,,,,,,
,,,,,,,,,,,,,,,,,,,,,,,,,,,,,,,,,,,,,,,,,,,
,,,,,,,,,,,,,,,,,,,,,,,,,,,,,,,,,,,,,,,,,,,
,,,,,,,,,,,,,,,,,,,,,,,,,,,,,,,,,,,,,,,,,,,
,,,,,,,,,,,,,,,,,,,,,,,,,,,,,,,,,,,,,,,,,,,
,,,,,,,,,,,,,,,,,,,,,,,,,,,,,,,,,,,,,,,,,,,
,,,,,,,,,,,,,,,,,,,,,,,,,,,,,,,,,,,,,,,,,,,
,,,,,,,,,,,,,,,,,,,,,,,,,,,,,,,,,,,,,,,,,,,
,,,,,,,,,,,,,,,,,,,,,,,,,,,,,,,,,,,,,,,,,,,
,,,,,,,,,,,,,,,,,,,,,,,,,,,,,,,,,,,,,,,,,,,
,,,,,,,,,,,,,,,,,,,,,,,,,,,,,,,,,,,,,,,,,,,
,,,,,,,,,,,,,,,,,,,,,,,,,,,,,,,,,,,,,,,,,,,
,,,,,,,,,,,,,,,,,,,,,,,,,,,,,,,,,,,,,,,,,,,
,,,,,,,,,,,,,,,,,,,,,,,,,,,,,,,,,,,,,,,,,,,
,,,,,,,,,,,,,,,,,,,,,,,,,,,,,,,,,,,,,,,,,,,
,,,,,,,,,,,,,,,,,,,,,,,,,,,,,,,,,,,,,,,,,,,
,,,,,,,,,,,,,,,,,,,,,,,,,,,,,,,,,,,,,,,,,,,
,,,,,,,,,,,,,,,,,,,,,,,,,,,,,,,,,,,,,,,,,,,
,,,,,,,,,,,,,,,,,,,,,,,,,,,,,,,,,,,,,,,,,,,
,,,,,,,,,,,,,,,,,,,,,,,,,,,,,,,,,,,,,,,,,,,
,,,,,,,,,,,,,,,,,,,,,,,,,,,,,,,,,,,,,,,,,,,
,,,,,,,,,,,,,,,,,,,,,,,,,,,,,,,,,,,,,,,,,,,
,,,,,,,,,,,,,,,,,,,,,,,,,,,,,,,,,,,,,,,,,,,
,,,,,,,,,,,,,,,,,,,,,,,,,,,,,,,,,,,,,,,,,,,
,,,,,,,,,,,,,,,,,,,,,,,,,,,,,,,,,,,,,,,,,,,
,,,,,,,,,,,,,,,,,,,,,,,,,,,,,,,,,,,,,,,,,,,
,,,,,,,,,,,,,,,,,,,,,,,,,,,,,,,,,,,,,,,,,,,
,,,,,,,,,,,,,,,,,,,,,,,,,,,,,,,,,,,,,,,,,,,
,,,,,,,,,,,,,,,,,,,,,,,,,,,,,,,,,,,,,,,,,,,
,,,,,,,,,,,,,,,,,,,,,,,,,,,,,,,,,,,,,,,,,,,
,,,,,,,,,,,,,,,,,,,,,,,,,,,,,,,,,,,,,,,,,,,
,,,,,,,,,,,,,,,,,,,,,,,,,,,,,,,,,,,,,,,,,,,
,,,,,,,,,,,,,,,,,,,,,,,,,,,,,,,,,,,,,,,,,,,
,,,,,,,,,,,,,,,,,,,,,,,,,,,,,,,,,,,,,,,,,,,
,,,,,,,,,,,,,,,,,,,,,,,,,,,,,,,,,,,,,,,,,,,
,,,,,,,,,,,,,,,,,,,,,,,,,,,,,,,,,,,,,,,,,,,
,,,,,,,,,,,,,,,,,,,,,,,,,,,,,,,,,,,,,,,,,,,
,,,,,,,,,,,,,,,,,,,,,,,,,,,,,,,,,,,,,,,,,,,
,,,,,,,,,,,,,,,,,,,,,,,,,,,,,,,,,,,,,,,,,,,
,,,,,,,,,,,,,,,,,,,,,,,,,,,,,,,,,,,,,,,,,,,
,,,,,,,,,,,,,,,,,,,,,,,,,,,,,,,,,,,,,,,,,,,
,,,,,,,,,,,,,,,,,,,,,,,,,,,,,,,,,,,,,,,,,,,
,,,,,,,,,,,,,,,,,,,,,,,,,,,,,,,,,,,,,,,,,,,
,,,,,,,,,,,,,,,,,,,,,,,,,,,,,,,,,,,,,,,,,,,
,,,,,,,,,,,,,,,,,,,,,,,,,,,,,,,,,,,,,,,,,,,
,,,,,,,,,,,,,,,,,,,,,,,,,,,,,,,,,,,,,,,,,,,
,,,,,,,,,,,,,,,,,,,,,,,,,,,,,,,,,,,,,,,,,,,
,,,,,,,,,,,,,,,,,,,,,,,,,,,,,,,,,,,,,,,,,,,
,,,,,,,,,,,,,,,,,,,,,,,,,,,,,,,,,,,,,,,,,,,
,,,,,,,,,,,,,,,,,,,,,,,,,,,,,,,,,,,,,,,,,,,
,,,,,,,,,,,,,,,,,,,,,,,,,,,,,,,,,,,,,,,,,,,
,,,,,,,,,,,,,,,,,,,,,,,,,,,,,,,,,,,,,,,,,,,
,,,,,,,,,,,,,,,,,,,,,,,,,,,,,,,,,,,,,,,,,,,
,,,,,,,,,,,,,,,,,,,,,,,,,,,,,,,,,,,,,,,,,,,
,,,,,,,,,,,,,,,,,,,,,,,,,,,,,,,,,,,,,,,,,,,
,,,,,,,,,,,,,,,,,,,,,,,,,,,,,,,,,,,,,,,,,,,
,,,,,,,,,,,,,,,,,,,,,,,,,,,,,,,,,,,,,,,,,,,
,,,,,,,,,,,,,,,,,,,,,,,,,,,,,,,,,,,,,,,,,,,
,,,,,,,,,,,,,,,,,,,,,,,,,,,,,,,,,,,,,,,,,,,
,,,,,,,,,,,,,,,,,,,,,,,,,,,,,,,,,,,,,,,,,,,
,,,,,,,,,,,,,,,,,,,,,,,,,,,,,,,,,,,,,,,,,,,
,,,,,,,,,,,,,,,,,,,,,,,,,,,,,,,,,,,,,,,,,,,
,,,,,,,,,,,,,,,,,,,,,,,,,,,,,,,,,,,,,,,,,,,
,,,,,,,,,,,,,,,,,,,,,,,,,,,,,,,,,,,,,,,,,,,
,,,,,,,,,,,,,,,,,,,,,,,,,,,,,,,,,,,,,,,,,,,
,,,,,,,,,,,,,,,,,,,,,,,,,,,,,,,,,,,,,,,,,,,
,,,,,,,,,,,,,,,,,,,,,,,,,,,,,,,,,,,,,,,,,,,
,,,,,,,,,,,,,,,,,,,,,,,,,,,,,,,,,,,,,,,,,,,
,,,,,,,,,,,,,,,,,,,,,,,,,,,,,,,,,,,,,,,,,,,
,,,,,,,,,,,,,,,,,,,,,,,,,,,,,,,,,,,,,,,,,,,
,,,,,,,,,,,,,,,,,,,,,,,,,,,,,,,,,,,,,,,,,,,
,,,,,,,,,,,,,,,,,,,,,,,,,,,,,,,,,,,,,,,,,,,
,,,,,,,,,,,,,,,,,,,,,,,,,,,,,,,,,,,,,,,,,,,
,,,,,,,,,,,,,,,,,,,,,,,,,,,,,,,,,,,,,,,,,,,
,,,,,,,,,,,,,,,,,,,,,,,,,,,,,,,,,,,,,,,,,,,
,,,,,,,,,,,,,,,,,,,,,,,,,,,,,,,,,,,,,,,,,,,
,,,,,,,,,,,,,,,,,,,,,,,,,,,,,,,,,,,,,,,,,,,
,,,,,,,,,,,,,,,,,,,,,,,,,,,,,,,,,,,,,,,,,,,
,,,,,,,,,,,,,,,,,,,,,,,,,,,,,,,,,,,,,,,,,,,
,,,,,,,,,,,,,,,,,,,,,,,,,,,,,,,,,,,,,,,,,,,
,,,,,,,,,,,,,,,,,,,,,,,,,,,,,,,,,,,,,,,,,,,
,,,,,,,,,,,,,,,,,,,,,,,,,,,,,,,,,,,,,,,,,,,
,,,,,,,,,,,,,,,,,,,,,,,,,,,,,,,,,,,,,,,,,,,
,,,,,,,,,,,,,,,,,,,,,,,,,,,,,,,,,,,,,,,,,,,
,,,,,,,,,,,,,,,,,,,,,,,,,,,,,,,,,,,,,,,,,,,
,,,,,,,,,,,,,,,,,,,,,,,,,,,,,,,,,,,,,,,,,,,
,,,,,,,,,,,,,,,,,,,,,,,,,,,,,,,,,,,,,,,,,,,
,,,,,,,,,,,,,,,,,,,,,,,,,,,,,,,,,,,,,,,,,,,
,,,,,,,,,,,,,,,,,,,,,,,,,,,,,,,,,,,,,,,,,,,
,,,,,,,,,,,,,,,,,,,,,,,,,,,,,,,,,,,,,,,,,,,
,,,,,,,,,,,,,,,,,,,,,,,,,,,,,,,,,,,,,,,,,,,
,,,,,,,,,,,,,,,,,,,,,,,,,,,,,,,,,,,,,,,,,,,
,,,,,,,,,,,,,,,,,,,,,,,,,,,,,,,,,,,,,,,,,,,
,,,,,,,,,,,,,,,,,,,,,,,,,,,,,,,,,,,,,,,,,,,
,,,,,,,,,,,,,,,,,,,,,,,,,,,,,,,,,,,,,,,,,,,
,,,,,,,,,,,,,,,,,,,,,,,,,,,,,,,,,,,,,,,,,,,
,,,,,,,,,,,,,,,,,,,,,,,,,,,,,,,,,,,,,,,,,,,
,,,,,,,,,,,,,,,,,,,,,,,,,,,,,,,,,,,,,,,,,,,
,,,,,,,,,,,,,,,,,,,,,,,,,,,,,,,,,,,,,,,,,,,
,,,,,,,,,,,,,,,,,,,,,,,,,,,,,,,,,,,,,,,,,,,
,,,,,,,,,,,,,,,,,,,,,,,,,,,,,,,,,,,,,,,,,,,
,,,,,,,,,,,,,,,,,,,,,,,,,,,,,,,,,,,,,,,,,,,
,,,,,,,,,,,,,,,,,,,,,,,,,,,,,,,,,,,,,,,,,,,
,,,,,,,,,,,,,,,,,,,,,,,,,,,,,,,,,,,,,,,,,,,
,,,,,,,,,,,,,,,,,,,,,,,,,,,,,,,,,,,,,,,,,,,
,,,,,,,,,,,,,,,,,,,,,,,,,,,,,,,,,,,,,,,,,,,
,,,,,,,,,,,,,,,,,,,,,,,,,,,,,,,,,,,,,,,,,,,
,,,,,,,,,,,,,,,,,,,,,,,,,,,,,,,,,,,,,,,,,,,
,,,,,,,,,,,,,,,,,,,,,,,,,,,,,,,,,,,,,,,,,,,
,,,,,,,,,,,,,,,,,,,,,,,,,,,,,,,,,,,,,,,,,,,
,,,,,,,,,,,,,,,,,,,,,,,,,,,,,,,,,,,,,,,,,,,
,,,,,,,,,,,,,,,,,,,,,,,,,,,,,,,,,,,,,,,,,,,
,,,,,,,,,,,,,,,,,,,,,,,,,,,,,,,,,,,,,,,,,,,
,,,,,,,,,,,,,,,,,,,,,,,,,,,,,,,,,,,,,,,,,,,
,,,,,,,,,,,,,,,,,,,,,,,,,,,,,,,,,,,,,,,,,,,
,,,,,,,,,,,,,,,,,,,,,,,,,,,,,,,,,,,,,,,,,,,
,,,,,,,,,,,,,,,,,,,,,,,,,,,,,,,,,,,,,,,,,,,
,,,,,,,,,,,,,,,,,,,,,,,,,,,,,,,,,,,,,,,,,,,
,,,,,,,,,,,,,,,,,,,,,,,,,,,,,,,,,,,,,,,,,,,
,,,,,,,,,,,,,,,,,,,,,,,,,,,,,,,,,,,,,,,,,,,
,,,,,,,,,,,,,,,,,,,,,,,,,,,,,,,,,,,,,,,,,,,
,,,,,,,,,,,,,,,,,,,,,,,,,,,,,,,,,,,,,,,,,,,
,,,,,,,,,,,,,,,,,,,,,,,,,,,,,,,,,,,,,,,,,,,
,,,,,,,,,,,,,,,,,,,,,,,,,,,,,,,,,,,,,,,,,,,
,,,,,,,,,,,,,,,,,,,,,,,,,,,,,,,,,,,,,,,,,,,
,,,,,,,,,,,,,,,,,,,,,,,,,,,,,,,,,,,,,,,,,,,
,,,,,,,,,,,,,,,,,,,,,,,,,,,,,,,,,,,,,,,,,,,
,,,,,,,,,,,,,,,,,,,,,,,,,,,,,,,,,,,,,,,,,,,
,,,,,,,,,,,,,,,,,,,,,,,,,,,,,,,,,,,,,,,,,,,
,,,,,,,,,,,,,,,,,,,,,,,,,,,,,,,,,,,,,,,,,,,
,,,,,,,,,,,,,,,,,,,,,,,,,,,,,,,,,,,,,,,,,,,
,,,,,,,,,,,,,,,,,,,,,,,,,,,,,,,,,,,,,,,,,,,
,,,,,,,,,,,,,,,,,,,,,,,,,,,,,,,,,,,,,,,,,,,
,,,,,,,,,,,,,,,,,,,,,,,,,,,,,,,,,,,,,,,,,,,
,,,,,,,,,,,,,,,,,,,,,,,,,,,,,,,,,,,,,,,,,,,
,,,,,,,,,,,,,,,,,,,,,,,,,,,,,,,,,,,,,,,,,,,
,,,,,,,,,,,,,,,,,,,,,,,,,,,,,,,,,,,,,,,,,,,
,,,,,,,,,,,,,,,,,,,,,,,,,,,,,,,,,,,,,,,,,,,
,,,,,,,,,,,,,,,,,,,,,,,,,,,,,,,,,,,,,,,,,,,
,,,,,,,,,,,,,,,,,,,,,,,,,,,,,,,,,,,,,,,,,,,
,,,,,,,,,,,,,,,,,,,,,,,,,,,,,,,,,,,,,,,,,,,
,,,,,,,,,,,,,,,,,,,,,,,,,,,,,,,,,,,,,,,,,,,
,,,,,,,,,,,,,,,,,,,,,,,,,,,,,,,,,,,,,,,,,,,
,,,,,,,,,,,,,,,,,,,,,,,,,,,,,,,,,,,,,,,,,,,
,,,,,,,,,,,,,,,,,,,,,,,,,,,,,,,,,,,,,,,,,,,
,,,,,,,,,,,,,,,,,,,,,,,,,,,,,,,,,,,,,,,,,,,
,,,,,,,,,,,,,,,,,,,,,,,,,,,,,,,,,,,,,,,,,,,
,,,,,,,,,,,,,,,,,,,,,,,,,,,,,,,,,,,,,,,,,,,
,,,,,,,,,,,,,,,,,,,,,,,,,,,,,,,,,,,,,,,,,,,
,,,,,,,,,,,,,,,,,,,,,,,,,,,,,,,,,,,,,,,,,,,
,,,,,,,,,,,,,,,,,,,,,,,,,,,,,,,,,,,,,,,,,,,
,,,,,,,,,,,,,,,,,,,,,,,,,,,,,,,,,,,,,,,,,,,
,,,,,,,,,,,,,,,,,,,,,,,,,,,,,,,,,,,,,,,,,,,
,,,,,,,,,,,,,,,,,,,,,,,,,,,,,,,,,,,,,,,,,,,
,,,,,,,,,,,,,,,,,,,,,,,,,,,,,,,,,,,,,,,,,,,
,,,,,,,,,,,,,,,,,,,,,,,,,,,,,,,,,,,,,,,,,,,
,,,,,,,,,,,,,,,,,,,,,,,,,,,,,,,,,,,,,,,,,,,
,,,,,,,,,,,,,,,,,,,,,,,,,,,,,,,,,,,,,,,,,,,
,,,,,,,,,,,,,,,,,,,,,,,,,,,,,,,,,,,,,,,,,,,
,,,,,,,,,,,,,,,,,,,,,,,,,,,,,,,,,,,,,,,,,,,
,,,,,,,,,,,,,,,,,,,,,,,,,,,,,,,,,,,,,,,,,,,
,,,,,,,,,,,,,,,,,,,,,,,,,,,,,,,,,,,,,,,,,,,
,,,,,,,,,,,,,,,,,,,,,,,,,,,,,,,,,,,,,,,,,,,
,,,,,,,,,,,,,,,,,,,,,,,,,,,,,,,,,,,,,,,,,,,
,,,,,,,,,,,,,,,,,,,,,,,,,,,,,,,,,,,,,,,,,,,
,,,,,,,,,,,,,,,,,,,,,,,,,,,,,,,,,,,,,,,,,,,
,,,,,,,,,,,,,,,,,,,,,,,,,,,,,,,,,,,,,,,,,,,
,,,,,,,,,,,,,,,,,,,,,,,,,,,,,,,,,,,,,,,,,,,
,,,,,,,,,,,,,,,,,,,,,,,,,,,,,,,,,,,,,,,,,,,
,,,,,,,,,,,,,,,,,,,,,,,,,,,,,,,,,,,,,,,,,,,
,,,,,,,,,,,,,,,,,,,,,,,,,,,,,,,,,,,,,,,,,,,
,,,,,,,,,,,,,,,,,,,,,,,,,,,,,,,,,,,,,,,,,,,
,,,,,,,,,,,,,,,,,,,,,,,,,,,,,,,,,,,,,,,,,,,
,,,,,,,,,,,,,,,,,,,,,,,,,,,,,,,,,,,,,,,,,,,
,,,,,,,,,,,,,,,,,,,,,,,,,,,,,,,,,,,,,,,,,,,
,,,,,,,,,,,,,,,,,,,,,,,,,,,,,,,,,,,,,,,,,,,
,,,,,,,,,,,,,,,,,,,,,,,,,,,,,,,,,,,,,,,,,,,
,,,,,,,,,,,,,,,,,,,,,,,,,,,,,,,,,,,,,,,,,,,
,,,,,,,,,,,,,,,,,,,,,,,,,,,,,,,,,,,,,,,,,,,
,,,,,,,,,,,,,,,,,,,,,,,,,,,,,,,,,,,,,,,,,,,
,,,,,,,,,,,,,,,,,,,,,,,,,,,,,,,,,,,,,,,,,,,
,,,,,,,,,,,,,,,,,,,,,,,,,,,,,,,,,,,,,,,,,,,
,,,,,,,,,,,,,,,,,,,,,,,,,,,,,,,,,,,,,,,,,,,
,,,,,,,,,,,,,,,,,,,,,,,,,,,,,,,,,,,,,,,,,,,
,,,,,,,,,,,,,,,,,,,,,,,,,,,,,,,,,,,,,,,,,,,
,,,,,,,,,,,,,,,,,,,,,,,,,,,,,,,,,,,,,,,,,,,
,,,,,,,,,,,,,,,,,,,,,,,,,,,,,,,,,,,,,,,,,,,
,,,,,,,,,,,,,,,,,,,,,,,,,,,,,,,,,,,,,,,,,,,
,,,,,,,,,,,,,,,,,,,,,,,,,,,,,,,,,,,,,,,,,,,
,,,,,,,,,,,,,,,,,,,,,,,,,,,,,,,,,,,,,,,,,,,
,,,,,,,,,,,,,,,,,,,,,,,,,,,,,,,,,,,,,,,,,,,
,,,,,,,,,,,,,,,,,,,,,,,,,,,,,,,,,,,,,,,,,,,
,,,,,,,,,,,,,,,,,,,,,,,,,,,,,,,,,,,,,,,,,,,
,,,,,,,,,,,,,,,,,,,,,,,,,,,,,,,,,,,,,,,,,,,
,,,,,,,,,,,,,,,,,,,,,,,,,,,,,,,,,,,,,,,,,,,
,,,,,,,,,,,,,,,,,,,,,,,,,,,,,,,,,,,,,,,,,,,
,,,,,,,,,,,,,,,,,,,,,,,,,,,,,,,,,,,,,,,,,,,
,,,,,,,,,,,,,,,,,,,,,,,,,,,,,,,,,,,,,,,,,,,
,,,,,,,,,,,,,,,,,,,,,,,,,,,,,,,,,,,,,,,,,,,
,,,,,,,,,,,,,,,,,,,,,,,,,,,,,,,,,,,,,,,,,,,
,,,,,,,,,,,,,,,,,,,,,,,,,,,,,,,,,,,,,,,,,,,
,,,,,,,,,,,,,,,,,,,,,,,,,,,,,,,,,,,,,,,,,,,
,,,,,,,,,,,,,,,,,,,,,,,,,,,,,,,,,,,,,,,,,,,
,,,,,,,,,,,,,,,,,,,,,,,,,,,,,,,,,,,,,,,,,,,
,,,,,,,,,,,,,,,,,,,,,,,,,,,,,,,,,,,,,,,,,,,
,,,,,,,,,,,,,,,,,,,,,,,,,,,,,,,,,,,,,,,,,,,
,,,,,,,,,,,,,,,,,,,,,,,,,,,,,,,,,,,,,,,,,,,
,,,,,,,,,,,,,,,,,,,,,,,,,,,,,,,,,,,,,,,,,,,
,,,,,,,,,,,,,,,,,,,,,,,,,,,,,,,,,,,,,,,,,,,
,,,,,,,,,,,,,,,,,,,,,,,,,,,,,,,,,,,,,,,,,,,
,,,,,,,,,,,,,,,,,,,,,,,,,,,,,,,,,,,,,,,,,,,
,,,,,,,,,,,,,,,,,,,,,,,,,,,,,,,,,,,,,,,,,,,
,,,,,,,,,,,,,,,,,,,,,,,,,,,,,,,,,,,,,,,,,,,
,,,,,,,,,,,,,,,,,,,,,,,,,,,,,,,,,,,,,,,,,,,
,,,,,,,,,,,,,,,,,,,,,,,,,,,,,,,,,,,,,,,,,,,
,,,,,,,,,,,,,,,,,,,,,,,,,,,,,,,,,,,,,,,,,,,
,,,,,,,,,,,,,,,,,,,,,,,,,,,,,,,,,,,,,,,,,,,
,,,,,,,,,,,,,,,,,,,,,,,,,,,,,,,,,,,,,,,,,,,
,,,,,,,,,,,,,,,,,,,,,,,,,,,,,,,,,,,,,,,,,,,
,,,,,,,,,,,,,,,,,,,,,,,,,,,,,,,,,,,,,,,,,,,
,,,,,,,,,,,,,,,,,,,,,,,,,,,,,,,,,,,,,,,,,,,
,,,,,,,,,,,,,,,,,,,,,,,,,,,,,,,,,,,,,,,,,,,
,,,,,,,,,,,,,,,,,,,,,,,,,,,,,,,,,,,,,,,,,,,
,,,,,,,,,,,,,,,,,,,,,,,,,,,,,,,,,,,,,,,,,,,
,,,,,,,,,,,,,,,,,,,,,,,,,,,,,,,,,,,,,,,,,,,
,,,,,,,,,,,,,,,,,,,,,,,,,,,,,,,,,,,,,,,,,,,
,,,,,,,,,,,,,,,,,,,,,,,,,,,,,,,,,,,,,,,,,,,
,,,,,,,,,,,,,,,,,,,,,,,,,,,,,,,,,,,,,,,,,,,
,,,,,,,,,,,,,,,,,,,,,,,,,,,,,,,,,,,,,,,,,,,
,,,,,,,,,,,,,,,,,,,,,,,,,,,,,,,,,,,,,,,,,,,
,,,,,,,,,,,,,,,,,,,,,,,,,,,,,,,,,,,,,,,,,,,
,,,,,,,,,,,,,,,,,,,,,,,,,,,,,,,,,,,,,,,,,,,
,,,,,,,,,,,,,,,,,,,,,,,,,,,,,,,,,,,,,,,,,,,
,,,,,,,,,,,,,,,,,,,,,,,,,,,,,,,,,,,,,,,,,,,
,,,,,,,,,,,,,,,,,,,,,,,,,,,,,,,,,,,,,,,,,,,
,,,,,,,,,,,,,,,,,,,,,,,,,,,,,,,,,,,,,,,,,,,
,,,,,,,,,,,,,,,,,,,,,,,,,,,,,,,,,,,,,,,,,,,
,,,,,,,,,,,,,,,,,,,,,,,,,,,,,,,,,,,,,,,,,,,
,,,,,,,,,,,,,,,,,,,,,,,,,,,,,,,,,,,,,,,,,,,
,,,,,,,,,,,,,,,,,,,,,,,,,,,,,,,,,,,,,,,,,,,
,,,,,,,,,,,,,,,,,,,,,,,,,,,,,,,,,,,,,,,,,,,
,,,,,,,,,,,,,,,,,,,,,,,,,,,,,,,,,,,,,,,,,,,
,,,,,,,,,,,,,,,,,,,,,,,,,,,,,,,,,,,,,,,,,,,
,,,,,,,,,,,,,,,,,,,,,,,,,,,,,,,,,,,,,,,,,,,
,,,,,,,,,,,,,,,,,,,,,,,,,,,,,,,,,,,,,,,,,,,
,,,,,,,,,,,,,,,,,,,,,,,,,,,,,,,,,,,,,,,,,,,
,,,,,,,,,,,,,,,,,,,,,,,,,,,,,,,,,,,,,,,,,,,
,,,,,,,,,,,,,,,,,,,,,,,,,,,,,,,,,,,,,,,,,,,
,,,,,,,,,,,,,,,,,,,,,,,,,,,,,,,,,,,,,,,,,,,
,,,,,,,,,,,,,,,,,,,,,,,,,,,,,,,,,,,,,,,,,,,
,,,,,,,,,,,,,,,,,,,,,,,,,,,,,,,,,,,,,,,,,,,
,,,,,,,,,,,,,,,,,,,,,,,,,,,,,,,,,,,,,,,,,,,
,,,,,,,,,,,,,,,,,,,,,,,,,,,,,,,,,,,,,,,,,,,
,,,,,,,,,,,,,,,,,,,,,,,,,,,,,,,,,,,,,,,,,,,
,,,,,,,,,,,,,,,,,,,,,,,,,,,,,,,,,,,,,,,,,,,
,,,,,,,,,,,,,,,,,,,,,,,,,,,,,,,,,,,,,,,,,,,
,,,,,,,,,,,,,,,,,,,,,,,,,,,,,,,,,,,,,,,,,,,
,,,,,,,,,,,,,,,,,,,,,,,,,,,,,,,,,,,,,,,,,,,
,,,,,,,,,,,,,,,,,,,,,,,,,,,,,,,,,,,,,,,,,,,
,,,,,,,,,,,,,,,,,,,,,,,,,,,,,,,,,,,,,,,,,,,
,,,,,,,,,,,,,,,,,,,,,,,,,,,,,,,,,,,,,,,,,,,
,,,,,,,,,,,,,,,,,,,,,,,,,,,,,,,,,,,,,,,,,,,
,,,,,,,,,,,,,,,,,,,,,,,,,,,,,,,,,,,,,,,,,,,
,,,,,,,,,,,,,,,,,,,,,,,,,,,,,,,,,,,,,,,,,,,
,,,,,,,,,,,,,,,,,,,,,,,,,,,,,,,,,,,,,,,,,,,
,,,,,,,,,,,,,,,,,,,,,,,,,,,,,,,,,,,,,,,,,,,
,,,,,,,,,,,,,,,,,,,,,,,,,,,,,,,,,,,,,,,,,,,
,,,,,,,,,,,,,,,,,,,,,,,,,,,,,,,,,,,,,,,,,,,
,,,,,,,,,,,,,,,,,,,,,,,,,,,,,,,,,,,,,,,,,,,
,,,,,,,,,,,,,,,,,,,,,,,,,,,,,,,,,,,,,,,,,,,
,,,,,,,,,,,,,,,,,,,,,,,,,,,,,,,,,,,,,,,,,,,
,,,,,,,,,,,,,,,,,,,,,,,,,,,,,,,,,,,,,,,,,,,
,,,,,,,,,,,,,,,,,,,,,,,,,,,,,,,,,,,,,,,,,,,
,,,,,,,,,,,,,,,,,,,,,,,,,,,,,,,,,,,,,,,,,,,
,,,,,,,,,,,,,,,,,,,,,,,,,,,,,,,,,,,,,,,,,,,
,,,,,,,,,,,,,,,,,,,,,,,,,,,,,,,,,,,,,,,,,,,
,,,,,,,,,,,,,,,,,,,,,,,,,,,,,,,,,,,,,,,,,,,
,,,,,,,,,,,,,,,,,,,,,,,,,,,,,,,,,,,,,,,,,,,
,,,,,,,,,,,,,,,,,,,,,,,,,,,,,,,,,,,,,,,,,,,
,,,,,,,,,,,,,,,,,,,,,,,,,,,,,,,,,,,,,,,,,,,
,,,,,,,,,,,,,,,,,,,,,,,,,,,,,,,,,,,,,,,,,,,
,,,,,,,,,,,,,,,,,,,,,,,,,,,,,,,,,,,,,,,,,,,
,,,,,,,,,,,,,,,,,,,,,,,,,,,,,,,,,,,,,,,,,,,
,,,,,,,,,,,,,,,,,,,,,,,,,,,,,,,,,,,,,,,,,,,
,,,,,,,,,,,,,,,,,,,,,,,,,,,,,,,,,,,,,,,,,,,
,,,,,,,,,,,,,,,,,,,,,,,,,,,,,,,,,,,,,,,,,,,
,,,,,,,,,,,,,,,,,,,,,,,,,,,,,,,,,,,,,,,,,,,
,,,,,,,,,,,,,,,,,,,,,,,,,,,,,,,,,,,,,,,,,,,
,,,,,,,,,,,,,,,,,,,,,,,,,,,,,,,,,,,,,,,,,,,
,,,,,,,,,,,,,,,,,,,,,,,,,,,,,,,,,,,,,,,,,,,
,,,,,,,,,,,,,,,,,,,,,,,,,,,,,,,,,,,,,,,,,,,
,,,,,,,,,,,,,,,,,,,,,,,,,,,,,,,,,,,,,,,,,,,
,,,,,,,,,,,,,,,,,,,,,,,,,,,,,,,,,,,,,,,,,,,
,,,,,,,,,,,,,,,,,,,,,,,,,,,,,,,,,,,,,,,,,,,
,,,,,,,,,,,,,,,,,,,,,,,,,,,,,,,,,,,,,,,,,,,
,,,,,,,,,,,,,,,,,,,,,,,,,,,,,,,,,,,,,,,,,,,
,,,,,,,,,,,,,,,,,,,,,,,,,,,,,,,,,,,,,,,,,,,
,,,,,,,,,,,,,,,,,,,,,,,,,,,,,,,,,,,,,,,,,,,
,,,,,,,,,,,,,,,,,,,,,,,,,,,,,,,,,,,,,,,,,,,
,,,,,,,,,,,,,,,,,,,,,,,,,,,,,,,,,,,,,,,,,,,
,,,,,,,,,,,,,,,,,,,,,,,,,,,,,,,,,,,,,,,,,,,
,,,,,,,,,,,,,,,,,,,,,,,,,,,,,,,,,,,,,,,,,,,
,,,,,,,,,,,,,,,,,,,,,,,,,,,,,,,,,,,,,,,,,,,
,,,,,,,,,,,,,,,,,,,,,,,,,,,,,,,,,,,,,,,,,,,
,,,,,,,,,,,,,,,,,,,,,,,,,,,,,,,,,,,,,,,,,,,
,,,,,,,,,,,,,,,,,,,,,,,,,,,,,,,,,,,,,,,,,,,
,,,,,,,,,,,,,,,,,,,,,,,,,,,,,,,,,,,,,,,,,,,
,,,,,,,,,,,,,,,,,,,,,,,,,,,,,,,,,,,,,,,,,,,
,,,,,,,,,,,,,,,,,,,,,,,,,,,,,,,,,,,,,,,,,,,
,,,,,,,,,,,,,,,,,,,,,,,,,,,,,,,,,,,,,,,,,,,
,,,,,,,,,,,,,,,,,,,,,,,,,,,,,,,,,,,,,,,,,,,
,,,,,,,,,,,,,,,,,,,,,,,,,,,,,,,,,,,,,,,,,,,
,,,,,,,,,,,,,,,,,,,,,,,,,,,,,,,,,,,,,,,,,,,
,,,,,,,,,,,,,,,,,,,,,,,,,,,,,,,,,,,,,,,,,,,
,,,,,,,,,,,,,,,,,,,,,,,,,,,,,,,,,,,,,,,,,,,
,,,,,,,,,,,,,,,,,,,,,,,,,,,,,,,,,,,,,,,,,,,
,,,,,,,,,,,,,,,,,,,,,,,,,,,,,,,,,,,,,,,,,,,
,,,,,,,,,,,,,,,,,,,,,,,,,,,,,,,,,,,,,,,,,,,
,,,,,,,,,,,,,,,,,,,,,,,,,,,,,,,,,,,,,,,,,,,
,,,,,,,,,,,,,,,,,,,,,,,,,,,,,,,,,,,,,,,,,,,
,,,,,,,,,,,,,,,,,,,,,,,,,,,,,,,,,,,,,,,,,,,
,,,,,,,,,,,,,,,,,,,,,,,,,,,,,,,,,,,,,,,,,,,
,,,,,,,,,,,,,,,,,,,,,,,,,,,,,,,,,,,,,,,,,,,
,,,,,,,,,,,,,,,,,,,,,,,,,,,,,,,,,,,,,,,,,,,
,,,,,,,,,,,,,,,,,,,,,,,,,,,,,,,,,,,,,,,,,,,
,,,,,,,,,,,,,,,,,,,,,,,,,,,,,,,,,,,,,,,,,,,
,,,,,,,,,,,,,,,,,,,,,,,,,,,,,,,,,,,,,,,,,,,
,,,,,,,,,,,,,,,,,,,,,,,,,,,,,,,,,,,,,,,,,,,
,,,,,,,,,,,,,,,,,,,,,,,,,,,,,,,,,,,,,,,,,,,
,,,,,,,,,,,,,,,,,,,,,,,,,,,,,,,,,,,,,,,,,,,
,,,,,,,,,,,,,,,,,,,,,,,,,,,,,,,,,,,,,,,,,,,
,,,,,,,,,,,,,,,,,,,,,,,,,,,,,,,,,,,,,,,,,,,
,,,,,,,,,,,,,,,,,,,,,,,,,,,,,,,,,,,,,,,,,,,
,,,,,,,,,,,,,,,,,,,,,,,,,,,,,,,,,,,,,,,,,,,
,,,,,,,,,,,,,,,,,,,,,,,,,,,,,,,,,,,,,,,,,,,
,,,,,,,,,,,,,,,,,,,,,,,,,,,,,,,,,,,,,,,,,,,
,,,,,,,,,,,,,,,,,,,,,,,,,,,,,,,,,,,,,,,,,,,
,,,,,,,,,,,,,,,,,,,,,,,,,,,,,,,,,,,,,,,,,,,
,,,,,,,,,,,,,,,,,,,,,,,,,,,,,,,,,,,,,,,,,,,
,,,,,,,,,,,,,,,,,,,,,,,,,,,,,,,,,,,,,,,,,,,
,,,,,,,,,,,,,,,,,,,,,,,,,,,,,,,,,,,,,,,,,,,
,,,,,,,,,,,,,,,,,,,,,,,,,,,,,,,,,,,,,,,,,,,
,,,,,,,,,,,,,,,,,,,,,,,,,,,,,,,,,,,,,,,,,,,
,,,,,,,,,,,,,,,,,,,,,,,,,,,,,,,,,,,,,,,,,,,
,,,,,,,,,,,,,,,,,,,,,,,,,,,,,,,,,,,,,,,,,,,
,,,,,,,,,,,,,,,,,,,,,,,,,,,,,,,,,,,,,,,,,,,
,,,,,,,,,,,,,,,,,,,,,,,,,,,,,,,,,,,,,,,,,,,
,,,,,,,,,,,,,,,,,,,,,,,,,,,,,,,,,,,,,,,,,,,
,,,,,,,,,,,,,,,,,,,,,,,,,,,,,,,,,,,,,,,,,,,
,,,,,,,,,,,,,,,,,,,,,,,,,,,,,,,,,,,,,,,,,,,
,,,,,,,,,,,,,,,,,,,,,,,,,,,,,,,,,,,,,,,,,,,
,,,,,,,,,,,,,,,,,,,,,,,,,,,,,,,,,,,,,,,,,,,
,,,,,,,,,,,,,,,,,,,,,,,,,,,,,,,,,,,,,,,,,,,
,,,,,,,,,,,,,,,,,,,,,,,,,,,,,,,,,,,,,,,,,,,
,,,,,,,,,,,,,,,,,,,,,,,,,,,,,,,,,,,,,,,,,,,
,,,,,,,,,,,,,,,,,,,,,,,,,,,,,,,,,,,,,,,,,,,
,,,,,,,,,,,,,,,,,,,,,,,,,,,,,,,,,,,,,,,,,,,
,,,,,,,,,,,,,,,,,,,,,,,,,,,,,,,,,,,,,,,,,,,
,,,,,,,,,,,,,,,,,,,,,,,,,,,,,,,,,,,,,,,,,,,
,,,,,,,,,,,,,,,,,,,,,,,,,,,,,,,,,,,,,,,,,,,
,,,,,,,,,,,,,,,,,,,,,,,,,,,,,,,,,,,,,,,,,,,
,,,,,,,,,,,,,,,,,,,,,,,,,,,,,,,,,,,,,,,,,,,
,,,,,,,,,,,,,,,,,,,,,,,,,,,,,,,,,,,,,,,,,,,
,,,,,,,,,,,,,,,,,,,,,,,,,,,,,,,,,,,,,,,,,,,
,,,,,,,,,,,,,,,,,,,,,,,,,,,,,,,,,,,,,,,,,,,
,,,,,,,,,,,,,,,,,,,,,,,,,,,,,,,,,,,,,,,,,,,
,,,,,,,,,,,,,,,,,,,,,,,,,,,,,,,,,,,,,,,,,,,
,,,,,,,,,,,,,,,,,,,,,,,,,,,,,,,,,,,,,,,,,,,
,,,,,,,,,,,,,,,,,,,,,,,,,,,,,,,,,,,,,,,,,,,
,,,,,,,,,,,,,,,,,,,,,,,,,,,,,,,,,,,,,,,,,,,
,,,,,,,,,,,,,,,,,,,,,,,,,,,,,,,,,,,,,,,,,,,
,,,,,,,,,,,,,,,,,,,,,,,,,,,,,,,,,,,,,,,,,,,
,,,,,,,,,,,,,,,,,,,,,,,,,,,,,,,,,,,,,,,,,,,
,,,,,,,,,,,,,,,,,,,,,,,,,,,,,,,,,,,,,,,,,,,
,,,,,,,,,,,,,,,,,,,,,,,,,,,,,,,,,,,,,,,,,,,
,,,,,,,,,,,,,,,,,,,,,,,,,,,,,,,,,,,,,,,,,,,
,,,,,,,,,,,,,,,,,,,,,,,,,,,,,,,,,,,,,,,,,,,
,,,,,,,,,,,,,,,,,,,,,,,,,,,,,,,,,,,,,,,,,,,
,,,,,,,,,,,,,,,,,,,,,,,,,,,,,,,,,,,,,,,,,,,
,,,,,,,,,,,,,,,,,,,,,,,,,,,,,,,,,,,,,,,,,,,
,,,,,,,,,,,,,,,,,,,,,,,,,,,,,,,,,,,,,,,,,,,
,,,,,,,,,,,,,,,,,,,,,,,,,,,,,,,,,,,,,,,,,,,
,,,,,,,,,,,,,,,,,,,,,,,,,,,,,,,,,,,,,,,,,,,
,,,,,,,,,,,,,,,,,,,,,,,,,,,,,,,,,,,,,,,,,,,
,,,,,,,,,,,,,,,,,,,,,,,,,,,,,,,,,,,,,,,,,,,
,,,,,,,,,,,,,,,,,,,,,,,,,,,,,,,,,,,,,,,,,,,
,,,,,,,,,,,,,,,,,,,,,,,,,,,,,,,,,,,,,,,,,,,
,,,,,,,,,,,,,,,,,,,,,,,,,,,,,,,,,,,,,,,,,,,
,,,,,,,,,,,,,,,,,,,,,,,,,,,,,,,,,,,,,,,,,,,
,,,,,,,,,,,,,,,,,,,,,,,,,,,,,,,,,,,,,,,,,,,
,,,,,,,,,,,,,,,,,,,,,,,,,,,,,,,,,,,,,,,,,,,
,,,,,,,,,,,,,,,,,,,,,,,,,,,,,,,,,,,,,,,,,,,
,,,,,,,,,,,,,,,,,,,,,,,,,,,,,,,,,,,,,,,,,,,
,,,,,,,,,,,,,,,,,,,,,,,,,,,,,,,,,,,,,,,,,,,
,,,,,,,,,,,,,,,,,,,,,,,,,,,,,,,,,,,,,,,,,,,
,,,,,,,,,,,,,,,,,,,,,,,,,,,,,,,,,,,,,,,,,,,
,,,,,,,,,,,,,,,,,,,,,,,,,,,,,,,,,,,,,,,,,,,
,,,,,,,,,,,,,,,,,,,,,,,,,,,,,,,,,,,,,,,,,,,
,,,,,,,,,,,,,,,,,,,,,,,,,,,,,,,,,,,,,,,,,,,
,,,,,,,,,,,,,,,,,,,,,,,,,,,,,,,,,,,,,,,,,,,
,,,,,,,,,,,,,,,,,,,,,,,,,,,,,,,,,,,,,,,,,,,
,,,,,,,,,,,,,,,,,,,,,,,,,,,,,,,,,,,,,,,,,,,
,,,,,,,,,,,,,,,,,,,,,,,,,,,,,,,,,,,,,,,,,,,
,,,,,,,,,,,,,,,,,,,,,,,,,,,,,,,,,,,,,,,,,,,
,,,,,,,,,,,,,,,,,,,,,,,,,,,,,,,,,,,,,,,,,,,
,,,,,,,,,,,,,,,,,,,,,,,,,,,,,,,,,,,,,,,,,,,
,,,,,,,,,,,,,,,,,,,,,,,,,,,,,,,,,,,,,,,,,,,
,,,,,,,,,,,,,,,,,,,,,,,,,,,,,,,,,,,,,,,,,,,
,,,,,,,,,,,,,,,,,,,,,,,,,,,,,,,,,,,,,,,,,,,
,,,,,,,,,,,,,,,,,,,,,,,,,,,,,,,,,,,,,,,,,,,
,,,,,,,,,,,,,,,,,,,,,,,,,,,,,,,,,,,,,,,,,,,
,,,,,,,,,,,,,,,,,,,,,,,,,,,,,,,,,,,,,,,,,,,
,,,,,,,,,,,,,,,,,,,,,,,,,,,,,,,,,,,,,,,,,,,
,,,,,,,,,,,,,,,,,,,,,,,,,,,,,,,,,,,,,,,,,,,
,,,,,,,,,,,,,,,,,,,,,,,,,,,,,,,,,,,,,,,,,,,
,,,,,,,,,,,,,,,,,,,,,,,,,,,,,,,,,,,,,,,,,,,
,,,,,,,,,,,,,,,,,,,,,,,,,,,,,,,,,,,,,,,,,,,
,,,,,,,,,,,,,,,,,,,,,,,,,,,,,,,,,,,,,,,,,,,
,,,,,,,,,,,,,,,,,,,,,,,,,,,,,,,,,,,,,,,,,,,
,,,,,,,,,,,,,,,,,,,,,,,,,,,,,,,,,,,,,,,,,,,
,,,,,,,,,,,,,,,,,,,,,,,,,,,,,,,,,,,,,,,,,,,
,,,,,,,,,,,,,,,,,,,,,,,,,,,,,,,,,,,,,,,,,,,
,,,,,,,,,,,,,,,,,,,,,,,,,,,,,,,,,,,,,,,,,,,
,,,,,,,,,,,,,,,,,,,,,,,,,,,,,,,,,,,,,,,,,,,
,,,,,,,,,,,,,,,,,,,,,,,,,,,,,,,,,,,,,,,,,,,
,,,,,,,,,,,,,,,,,,,,,,,,,,,,,,,,,,,,,,,,,,,
,,,,,,,,,,,,,,,,,,,,,,,,,,,,,,,,,,,,,,,,,,,
,,,,,,,,,,,,,,,,,,,,,,,,,,,,,,,,,,,,,,,,,,,
,,,,,,,,,,,,,,,,,,,,,,,,,,,,,,,,,,,,,,,,,,,
,,,,,,,,,,,,,,,,,,,,,,,,,,,,,,,,,,,,,,,,,,,
,,,,,,,,,,,,,,,,,,,,,,,,,,,,,,,,,,,,,,,,,,,
,,,,,,,,,,,,,,,,,,,,,,,,,,,,,,,,,,,,,,,,,,,
,,,,,,,,,,,,,,,,,,,,,,,,,,,,,,,,,,,,,,,,,,,
,,,,,,,,,,,,,,,,,,,,,,,,,,,,,,,,,,,,,,,,,,,
,,,,,,,,,,,,,,,,,,,,,,,,,,,,,,,,,,,,,,,,,,,
,,,,,,,,,,,,,,,,,,,,,,,,,,,,,,,,,,,,,,,,,,,
,,,,,,,,,,,,,,,,,,,,,,,,,,,,,,,,,,,,,,,,,,,
,,,,,,,,,,,,,,,,,,,,,,,,,,,,,,,,,,,,,,,,,,,
,,,,,,,,,,,,,,,,,,,,,,,,,,,,,,,,,,,,,,,,,,,
,,,,,,,,,,,,,,,,,,,,,,,,,,,,,,,,,,,,,,,,,,,
,,,,,,,,,,,,,,,,,,,,,,,,,,,,,,,,,,,,,,,,,,,
,,,,,,,,,,,,,,,,,,,,,,,,,,,,,,,,,,,,,,,,,,,
,,,,,,,,,,,,,,,,,,,,,,,,,,,,,,,,,,,,,,,,,,,
,,,,,,,,,,,,,,,,,,,,,,,,,,,,,,,,,,,,,,,,,,,
,,,,,,,,,,,,,,,,,,,,,,,,,,,,,,,,,,,,,,,,,,,
,,,,,,,,,,,,,,,,,,,,,,,,,,,,,,,,,,,,,,,,,,,
,,,,,,,,,,,,,,,,,,,,,,,,,,,,,,,,,,,,,,,,,,,
,,,,,,,,,,,,,,,,,,,,,,,,,,,,,,,,,,,,,,,,,,,
,,,,,,,,,,,,,,,,,,,,,,,,,,,,,,,,,,,,,,,,,,,
,,,,,,,,,,,,,,,,,,,,,,,,,,,,,,,,,,,,,,,,,,,
,,,,,,,,,,,,,,,,,,,,,,,,,,,,,,,,,,,,,,,,,,,
,,,,,,,,,,,,,,,,,,,,,,,,,,,,,,,,,,,,,,,,,,,
,,,,,,,,,,,,,,,,,,,,,,,,,,,,,,,,,,,,,,,,,,,
,,,,,,,,,,,,,,,,,,,,,,,,,,,,,,,,,,,,,,,,,,,
,,,,,,,,,,,,,,,,,,,,,,,,,,,,,,,,,,,,,,,,,,,
,,,,,,,,,,,,,,,,,,,,,,,,,,,,,,,,,,,,,,,,,,,
,,,,,,,,,,,,,,,,,,,,,,,,,,,,,,,,,,,,,,,,,,,
,,,,,,,,,,,,,,,,,,,,,,,,,,,,,,,,,,,,,,,,,,,
,,,,,,,,,,,,,,,,,,,,,,,,,,,,,,,,,,,,,,,,,,,
,,,,,,,,,,,,,,,,,,,,,,,,,,,,,,,,,,,,,,,,,,,
,,,,,,,,,,,,,,,,,,,,,,,,,,,,,,,,,,,,,,,,,,,
,,,,,,,,,,,,,,,,,,,,,,,,,,,,,,,,,,,,,,,,,,,
,,,,,,,,,,,,,,,,,,,,,,,,,,,,,,,,,,,,,,,,,,,
,,,,,,,,,,,,,,,,,,,,,,,,,,,,,,,,,,,,,,,,,,,
,,,,,,,,,,,,,,,,,,,,,,,,,,,,,,,,,,,,,,,,,,,
,,,,,,,,,,,,,,,,,,,,,,,,,,,,,,,,,,,,,,,,,,,
,,,,,,,,,,,,,,,,,,,,,,,,,,,,,,,,,,,,,,,,,,,
,,,,,,,,,,,,,,,,,,,,,,,,,,,,,,,,,,,,,,,,,,,
,,,,,,,,,,,,,,,,,,,,,,,,,,,,,,,,,,,,,,,,,,,
,,,,,,,,,,,,,,,,,,,,,,,,,,,,,,,,,,,,,,,,,,,
,,,,,,,,,,,,,,,,,,,,,,,,,,,,,,,,,,,,,,,,,,,
,,,,,,,,,,,,,,,,,,,,,,,,,,,,,,,,,,,,,,,,,,,
,,,,,,,,,,,,,,,,,,,,,,,,,,,,,,,,,,,,,,,,,,,
,,,,,,,,,,,,,,,,,,,,,,,,,,,,,,,,,,,,,,,,,,,
,,,,,,,,,,,,,,,,,,,,,,,,,,,,,,,,,,,,,,,,,,,
,,,,,,,,,,,,,,,,,,,,,,,,,,,,,,,,,,,,,,,,,,,
,,,,,,,,,,,,,,,,,,,,,,,,,,,,,,,,,,,,,,,,,,,
,,,,,,,,,,,,,,,,,,,,,,,,,,,,,,,,,,,,,,,,,,,
,,,,,,,,,,,,,,,,,,,,,,,,,,,,,,,,,,,,,,,,,,,
,,,,,,,,,,,,,,,,,,,,,,,,,,,,,,,,,,,,,,,,,,,
,,,,,,,,,,,,,,,,,,,,,,,,,,,,,,,,,,,,,,,,,,,
,,,,,,,,,,,,,,,,,,,,,,,,,,,,,,,,,,,,,,,,,,,
,,,,,,,,,,,,,,,,,,,,,,,,,,,,,,,,,,,,,,,,,,,
,,,,,,,,,,,,,,,,,,,,,,,,,,,,,,,,,,,,,,,,,,,
,,,,,,,,,,,,,,,,,,,,,,,,,,,,,,,,,,,,,,,,,,,
,,,,,,,,,,,,,,,,,,,,,,,,,,,,,,,,,,,,,,,,,,,
,,,,,,,,,,,,,,,,,,,,,,,,,,,,,,,,,,,,,,,,,,,
,,,,,,,,,,,,,,,,,,,,,,,,,,,,,,,,,,,,,,,,,,,
,,,,,,,,,,,,,,,,,,,,,,,,,,,,,,,,,,,,,,,,,,,
,,,,,,,,,,,,,,,,,,,,,,,,,,,,,,,,,,,,,,,,,,,
,,,,,,,,,,,,,,,,,,,,,,,,,,,,,,,,,,,,,,,,,,,
,,,,,,,,,,,,,,,,,,,,,,,,,,,,,,,,,,,,,,,,,,,
,,,,,,,,,,,,,,,,,,,,,,,,,,,,,,,,,,,,,,,,,,,
,,,,,,,,,,,,,,,,,,,,,,,,,,,,,,,,,,,,,,,,,,,
,,,,,,,,,,,,,,,,,,,,,,,,,,,,,,,,,,,,,,,,,,,
,,,,,,,,,,,,,,,,,,,,,,,,,,,,,,,,,,,,,,,,,,,
,,,,,,,,,,,,,,,,,,,,,,,,,,,,,,,,,,,,,,,,,,,
,,,,,,,,,,,,,,,,,,,,,,,,,,,,,,,,,,,,,,,,,,,
,,,,,,,,,,,,,,,,,,,,,,,,,,,,,,,,,,,,,,,,,,,
,,,,,,,,,,,,,,,,,,,,,,,,,,,,,,,,,,,,,,,,,,,
,,,,,,,,,,,,,,,,,,,,,,,,,,,,,,,,,,,,,,,,,,,
,,,,,,,,,,,,,,,,,,,,,,,,,,,,,,,,,,,,,,,,,,,
,,,,,,,,,,,,,,,,,,,,,,,,,,,,,,,,,,,,,,,,,,,
,,,,,,,,,,,,,,,,,,,,,,,,,,,,,,,,,,,,,,,,,,,
,,,,,,,,,,,,,,,,,,,,,,,,,,,,,,,,,,,,,,,,,,,
,,,,,,,,,,,,,,,,,,,,,,,,,,,,,,,,,,,,,,,,,,,
,,,,,,,,,,,,,,,,,,,,,,,,,,,,,,,,,,,,,,,,,,,
,,,,,,,,,,,,,,,,,,,,,,,,,,,,,,,,,,,,,,,,,,,
,,,,,,,,,,,,,,,,,,,,,,,,,,,,,,,,,,,,,,,,,,,
,,,,,,,,,,,,,,,,,,,,,,,,,,,,,,,,,,,,,,,,,,,
,,,,,,,,,,,,,,,,,,,,,,,,,,,,,,,,,,,,,,,,,,,
,,,,,,,,,,,,,,,,,,,,,,,,,,,,,,,,,,,,,,,,,,,
,,,,,,,,,,,,,,,,,,,,,,,,,,,,,,,,,,,,,,,,,,,
,,,,,,,,,,,,,,,,,,,,,,,,,,,,,,,,,,,,,,,,,,,
,,,,,,,,,,,,,,,,,,,,,,,,,,,,,,,,,,,,,,,,,,,
,,,,,,,,,,,,,,,,,,,,,,,,,,,,,,,,,,,,,,,,,,,
,,,,,,,,,,,,,,,,,,,,,,,,,,,,,,,,,,,,,,,,,,,
,,,,,,,,,,,,,,,,,,,,,,,,,,,,,,,,,,,,,,,,,,,
,,,,,,,,,,,,,,,,,,,,,,,,,,,,,,,,,,,,,,,,,,,
,,,,,,,,,,,,,,,,,,,,,,,,,,,,,,,,,,,,,,,,,,,
,,,,,,,,,,,,,,,,,,,,,,,,,,,,,,,,,,,,,,,,,,,
,,,,,,,,,,,,,,,,,,,,,,,,,,,,,,,,,,,,,,,,,,,
,,,,,,,,,,,,,,,,,,,,,,,,,,,,,,,,,,,,,,,,,,,
,,,,,,,,,,,,,,,,,,,,,,,,,,,,,,,,,,,,,,,,,,,
,,,,,,,,,,,,,,,,,,,,,,,,,,,,,,,,,,,,,,,,,,,
,,,,,,,,,,,,,,,,,,,,,,,,,,,,,,,,,,,,,,,,,,,
,,,,,,,,,,,,,,,,,,,,,,,,,,,,,,,,,,,,,,,,,,,
,,,,,,,,,,,,,,,,,,,,,,,,,,,,,,,,,,,,,,,,,,,
,,,,,,,,,,,,,,,,,,,,,,,,,,,,,,,,,,,,,,,,,,,
,,,,,,,,,,,,,,,,,,,,,,,,,,,,,,,,,,,,,,,,,,,
,,,,,,,,,,,,,,,,,,,,,,,,,,,,,,,,,,,,,,,,,,,
,,,,,,,,,,,,,,,,,,,,,,,,,,,,,,,,,,,,,,,,,,,
,,,,,,,,,,,,,,,,,,,,,,,,,,,,,,,,,,,,,,,,,,,
,,,,,,,,,,,,,,,,,,,,,,,,,,,,,,,,,,,,,,,,,,,
,,,,,,,,,,,,,,,,,,,,,,,,,,,,,,,,,,,,,,,,,,,
,,,,,,,,,,,,,,,,,,,,,,,,,,,,,,,,,,,,,,,,,,,
,,,,,,,,,,,,,,,,,,,,,,,,,,,,,,,,,,,,,,,,,,,
,,,,,,,,,,,,,,,,,,,,,,,,,,,,,,,,,,,,,,,,,,,
,,,,,,,,,,,,,,,,,,,,,,,,,,,,,,,,,,,,,,,,,,,
,,,,,,,,,,,,,,,,,,,,,,,,,,,,,,,,,,,,,,,,,,,
,,,,,,,,,,,,,,,,,,,,,,,,,,,,,,,,,,,,,,,,,,,
,,,,,,,,,,,,,,,,,,,,,,,,,,,,,,,,,,,,,,,,,,,
,,,,,,,,,,,,,,,,,,,,,,,,,,,,,,,,,,,,,,,,,,,
,,,,,,,,,,,,,,,,,,,,,,,,,,,,,,,,,,,,,,,,,,,
,,,,,,,,,,,,,,,,,,,,,,,,,,,,,,,,,,,,,,,,,,,
,,,,,,,,,,,,,,,,,,,,,,,,,,,,,,,,,,,,,,,,,,,
,,,,,,,,,,,,,,,,,,,,,,,,,,,,,,,,,,,,,,,,,,,
,,,,,,,,,,,,,,,,,,,,,,,,,,,,,,,,,,,,,,,,,,,
,,,,,,,,,,,,,,,,,,,,,,,,,,,,,,,,,,,,,,,,,,,
,,,,,,,,,,,,,,,,,,,,,,,,,,,,,,,,,,,,,,,,,,,
,,,,,,,,,,,,,,,,,,,,,,,,,,,,,,,,,,,,,,,,,,,
,,,,,,,,,,,,,,,,,,,,,,,,,,,,,,,,,,,,,,,,,,,
,,,,,,,,,,,,,,,,,,,,,,,,,,,,,,,,,,,,,,,,,,,
,,,,,,,,,,,,,,,,,,,,,,,,,,,,,,,,,,,,,,,,,,,
,,,,,,,,,,,,,,,,,,,,,,,,,,,,,,,,,,,,,,,,,,,
,,,,,,,,,,,,,,,,,,,,,,,,,,,,,,,,,,,,,,,,,,,
,,,,,,,,,,,,,,,,,,,,,,,,,,,,,,,,,,,,,,,,,,,
,,,,,,,,,,,,,,,,,,,,,,,,,,,,,,,,,,,,,,,,,,,
,,,,,,,,,,,,,,,,,,,,,,,,,,,,,,,,,,,,,,,,,,,
,,,,,,,,,,,,,,,,,,,,,,,,,,,,,,,,,,,,,,,,,,,
,,,,,,,,,,,,,,,,,,,,,,,,,,,,,,,,,,,,,,,,,,,
,,,,,,,,,,,,,,,,,,,,,,,,,,,,,,,,,,,,,,,,,,,
,,,,,,,,,,,,,,,,,,,,,,,,,,,,,,,,,,,,,,,,,,,
,,,,,,,,,,,,,,,,,,,,,,,,,,,,,,,,,,,,,,,,,,,
,,,,,,,,,,,,,,,,,,,,,,,,,,,,,,,,,,,,,,,,,,,
,,,,,,,,,,,,,,,,,,,,,,,,,,,,,,,,,,,,,,,,,,,
,,,,,,,,,,,,,,,,,,,,,,,,,,,,,,,,,,,,,,,,,,,
,,,,,,,,,,,,,,,,,,,,,,,,,,,,,,,,,,,,,,,,,,,
,,,,,,,,,,,,,,,,,,,,,,,,,,,,,,,,,,,,,,,,,,,
,,,,,,,,,,,,,,,,,,,,,,,,,,,,,,,,,,,,,,,,,,,
,,,,,,,,,,,,,,,,,,,,,,,,,,,,,,,,,,,,,,,,,,,
,,,,,,,,,,,,,,,,,,,,,,,,,,,,,,,,,,,,,,,,,,,
,,,,,,,,,,,,,,,,,,,,,,,,,,,,,,,,,,,,,,,,,,,
,,,,,,,,,,,,,,,,,,,,,,,,,,,,,,,,,,,,,,,,,,,
,,,,,,,,,,,,,,,,,,,,,,,,,,,,,,,,,,,,,,,,,,,
,,,,,,,,,,,,,,,,,,,,,,,,,,,,,,,,,,,,,,,,,,,
,,,,,,,,,,,,,,,,,,,,,,,,,,,,,,,,,,,,,,,,,,,
,,,,,,,,,,,,,,,,,,,,,,,,,,,,,,,,,,,,,,,,,,,
,,,,,,,,,,,,,,,,,,,,,,,,,,,,,,,,,,,,,,,,,,,
,,,,,,,,,,,,,,,,,,,,,,,,,,,,,,,,,,,,,,,,,,,
,,,,,,,,,,,,,,,,,,,,,,,,,,,,,,,,,,,,,,,,,,,
,,,,,,,,,,,,,,,,,,,,,,,,,,,,,,,,,,,,,,,,,,,
,,,,,,,,,,,,,,,,,,,,,,,,,,,,,,,,,,,,,,,,,,,
,,,,,,,,,,,,,,,,,,,,,,,,,,,,,,,,,,,,,,,,,,,
,,,,,,,,,,,,,,,,,,,,,,,,,,,,,,,,,,,,,,,,,,,
,,,,,,,,,,,,,,,,,,,,,,,,,,,,,,,,,,,,,,,,,,,
,,,,,,,,,,,,,,,,,,,,,,,,,,,,,,,,,,,,,,,,,,,