occurrenceID,institutionCode,basisOfRecord,catalogNumber,recordedBy,recordNumber,year,month,day,continent,country,stateProvince,county,locality,decimalLatitude,decimalLongitude,georeferenceProtocol,coordinateUncertaintyInMeters,kingdom,phylum,class,order,family,genus,specificEpithet,infraspecificEpithet,scientificName,identifiedBy,yearIdentified,dcterms:references,associatedMedia,Origin,Gall Presence (Y/N),Checked By,Notes,Total Galls,Gall Species 1,Number 1,Gall Species 2,Number 2,Gall Species 3,Number 3
782792ac-34b6-4873-99f8-c72733098516,NY,PreservedSpecimen,2377735,T. J. Delendick,1382,1977,5,18,North America,United States of America,New York,Bronx Co.,The New York Botanical Garden. Hemlock Forest overlooking Bronx River,40.8568,-73.8754,GEOLocate Web Application,2289,Plantae,Magnoliophyta,,Sapindales,Sapindaceae,Acer,rubrum,,Acer rubrum L.,D. E. Atha,2015,http://sweetgum.nybg.org/science/vh/specimen_details.php?irn=2618516,http://sweetgum.nybg.org/images3/4249/601/02377735.jpg,Native,Y,LE,covering many leaves,45,Acericecis ocellaris,45,,,,
1cc0e9e8-ad1e-4a3b-b435-c4a1a396d9e0,NY,PreservedSpecimen,2377726,T. J. Delendick,756,1976,6,5,North America,United States of America,New York,Bronx Co.,"The New York Botanical Garden. In hemlock forest, behind Rock Garden",40.8568,-73.8754,GEOLocate Web Application,2289,Plantae,Magnoliophyta,,Sapindales,Sapindaceae,Acer,rubrum,,Acer rubrum L.,D. E. Atha,2015,http://sweetgum.nybg.org/science/vh/specimen_details.php?irn=2618129,http://sweetgum.nybg.org/images3/4255/906/02377726.jpg,Native,Y,LE,,1,Acericecis ocellaris,1,,,,
aeddf231-4638-4a8d-abed-843a42dc79fd,NY,PreservedSpecimen,1170136,D. H. R. McClelland,359,2006,9,27,North America,United States of America,New York,Bronx Co.,The New York Botanical Garden. Along path between Hester Bridge and Azalea Way,40.8606,-73.8764,,,Plantae,Magnoliophyta,,Fagales,Fagaceae,Quercus,alba,,Quercus alba L.,D. H. R. McClelland,2006,http://sweetgum.nybg.org/science/vh/specimen_details.php?irn=1720930,http://sweetgum.nybg.org/images3/545/223/01170136.jpg,Native,Y,LE,Hidden behind leaf on bottom,1,Philonix fulvicollis,1,,,,
52ba8e1c-55b2-4d10-98c9-4dcbc24073c2,NY,PreservedSpecimen,1087277,D. E. Atha,6802,2008,9,23,North America,United States of America,New York,Bronx Co.,"The New York Botanical Garden, ca 320 m (by air) west of the Bronx River and ca 350-365 m (by air) north of Fordham Road/Pelham Parkway/US 1",40.8601,-73.88,,,Plantae,Magnoliophyta,,Fagales,Fagaceae,Quercus,alba,,Quercus alba L.,D. E. Atha,2008,http://sweetgum.nybg.org/science/vh/specimen_details.php?irn=1199547,https://sweetgum.nybg.org/images3/524/029/01087277.jpg,Native,Y,LE,,17,Acraspis pezomachoides,12,Phylloteras poculum,5,,
baff30d0-11f1-4135-b200-30f62e80dcc6,NY,PreservedSpecimen,1268817,D. E. Atha,9017,2010,9,16,North America,United States of America,New York,Bronx Co.,"City of New York. Grounds of The New York Botanical Garden, N of Waring Avenue and W of the Bronx River",40.864,-73.8773,GPS,,Plantae,Magnoliophyta,,Fagales,Fagaceae,Quercus,alba,,Quercus alba L.,D. E. Atha,2011,http://sweetgum.nybg.org/science/vh/specimen_details.php?irn=1481401,https://sweetgum.nybg.org/images3/545/227/01268817.jpg,Native,Y,LE,,2,Druon quercusflocci,1,Macrodiplosis erubescens,1,,
dd18f47b-abd2-44d3-ba75-243cac77f718,NY,PreservedSpecimen,2688488,D. E. Atha,15488,2016,6,8,North America,United States of America,New York,New York Co.,"Central Park. Tennis House, at intersection of West Drive and 97th St Transverse. Between 96th and 97th Streets and between 7th and 8th Avenues",40.7911,-73.9624,GPS,,Plantae,Magnoliophyta,,Fagales,Fagaceae,Quercus,bicolor,,Quercus bicolor Willd.,D. E. Atha,2016,http://sweetgum.nybg.org/science/vh/specimen_details.php?irn=2972135,https://sweetgum.nybg.org/images3/2103/706/02688488.jpg,Native,Y,LE,Unsure of ID,2,Andricus sp,2,,,,
5232ac2c-a334-4500-8c7d-370c05dd7763,NY,PreservedSpecimen,1206797,D. E. Atha,8597,2010,7,26,North America,United States of America,New York,Bronx Co.,"City of New York. Grounds of The New York Botanical Garden, N of Waring Avenue and W of the Bronx River",40.8655,-73.8804,GPS,,Plantae,Magnoliophyta,,Fagales,Fagaceae,Quercus,macrocarpa,,Quercus macrocarpa Michx.,D. E. Atha,2010,http://sweetgum.nybg.org/science/vh/specimen_details.php?irn=1453611,https://sweetgum.nybg.org/images3/562/878/01206797.jpg,Native,N,LE,,0,,,,,,
b11df53f-ad49-4390-a9e7-f0368d3dd62c,NY,PreservedSpecimen,1116540,M. H. Nee,43616,1993,7,17,North America,United States of America,New York,Bronx Co.,"New York Botanical Garden, floodplain of Bronx River between NYBG Garden bridge and the northwestern highway bridge",40.85,-73.88,,,Plantae,Magnoliophyta,,Fagales,Fagaceae,Quercus,palustris,,Quercus palustris Münchh.,M. H. Nee,1993,http://sweetgum.nybg.org/science/vh/specimen_details.php?irn=112314,http://sweetgum.nybg.org/images3/4271/544/01116540.jpg,Native,Y,LE,"1 in central area, 2 near top",3,Polystepha pilulae,3,,,,
5ab1a447-6ad3-4fa3-8fda-81060d91adc5,NY,PreservedSpecimen,1466300,M. H. Nee,52591,2003,9,19,North America,United States of America,New York,Bronx Co.,"between the Metro North railroad line and the New York Botanical Garden, south of Mosholu Parkway",40.8674,-73.8806,"Georeferencing Quick Reference Guide, Version 2012",143.989,Plantae,Magnoliophyta,,Fagales,Fagaceae,Quercus,palustris,,Quercus palustris Münchh.,,,http://sweetgum.nybg.org/science/vh/specimen_details.php?irn=1707591,http://sweetgum.nybg.org/images3/610/566/01466300.jpg,Native,Y,LE,Unsure of second ID,6,Druon quercuslonigerum,4,Polystepha pilulae,2,,
89a4ed13-c016-4623-ac58-ed327649475c,NY,PreservedSpecimen,2235987,D. E. Atha,13987,2013,8,26,North America,United States of America,New York,New York Co.,"Central Park, Tennis House, along the West Drive, between 96th and 97th Sts and between Adam Clayton Powell Blvd and Central Park West",40.7912,-73.9634,GPS,25,Plantae,Magnoliophyta,,Fagales,Fagaceae,Quercus,palustris,,Quercus palustris Münchh.,D. E. Atha,2013,http://sweetgum.nybg.org/science/vh/specimen_details.php?irn=2356906,https://sweetgum.nybg.org/images3/1307/294/02235987.jpg,Native,Y,LE,Unsure of second ID,1,Polystepha pilulae,1,,,,
7aa384c0-b8d4-4e7e-9c57-6ea3d78e8310,NY,PreservedSpecimen,1465557,P. Wilson,s.n.,1900,9,25,North America,United States of America,New York,Bronx Co.,Bronx Park,40.8565,-73.8771,"Georeferencing Quick Reference Guide, Version 2012",1771.57,Plantae,Magnoliophyta,,Fagales,Fagaceae,Quercus,rubra,,Quercus rubra L.,D. E. Atha,2014,http://sweetgum.nybg.org/science/vh/specimen_details.php?irn=1705834,http://sweetgum.nybg.org/images3/4268/690/01465557.jpg,Native,Y,LE,lower leaves,2,Polystepha pilulae,2,,,,
e014068e-5f10-4b35-8493-bd382dab3719,NY,PreservedSpecimen,2549600,D. E. Atha,15100,2015,6,3,North America,United States of America,New York,New York Co.,"Central Park. Hallett Nature Sanctuary, northwest corner. Between 61st and 62nd Streets and between 5th and 6th Avenues",40.7672,-73.9752,GPS,,Plantae,Magnoliophyta,,Fagales,Fagaceae,Quercus,rubra,,Quercus rubra L.,D. E. Atha,2016,http://sweetgum.nybg.org/science/vh/specimen_details.php?irn=2917088,https://sweetgum.nybg.org/images3/1979/155/02549600.jpg,Native,Y,LE,Emily agreed on ID,1,Polystepha globosa,1,,,,
d01e853b-f6b1-46ab-b64c-8cb71e408265,NY,PreservedSpecimen,2688882,R. Alvarez,201482,2014,8,8,North America,United States of America,New York,New York Co.,"Central Park, North Woods, the Meadow, between 103rd and 104th Streets, between 7th and 8th Avenues",40.7946,-73.9554,,,Plantae,Magnoliophyta,,Fagales,Fagaceae,Quercus,rubra,,Quercus rubra L.,R. Alvarez,2015,http://sweetgum.nybg.org/science/vh/specimen_details.php?irn=2987036,https://sweetgum.nybg.org/images3/2194/051/02688882.jpg,Native,N,LE,moths?,0,,,,,,
edf2a31d-0cd6-467f-835e-aed505a66462,NY,PreservedSpecimen,1206806,D. E. Atha,8606,2010,7,27,North America,United States of America,New York,Bronx Co.,"City of New York. Grounds of The New York Botanical Garden, N of Waring Avenue and W of the Bronx River",40.8634,-73.8779,GPS,,Plantae,Magnoliophyta,,Fagales,Fagaceae,Quercus,rubra,,Quercus rubra L.,D. E. Atha,2010,http://sweetgum.nybg.org/science/vh/specimen_details.php?irn=1460908,https://sweetgum.nybg.org/images3/613/254/01206806.jpg,Native,Y,LE,,2,Polystepha pilulae,2,,,,
19f98095-4de5-42f7-8b2a-178b8cc9ebb3,NY,PreservedSpecimen,1465562,B. Meurer-Grimes,211,1993,7,20,North America,United States of America,New York,Bronx Co.,"The New York Botanical Garden, tram stop area near Harding Laboratory",40.8568,-73.8754,GEOLocate Web Application,2289,Plantae,Magnoliophyta,,Fagales,Fagaceae,Quercus,rubra,,Quercus rubra L.,D. E. Atha,2014,http://sweetgum.nybg.org/science/vh/specimen_details.php?irn=1705839,https://sweetgum.nybg.org/images3/609/997/01465562.jpg,Native,Y,LE,,4,Polystepha globosa,4,,,,
ba813f29-c729-4f73-99fa-4430f64d3e3c,NY,PreservedSpecimen,1483869,P. Wilson,s.n.,1903,,,North America,United States of America,New York,Bronx Co.,Bronx Park,40.8565,-73.8771,"Georeferencing Quick Reference Guide, Version 2012",1771.57,Plantae,Magnoliophyta,,Fagales,Fagaceae,Quercus,velutina,,Quercus velutina Lam.,D. E. Atha,2014,http://sweetgum.nybg.org/science/vh/specimen_details.php?irn=1723417,http://sweetgum.nybg.org/images3/4268/699/01483869.jpg,Native,Y,LE,,1,Polystepha globosa,1,,,,
26d4a0a9-e789-48c0-a7d9-c49e1536bf05,NY,PreservedSpecimen,1463933,J. von Schrenk,s.n.,1978,,,North America,United States of America,New York,Queens Co.,Long Island,40.7819,-73.8403,"Georeferencing Quick Reference Guide, Version 2012",2121.57,Plantae,Magnoliophyta,,Fagales,Fagaceae,Quercus,velutina,,Quercus velutina Lam.,,,http://sweetgum.nybg.org/science/vh/specimen_details.php?irn=1693209,http://sweetgum.nybg.org/images3/615/718/01463933.jpg,Native,Y,LE,Emily agreed on ID,13,Macrodiplosis majalis,5,Macrodiplosis erubescens,4,Polystepha globosa,4
1f79912d-a050-4f90-a6b8-afbe33b952d5,NY,PreservedSpecimen,1138798,M. H. Nee,54313,2006,5,3,North America,United States of America,New York,Bronx Co.,Bronx. The New York Botanical Garden,40.8664,-73.8753,,,Plantae,Magnoliophyta,,Fagales,Fagaceae,Quercus,velutina,,Quercus velutina Lam.,D. E. Atha,2014,http://sweetgum.nybg.org/science/vh/specimen_details.php?irn=1693039,http://sweetgum.nybg.org/images3/830/605/01138798.jpg,Native,Y,LE,"bottom right, dark spots",4,Polystepha globosa,4,,,,
b53e56a3-8a56-4975-8a80-f3e4fe5c5116,NY,PreservedSpecimen,1463740,J. Möllen,s.n.,1896,10,,North America,United States of America,New York,Bronx Co.,Hill at Fordham,40.8593,-73.8985,GEOLocate Web Application,3036,Plantae,Magnoliophyta,,Fagales,Fagaceae,Quercus,velutina,,Quercus velutina Lam.,D. E. Atha,2014,http://sweetgum.nybg.org/science/vh/specimen_details.php?irn=1693004,https://sweetgum.nybg.org/images3/569/965/01463740.jpg,Native,Y,LE,,1,Macrodiplosis majalis,1,,,,
3a1f4c41-0d8e-4bf4-809b-eff9bbd68a8f,NY,PreservedSpecimen,1463899,B. Meurer-Grimes,43,1993,5,13,North America,United States of America,New York,Bronx Co.,The New York Botanical Garden. Rock garden near waterfall,40.8568,-73.8754,GEOLocate Web Application,2289,Plantae,Magnoliophyta,,Fagales,Fagaceae,Quercus,velutina,,Quercus velutina Lam.,D. E. Atha,2014,http://sweetgum.nybg.org/science/vh/specimen_details.php?irn=1693171,https://sweetgum.nybg.org/images3/615/693/01463899.jpg,Native,Y,LE,,5,Macrodiplosis majalis,5,,,,
90541f37-eb17-4dab-b8b9-dbf2ad38165c,NY,PreservedSpecimen,1463925,G. V. Nash,85,1896,5,11,North America,United States of America,New York,Bronx Co.,Bronx Park,40.8565,-73.8771,"Georeferencing Quick Reference Guide, Version 2012",1771.57,Plantae,Magnoliophyta,,Fagales,Fagaceae,Quercus,velutina,,Quercus velutina Lam.,D. E. Atha,2014,http://sweetgum.nybg.org/science/vh/specimen_details.php?irn=1693201,https://sweetgum.nybg.org/images3/615/710/01463925.jpg,Native,Y,LE,,1,Dryocosmus quercusnotha,1,,,,
9118212b-31a3-4914-8be0-c9fbaaafa140,NY,PreservedSpecimen,2556853,M. H. Nee,56409,2009,6,22,North America,United States of America,New York,Bronx Co.,"along Mosholu Parkway South and park, near Marion Ave.",40.8703,-73.8817,,,Plantae,Magnoliophyta,,Malvales,Malvaceae,Tilia,americana,,Tilia americana L.,,,http://sweetgum.nybg.org/science/vh/specimen_details.php?irn=2799293,http://sweetgum.nybg.org/images3/1978/014/02556853.jpg,Native,Y,LE,on 2 leaves (many galls),2,Eriophyes tiliae,2,,,,
89113934-4692-4324-9dd3-7a769c3eef17,NY,PreservedSpecimen,2377788,R. I. Vargas,37,1998,6,2,North America,United States of America,New York,Bronx Co.,On eastside of Moshulu Park on Moshulu Parkway,40.8706,-73.8811,,,Plantae,Magnoliophyta,,Malvales,Malvaceae,Tilia,americana,,Tilia americana L.,L. Raz; R. Vargas,1998,http://sweetgum.nybg.org/science/vh/specimen_details.php?irn=599011,http://sweetgum.nybg.org/images3/4249/632/02377788.jpg,Native,Y,LE,on 3 leaves (many galls),3,Eriophyes tiliae,3,,,,
67134cd0-d6b2-45e4-9f2f-6761ed85892f,NY,PreservedSpecimen,2377787,M. H. Nee,31285,1985,7,31,North America,United States of America,New York,Bronx Co.,On grounds of New York Botanical Garden,40.8568,-73.8754,GEOLocate Web Application,2289,Plantae,Magnoliophyta,,Malvales,Malvaceae,Tilia,americana,,Tilia americana L.,D. E. Atha,2015,http://sweetgum.nybg.org/science/vh/specimen_details.php?irn=2627568,http://sweetgum.nybg.org/images3/4250/269/02377787.jpg,Native,Y,LE,on 2 leaves (many galls),2,Eriophyes tiliae,2,,,,
108bd0ac-65c0-4aca-9be4-217a89f4d8ea,NY,PreservedSpecimen,2556849,G. V. Nash,2680,,,,North America,United States of America,New York,Bronx Co.,"Arboretum, New York Botanical Garden",,,"Georeferencing Quick Reference Guide, Version 2012",,Plantae,Magnoliophyta,,Malvales,Malvaceae,Tilia,americana,,Tilia americana L.,,,http://sweetgum.nybg.org/science/vh/specimen_details.php?irn=2799289,https://sweetgum.nybg.org/images3/1978/010/02556849.jpg,Native,N,LE,,0,,,,,,
def6a38c-04f7-4036-b1f9-a00641c5e170,NY,PreservedSpecimen,2557184,M. H. Nee,56441,2009,8,4,North America,United States of America,New York,Bronx Co.,campus of Lehman College,40.8739,-73.8922,,,Plantae,Magnoliophyta,,Malvales,Malvaceae,Tilia,cordata,,Tilia cordata Mill.,,,http://sweetgum.nybg.org/science/vh/specimen_details.php?irn=2799645,http://sweetgum.nybg.org/images3/1978/333/02557184.jpg,Non-native,Y,LE,On 3 leaves (many galls),3,Eriophyes tiliae,3,,,,
6556198b-3c8e-401e-b3ee-2efaf10681e2,NY,PreservedSpecimen,2236141,D. E. Atha,14141,2013,10,3,North America,United States of America,New York,New York Co.,"Central Park, Hallett Nature Sanctuary, between 61st and 62nd Sts and between 5th and 6th Avenues",40.7662,-73.9748,,,Plantae,Magnoliophyta,,Sapindales,Sapindaceae,Acer,rubrum,,Acer rubrum L.,D. E. Atha,2013,http://sweetgum.nybg.org/science/vh/specimen_details.php?irn=2391952,http://sweetgum.nybg.org/images3/1307/339/02236141.jpg,Native,N,LE,,0,,,,,,
5ae4cdc4-d0d3-45ab-9b30-172bb5b15490,NY,PreservedSpecimen,2488289,T. J. Delendick,76.483,1976,5,19,North America,United States of America,New York,Bronx Co.,"Van Cortlandt Park, east of N.Y.S. Thruway, near Woodlawn Cemetary",40.8982,-73.8674,GEOLocate Web Application,3036,Plantae,Magnoliophyta,,Sapindales,Sapindaceae,Acer,rubrum,,Acer rubrum L.,,,http://sweetgum.nybg.org/science/vh/specimen_details.php?irn=2707558,http://sweetgum.nybg.org/images3/1763/118/02488289.jpg,Native,N,LE,,0,,,,,,
20e7564e-d3f2-4076-9dd1-6fbaccfcd8c5,NY,PreservedSpecimen,2488292,W. C. Ferguson,1678,1922,7,21,North America,United States of America,New York,Queens Co.,Long Island,40.7494,-73.9023,"Georeferencing Quick Reference Guide, Version 2012",1251.57,Plantae,Magnoliophyta,,Sapindales,Sapindaceae,Acer,rubrum,,Acer rubrum L.,,,http://sweetgum.nybg.org/science/vh/specimen_details.php?irn=2707561,http://sweetgum.nybg.org/images3/1763/121/02488292.jpg,Native,N,LE,,0,,,,,,
c3084897-1dd2-4652-b3de-42a8deb2f3fe,NY,PreservedSpecimen,2488340,W. C. Ferguson,1834,1922,9,14,North America,United States of America,New York,Queens Co.,Long Island,40.7494,-73.9023,"Georeferencing Quick Reference Guide, Version 2012",1251.57,Plantae,Magnoliophyta,,Sapindales,Sapindaceae,Acer,rubrum,,Acer rubrum L.,,,http://sweetgum.nybg.org/science/vh/specimen_details.php?irn=2707716,http://sweetgum.nybg.org/images3/1763/150/02488340.jpg,Native,N,LE,,0,,,,,,
d4c6025e-a456-4939-b984-c7b937610a46,NY,PreservedSpecimen,2488345,K. R. Boynton,s.n.,,,,North America,United States of America,New York,Bronx Co.,Wild. N.Y.B.G.,40.8623,-73.877,GEOLocate Web Application,751,Plantae,Magnoliophyta,,Sapindales,Sapindaceae,Acer,rubrum,,Acer rubrum L.,,,http://sweetgum.nybg.org/science/vh/specimen_details.php?irn=2707721,http://sweetgum.nybg.org/images3/1763/155/02488345.jpg,Native,N,LE,,0,,,,,,
3e2ee994-615b-491c-ae84-b32354675038,NY,PreservedSpecimen,2488361,Collector unknown,s.n.,,,,North America,United States of America,New York,Bronx Co.,[Swamp Jerome Ave],,,,,Plantae,Magnoliophyta,,Sapindales,Sapindaceae,Acer,rubrum,,Acer rubrum L.,,,http://sweetgum.nybg.org/science/vh/specimen_details.php?irn=2707751,http://sweetgum.nybg.org/images3/1763/171/02488361.jpg,Native,N,LE,,0,,,,,,
301bde7c-c0f0-4941-9c3f-2fffbaf86143,NY,PreservedSpecimen,2488311,T. J. Delendick,64,1974,9,23,North America,United States of America,New York,Bronx Co.,Lehman College,40.85,-73.8662,GEOLocate Web Application,3036,Plantae,Magnoliophyta,,Sapindales,Sapindaceae,Acer,rubrum,,Acer rubrum L.,,,http://sweetgum.nybg.org/science/vh/specimen_details.php?irn=2707580,http://sweetgum.nybg.org/images3/1765/054/02488311.jpg,Native,N,LE,,0,,,,,,
73d60080-86fe-4d08-bede-f01bc9b5f886,NY,PreservedSpecimen,2487892,T. J. Delendick,"78,212",1978,5,21,North America,United States of America,New York,Bronx Co.,"N of The New York Botanical Garden, along Bronx River",40.8568,-73.8754,GEOLocate Web Application,2289,Plantae,Magnoliophyta,,Sapindales,Sapindaceae,Acer,rubrum,,Acer rubrum L.,,,http://sweetgum.nybg.org/science/vh/specimen_details.php?irn=2706990,http://sweetgum.nybg.org/images3/1813/830/02487892.jpg,Native,N,LE,,0,,,,,,
ff6c8fb5-57be-476a-b3b6-bd7607316ab4,NY,PreservedSpecimen,2487934,T. J. Delendick,2135,1973,10,27,North America,United States of America,New York,Bronx Co.,Lehman College campus,,,,,Plantae,Magnoliophyta,,Sapindales,Sapindaceae,Acer,rubrum,,Acer rubrum L.,,,http://sweetgum.nybg.org/science/vh/specimen_details.php?irn=2707050,http://sweetgum.nybg.org/images3/1813/872/02487934.jpg,Native,N,LE,,0,,,,,,
490999a9-266f-4c7e-8f12-e1c37be34f6b,NY,PreservedSpecimen,2487985,J. Hartling,46136,,,,North America,United States of America,New York,Bronx Co.,New York Botanical Garden Arboretum,,,,,Plantae,Magnoliophyta,,Sapindales,Sapindaceae,Acer,rubrum,,Acer rubrum L.,,,http://sweetgum.nybg.org/science/vh/specimen_details.php?irn=2707129,http://sweetgum.nybg.org/images3/1813/923/02487985.jpg,Native,N,LE,,0,,,,,,
526c52ac-2b5f-4bd4-b052-110accc760c8,NY,PreservedSpecimen,2488008,Collector unspecified,s.n.,1912,9,25,North America,United States of America,New York,Bronx Co.,"Tree E of Museum Building, NYBG",,,Georeferencing Quick Reference Guide (Zermoglio et,,Plantae,Magnoliophyta,,Sapindales,Sapindaceae,Acer,rubrum,,Acer rubrum L.,,,http://sweetgum.nybg.org/science/vh/specimen_details.php?irn=2707153,http://sweetgum.nybg.org/images3/1813/946/02488008.jpg,Native,N,LE,,0,,,,,,
01b7ffb8-e8c4-4ca6-895e-bbed38bdc698,NY,PreservedSpecimen,2488052,E. P. Bicknell,s.n.,1891,5,24,North America,United States of America,New York,Bronx Co.,Lower Jerome Ave,40.85,-73.8662,GEOLocate Web Application,3036,Plantae,Magnoliophyta,,Sapindales,Sapindaceae,Acer,rubrum,,Acer rubrum L.,,,http://sweetgum.nybg.org/science/vh/specimen_details.php?irn=2707215,http://sweetgum.nybg.org/images3/1813/990/02488052.jpg,Native,N,LE,,0,,,,,,
9caaec93-fca2-45e4-8667-2c842ae50fbe,NY,PreservedSpecimen,2488055,N. L. Britton,s.n.,1914,9,11,North America,United States of America,New York,Richmond Co.,Staten Island.,40.5639,-74.1462,GEOLocate Web Application,12434,Plantae,Magnoliophyta,,Sapindales,Sapindaceae,Acer,rubrum,,Acer rubrum L.,,,http://sweetgum.nybg.org/science/vh/specimen_details.php?irn=2707220,http://sweetgum.nybg.org/images3/1813/993/02488055.jpg,Native,N,LE,,0,,,,,,
7f209202-bae8-48ae-a1fe-3c6a8c065ae7,NY,PreservedSpecimen,2488077,N. L. Britton,s.n.,1914,8,16,North America,United States of America,New York,Richmond Co.,Staten Island.,40.5639,-74.1462,GEOLocate Web Application,12434,Plantae,Magnoliophyta,,Sapindales,Sapindaceae,Acer,rubrum,,Acer rubrum L.,,,http://sweetgum.nybg.org/science/vh/specimen_details.php?irn=2707244,http://sweetgum.nybg.org/images3/1814/015/02488077.jpg,Native,N,LE,,0,,,,,,
297fd6dc-989a-4d85-868b-1c46681eacbe,NY,PreservedSpecimen,2488130,W. C. Ferguson,1856,1922,9,18,North America,United States of America,New York,Queens Co.,,40.7654,-73.8174,GEOLocate Web Application,3036,Plantae,Magnoliophyta,,Sapindales,Sapindaceae,Acer,rubrum,,Acer rubrum L.,,,http://sweetgum.nybg.org/science/vh/specimen_details.php?irn=2707314,http://sweetgum.nybg.org/images3/1814/067/02488130.jpg,Native,N,LE,,0,,,,,,
454d14b4-760a-4e0b-be81-5ccab40cadfa,NY,PreservedSpecimen,2488172,Collector unknown,s.n.,,,,North America,United States of America,New York,Queens Co.,,40.6989,-73.7887,"Georeferencing Quick Reference Guide, Version 2012",2361.57,Plantae,Magnoliophyta,,Sapindales,Sapindaceae,Acer,rubrum,,Acer rubrum L.,,,http://sweetgum.nybg.org/science/vh/specimen_details.php?irn=2707383,http://sweetgum.nybg.org/images3/1814/109/02488172.jpg,Native,N,LE,,0,,,,,,
ec669e77-e44a-410e-b8ac-aadcd2e220d9,NY,PreservedSpecimen,2488183,T. J. Delendick,1096 & 1096A,1973,11,10,North America,United States of America,New York,Bronx Co.,Along Mosholu Parkway,40.85,-73.8662,GEOLocate Web Application,3036,Plantae,Magnoliophyta,,Sapindales,Sapindaceae,Acer,rubrum,,Acer rubrum L.,,,http://sweetgum.nybg.org/science/vh/specimen_details.php?irn=2707407,http://sweetgum.nybg.org/images3/1814/120/02488183.jpg,Native,N,LE,,0,,,,,,
746bbc85-3a83-4db1-9e19-406a9dd79d8d,NY,PreservedSpecimen,2488237,E. P. Bicknell,5853,1891,5,26,North America,United States of America,New York,Bronx Co.,,40.8571,-73.8507,GEOLocate Web Application,8859,Plantae,Magnoliophyta,,Sapindales,Sapindaceae,Acer,rubrum,,Acer rubrum L.,,,http://sweetgum.nybg.org/science/vh/specimen_details.php?irn=2707494,http://sweetgum.nybg.org/images3/1814/168/02488237.jpg,Native,N,LE,,0,,,,,,
03921cbd-4604-4f09-8f4e-940ede73c716,NY,PreservedSpecimen,2377733,T. J. Delendick,959,1976,5,22,North America,United States of America,New York,Bronx Co.,The New York Botanical Garden,40.8624,-73.8781,"Georeferencing Quick Reference Guide, Version 2012",774.389,Plantae,Magnoliophyta,,Sapindales,Sapindaceae,Acer,rubrum,,Acer rubrum L.,D. E. Atha,2015,http://sweetgum.nybg.org/science/vh/specimen_details.php?irn=2618397,http://sweetgum.nybg.org/images3/4249/599/02377733.jpg,Native,N,LE,,0,,,,,,
b124b5bf-d0ee-4b2f-aa22-776b02d546ee,NY,PreservedSpecimen,2377734,T. J. Delendick,1383,1977,4,16,North America,United States of America,New York,Bronx Co.,The New York Botanical Garden. Near Magnolia Collection,40.8568,-73.8754,GEOLocate Web Application,2289,Plantae,Magnoliophyta,,Sapindales,Sapindaceae,Acer,rubrum,,Acer rubrum L.,D. E. Atha,2015,http://sweetgum.nybg.org/science/vh/specimen_details.php?irn=2618526,http://sweetgum.nybg.org/images3/4249/600/02377734.jpg,Native,N,LE,,0,,,,,,
3b6e434a-b0e3-4f75-8f97-dd309149db24,NY,PreservedSpecimen,1088079,D. E. Atha,6979,2009,4,24,North America,United States of America,New York,Bronx Co.,"The New York Botanical Garden, SE section of the Garden, ca 90 m east of the Bronx River and ca 230 m N of Pelham Parkway/Fordham Road/US",40.8581,-73.8757,,,Plantae,Magnoliophyta,,Sapindales,Sapindaceae,Acer,rubrum,,Acer rubrum L.,D. E. Atha,2009,http://sweetgum.nybg.org/science/vh/specimen_details.php?irn=1236399,http://sweetgum.nybg.org/images3/4255/769/01088079.jpg,Native,N,LE,,0,,,,,,
88fd3196-3a37-4352-80b0-619a3ad19da6,NY,PreservedSpecimen,2377727,T. J. Delendick,1431,1978,5,21,North America,United States of America,New York,Bronx Co.,"The New York Botanical Garden, on ""flood plain"" of Bronx River, in north portion of the Garden",40.8568,-73.8754,GEOLocate Web Application,2289,Plantae,Magnoliophyta,,Sapindales,Sapindaceae,Acer,rubrum,,Acer rubrum L.,D. E. Atha,2015,http://sweetgum.nybg.org/science/vh/specimen_details.php?irn=2618166,http://sweetgum.nybg.org/images3/4255/907/02377727.jpg,Native,N,LE,,0,,,,,,
7ea7ba25-04dd-4298-9935-3aca861f5ea2,NY,PreservedSpecimen,2377729,E. H. Day,s.n.,1876,5,,North America,United States of America,New York,New York Co.,Central Park,40.7823,-73.9654,GEOLocate Web Application,2545,Plantae,Magnoliophyta,,Sapindales,Sapindaceae,Acer,rubrum,,Acer rubrum L.,D. E. Atha,2015,http://sweetgum.nybg.org/science/vh/specimen_details.php?irn=2618186,http://sweetgum.nybg.org/images3/4255/908/02377729.jpg,Native,N,LE,,0,,,,,,
fd3a4fb5-19f7-4e6d-a2cc-3a89c277f4dc,NY,PreservedSpecimen,2377732,C. C. Curtis,s.n.,1902,5,10,North America,United States of America,New York,Bronx Co.,Bronx Park,40.861,-73.8768,,,Plantae,Magnoliophyta,,Sapindales,Sapindaceae,Acer,rubrum,,Acer rubrum L.,D. E. Atha,2015,http://sweetgum.nybg.org/science/vh/specimen_details.php?irn=2618191,http://sweetgum.nybg.org/images3/4255/909/02377732.jpg,Native,N,LE,,0,,,,,,
eadd0dec-e23d-487e-9405-cfc347a15980,NY,PreservedSpecimen,2377730,P. Wilson,s.n.,1912,9,25,North America,United States of America,New York,Bronx Co.,The New York Botanical Garden. East of Museum Building,40.8568,-73.8754,GEOLocate Web Application,2289,Plantae,Magnoliophyta,,Sapindales,Sapindaceae,Acer,rubrum,,Acer rubrum L.,D. E. Atha,2015,http://sweetgum.nybg.org/science/vh/specimen_details.php?irn=2618188,http://sweetgum.nybg.org/images3/4257/324/02377730.jpg,Native,N,LE,,0,,,,,,
4bdfdc77-5edb-40e7-b7d4-ba8d9c38a943,NY,PreservedSpecimen,2377731,H. N. Moldenke,s.n.,1939,6,16,North America,United States of America,New York,Bronx Co.,Bronx Park. The New York Botanical Garden. In native woods,40.8568,-73.8754,GEOLocate Web Application,2289,Plantae,Magnoliophyta,,Sapindales,Sapindaceae,Acer,rubrum,,Acer rubrum L.,D. E. Atha,2015,http://sweetgum.nybg.org/science/vh/specimen_details.php?irn=2618190,http://sweetgum.nybg.org/images3/4257/325/02377731.jpg,Native,N,LE,,0,,,,,,
5f1b6843-aa3c-497b-94ac-e08ec421cae7,NY,PreservedSpecimen,2377728,T. J. Delendick,1097 & 1097A,1973,11,13,North America,United States of America,New York,Bronx Co.,at The New York Botanical Garden,40.8568,-73.8754,GEOLocate Web Application,2289,Plantae,Magnoliophyta,,Sapindales,Sapindaceae,Acer,rubrum,,Acer rubrum L.,D. E. Atha,2015,http://sweetgum.nybg.org/science/vh/specimen_details.php?irn=2618175,http://sweetgum.nybg.org/images3/4257/563/02377728.jpg,Native,N,LE,,0,,,,,,
6478ac6f-cc00-43d1-9b04-4377230686d9,NY,PreservedSpecimen,2487986,G. V. Nash,2816,,,,North America,United States of America,New York,Bronx Co.,New York Botanical Garden Nursery,,,,,Plantae,Magnoliophyta,,Sapindales,Sapindaceae,Acer,rubrum,,Acer rubrum L.,,,http://sweetgum.nybg.org/science/vh/specimen_details.php?irn=2707130,,Native,N,LE,,0,,,,,,
93320a3d-b4b3-4d66-986b-3b8399cfc248,NY,PreservedSpecimen,2488381,Collector unspecified,s.n.,1917,9,16,North America,United States of America,New York,Richmond Co.,Green Ridge,40.5612,-74.1699,GEOLocate Web Application,3036,Plantae,Magnoliophyta,,Sapindales,Sapindaceae,Acer,rubrum,,Acer rubrum L. 'Carolineanum',,,http://sweetgum.nybg.org/science/vh/specimen_details.php?irn=2707971,http://sweetgum.nybg.org/images3/1763/191/02488381.jpg,Native,N,LE,,0,,,,,,
9098d93c-a1e7-4a4f-9108-777fe8c3f50c,NY,PreservedSpecimen,2549578,D. E. Atha,15078,2015,5,20,North America,United States of America,New York,New York Co.,Central Park. Ramble. Between 75th and 76th Streets and between 6th and 7th Avenues,40.7772,-73.9697,GPS,,Plantae,Magnoliophyta,,Sapindales,Sapindaceae,Acer,rubrum,rubrum,Acer rubrum L. var. rubrum,D. E. Atha,2017,http://sweetgum.nybg.org/science/vh/specimen_details.php?irn=2913631,http://sweetgum.nybg.org/images3/1925/524/02549578.jpg,Native,N,LE,,0,,,,,,
c96b866b-6b9d-41cf-b8ef-730f3fef95e8,NY,PreservedSpecimen,2550015,D. E. Atha,15415,2016,4,20,North America,United States of America,New York,New York Co.,"Central Park. North Woods, at northwest corner along Drive, just west of Meer. Between 108th and 109th Streets and between 6th and 7th Avenues",40.7982,-73.9546,GPS,,Plantae,Magnoliophyta,,Sapindales,Sapindaceae,Acer,rubrum,rubrum,Acer rubrum L. var. rubrum,D. E. Atha,2017,http://sweetgum.nybg.org/science/vh/specimen_details.php?irn=2968214,http://sweetgum.nybg.org/images3/2102/262/02550015.jpg,Native,N,LE,,0,,,,,,
e6ac80a1-c50a-4f7f-9edb-89f1700b6de7,NY,PreservedSpecimen,2488439,W. C. Ferguson,1857,1922,9,18,North America,United States of America,New York,Queens Co.,Long Island,40.7654,-73.8174,GEOLocate Web Application,3036,Plantae,Magnoliophyta,,Sapindales,Sapindaceae,Acer,rubrum,trilobum,Acer rubrum var. trilobum Torr. & A.Gray ex K.Koch,,,http://sweetgum.nybg.org/science/vh/specimen_details.php?irn=2708146,http://sweetgum.nybg.org/images3/1765/085/02488439.jpg,Native,N,LE,,0,,,,,,
7efd8baa-77ac-41d5-b65b-428d10faa5df,NY,PreservedSpecimen,2488472,N. L. Britton,s.n.,1891,5,3,North America,United States of America,New York,Richmond Co.,Staten Island,40.574,-74.116,GEOLocate Web Application,3036,Plantae,Magnoliophyta,,Sapindales,Sapindaceae,Acer,rubrum,trilobum,Acer rubrum var. trilobum Torr. & A.Gray ex K.Koch,,,http://sweetgum.nybg.org/science/vh/specimen_details.php?irn=2708180,http://sweetgum.nybg.org/images3/1765/118/02488472.jpg,Native,N,LE,,0,,,,,,
0369f0e8-253b-43e2-afb7-d322f1c447fd,NY,PreservedSpecimen,1137128,M. H. Nee,54343,2006,5,10,North America,United States of America,New York,Bronx Co.,The New York Botanical Garden,40.8647,-73.8742,,,Plantae,Magnoliophyta,,Rosales,Rosaceae,Prunus,serotina,,Prunus serotina Ehrh.,M. H. Nee,2006,http://sweetgum.nybg.org/science/vh/specimen_details.php?irn=2554010,http://sweetgum.nybg.org/images3/1832/573/01137128.jpg,Native,N,LE,"gall or fungal infection, one of top middle leaves, could not id on iNaturalist",0,,,,,,
4365a7d4-0ca9-44af-96bb-0b52170c93f1,NY,PreservedSpecimen,1844736,A. W. Cahilly,10,1985,5,15,North America,United States of America,New York,Bronx Co.,"Grounds of The New York Botanical Garden, Forest Grid Number 105",40.8622,-73.8765,,,Plantae,Magnoliophyta,,Rosales,Rosaceae,Prunus,serotina,,Prunus serotina Ehrh.,D. E. Atha,2015,http://sweetgum.nybg.org/science/vh/specimen_details.php?irn=1247499,http://sweetgum.nybg.org/images3/1833/071/01844736.jpg,Native,N,LE,,0,,,,,,
e8e976de-818d-488e-8582-1e11b404cbb6,NY,PreservedSpecimen,1844737,W. Nieder,53,1986,5,19,North America,United States of America,New York,Bronx Co.,"Grounds of The New York Botanical Garden, Forest Grid Number 123",40.8649,-73.8753,,,Plantae,Magnoliophyta,,Rosales,Rosaceae,Prunus,serotina,,Prunus serotina Ehrh.,D. E. Atha,2015,http://sweetgum.nybg.org/science/vh/specimen_details.php?irn=1247501,http://sweetgum.nybg.org/images3/1833/072/01844737.jpg,Native,N,LE,,0,,,,,,
66b83bd9-7ebe-4c57-b24f-1e6f1bf3d4a4,NY,PreservedSpecimen,1844738,W. Nieder,53,1986,5,19,North America,United States of America,New York,Bronx Co.,"Grounds of The New York Botanical Garden, Forest Grid Number 123",40.8649,-73.8753,,,Plantae,Magnoliophyta,,Rosales,Rosaceae,Prunus,serotina,,Prunus serotina Ehrh.,D. E. Atha,2015,http://sweetgum.nybg.org/science/vh/specimen_details.php?irn=1247500,http://sweetgum.nybg.org/images3/1833/073/01844738.jpg,Native,N,LE,,0,,,,,,
0bafeaad-38ef-4d96-9183-9341f6546cb2,NY,PreservedSpecimen,2360408,J. L. Luteyn,8083,1991,5,23,North America,United States of America,New York,Bronx Co.,The New York Botanical Garden,40.8624,-73.8781,"Georeferencing Quick Reference Guide, Version 2012",774.389,Plantae,Magnoliophyta,,Rosales,Rosaceae,Prunus,serotina,,Prunus serotina Ehrh.,D. E. Atha,2015,http://sweetgum.nybg.org/science/vh/specimen_details.php?irn=2554011,http://sweetgum.nybg.org/images3/1833/160/02360408.jpg,Native,N,LE,,0,,,,,,
c4c84c6b-08bd-4db8-826f-4b8c281d4cd0,NY,PreservedSpecimen,2851000,N. L. Britton,s.n.,1883,6,2,North America,United States of America,New York,Queens Co.,,40.7494,-73.9023,"Georeferencing Quick Reference Guide, Version 2012",1251.57,Plantae,Magnoliophyta,,Rosales,Rosaceae,Prunus,serotina,,Prunus serotina Ehrh.,,,http://sweetgum.nybg.org/science/vh/specimen_details.php?irn=3153950,http://sweetgum.nybg.org/images3/2392/175/02851000.jpg,Native,N,LE,,0,,,,,,
3a455394-8d71-47c7-8b11-c2444a77300d,NY,PreservedSpecimen,2851284,M. H. Nee,57174,2010,7,25,North America,United States of America,New York,Bronx Co.,"along Mosholu Parkway, parkland between the parkway and the street E Mosholu Parkway S.",40.8703,-73.8811,,,Plantae,Magnoliophyta,,Rosales,Rosaceae,Prunus,serotina,,Prunus serotina Ehrh.,,,http://sweetgum.nybg.org/science/vh/specimen_details.php?irn=3158641,http://sweetgum.nybg.org/images3/2394/030/02851284.jpg,Native,N,LE,,0,,,,,,
a48deeb7-6efc-4999-8e18-abf4bdcc5895,NY,PreservedSpecimen,2850952,M. H. Nee,32065,1985,11,2,North America,United States of America,New York,Bronx Co.,"New York Botanical Garden, city park on NW side of NYBG",,,Georeferencing Quick Reference Guide (Zermoglio et,,Plantae,Magnoliophyta,,Rosales,Rosaceae,Prunus,serotina,,Prunus serotina Ehrh.,,,http://sweetgum.nybg.org/science/vh/specimen_details.php?irn=3153902,http://sweetgum.nybg.org/images3/2396/026/02850952.jpg,Native,N,LE,,0,,,,,,
278c1df0-2317-4e5f-be66-262a5ab5dba0,NY,PreservedSpecimen,2850954,C. C. Curtis,s.n.,1904,7,21,North America,United States of America,New York,Bronx Co.,Jerome Ave.,40.8656,-73.8989,"Georeferencing Quick Reference Guide, Version 2012",4881.57,Plantae,Magnoliophyta,,Rosales,Rosaceae,Prunus,serotina,,Prunus serotina Ehrh.,,,http://sweetgum.nybg.org/science/vh/specimen_details.php?irn=3153904,http://sweetgum.nybg.org/images3/2396/028/02850954.jpg,Native,N,LE,,0,,,,,,
b6b70425-ebd7-4358-9df6-1d00d22513ee,NY,PreservedSpecimen,2850965,P. Wilson,s.n.,,,,North America,United States of America,New York,Queens Co.,N.Y. Parental School,40.7354,-73.8171,"Georeferencing Quick Reference Guide, Version 2012",202.569,Plantae,Magnoliophyta,,Rosales,Rosaceae,Prunus,serotina,,Prunus serotina Ehrh.,,,http://sweetgum.nybg.org/science/vh/specimen_details.php?irn=3153915,http://sweetgum.nybg.org/images3/2396/039/02850965.jpg,Native,N,LE,,0,,,,,,
1d707245-4fcc-42d2-b725-690c9efbc67e,NY,PreservedSpecimen,2450068,D. E. Atha,14468,2014,5,30,North America,United States of America,New York,New York Co.,"Central Park. Tennis House, north of the Tennis Courts, between 96th and 97th Streets and between 6th and 7th Avenues",40.7905,-73.9611,GPS,25,Plantae,Magnoliophyta,,Rosales,Rosaceae,Prunus,serotina,,Prunus serotina Ehrh.,D. E. Atha,2015,http://sweetgum.nybg.org/science/vh/specimen_details.php?irn=2643278,,Native,N,LE,,0,,,,,,
d0eaf34e-0236-447e-a144-b2ac0308aa16,NY,PreservedSpecimen,2456381,D. E. Atha,14731,2014,7,16,North America,United States of America,New York,New York Co.,"Central Park. Tennis House, at the 97th St Transverse. Between 96th and 97th Streets and between 7th and 8th Avenues",40.7916,-73.9629,GPS,,Plantae,Magnoliophyta,,Rosales,Rosaceae,Prunus,serotina,,Prunus serotina Ehrh.,D. E. Atha,2015,http://sweetgum.nybg.org/science/vh/specimen_details.php?irn=2686845,,Native,N,LE,,0,,,,,,
448c7ae3-e8bc-49fc-a0ce-47eefed4c7f8,NY,PreservedSpecimen,2688810,R. Alvarez,201409,2014,5,21,North America,United States of America,New York,New York Co.,"Central Park, Hallett Nature Sanctuary, between 59th and 60th Street, 6th Avenue",40.7669,-73.975,,,Plantae,Magnoliophyta,,Rosales,Rosaceae,Prunus,serotina,,Prunus serotina Ehrh.,R. Alvarez,2015,http://sweetgum.nybg.org/science/vh/specimen_details.php?irn=2986086,,Native,N,LE,,0,,,,,,
a0e832ea-b097-4084-9db4-4ee2f402bcdc,NY,PreservedSpecimen,1088228,D. E. Atha,7028,2009,4,30,North America,United States of America,New York,Bronx Co.,"Grounds of The New York Botanical Garden, forest, W of the Bronx River and S of northern perimeter road",40.8655,-73.8803,,,Plantae,Magnoliophyta,,Fagales,Fagaceae,Quercus,alba,,Quercus alba L.,D. E. Atha,2009,http://sweetgum.nybg.org/science/vh/specimen_details.php?irn=1238666,http://sweetgum.nybg.org/images3/524/037/01088228.jpg,Native,N,LE,,0,,,,,,
a03d0e69-df82-4b3e-89cb-cbc985457bd9,NY,PreservedSpecimen,1482722,M. H. Nee,37824,1989,10,24,North America,United States of America,New York,Bronx Co.,"in the New York Botanical Garden, near the Rock Garden",40.8568,-73.8754,GEOLocate Web Application,2289,Plantae,Magnoliophyta,,Fagales,Fagaceae,Quercus,alba,,Quercus alba L.,M. H. Nee,1989,http://sweetgum.nybg.org/science/vh/specimen_details.php?irn=1719894,http://sweetgum.nybg.org/images3/526/347/01482722.jpg,Native,N,LE,"gall or leaf disease, rightmost leaf",0,,,,,,
3c921cf9-06ab-434d-9af9-1e7b9539593e,NY,PreservedSpecimen,1482728,E. S. Burgess,s.n.,1880,10,24,North America,United States of America,New York,New York Co.,8th Ave. & 155 St. Bridge,,,,,Plantae,Magnoliophyta,,Fagales,Fagaceae,Quercus,alba,,Quercus alba L.,,,http://sweetgum.nybg.org/science/vh/specimen_details.php?irn=1719907,http://sweetgum.nybg.org/images3/526/353/01482728.jpg,Native,N,LE,,0,,,,,,
38de0406-8efc-48dd-9422-0f0681bbfc0d,NY,PreservedSpecimen,1482734,P. Wilson,s.n.,1900,9,25,North America,United States of America,New York,Bronx Co.,Bronx Park,40.8565,-73.8771,"Georeferencing Quick Reference Guide, Version 2012",1771.57,Plantae,Magnoliophyta,,Fagales,Fagaceae,Quercus,alba,,Quercus alba L.,P. M. Thomson,1978,http://sweetgum.nybg.org/science/vh/specimen_details.php?irn=1719919,http://sweetgum.nybg.org/images3/526/359/01482734.jpg,Native,N,LE,,0,,,,,,
351c0f2d-d066-4b2d-8243-881c66f83264,NY,PreservedSpecimen,1482742,P. Wilson,s.n.,,,,North America,United States of America,New York,Queens Co.,,40.6989,-73.7887,"Georeferencing Quick Reference Guide, Version 2012",2361.57,Plantae,Magnoliophyta,,Fagales,Fagaceae,Quercus,alba,,Quercus alba L.,,,http://sweetgum.nybg.org/science/vh/specimen_details.php?irn=1719937,http://sweetgum.nybg.org/images3/526/367/01482742.jpg,Native,N,LE,,0,,,,,,
734b8426-a3d3-4f61-a397-38e8941ee7d7,NY,PreservedSpecimen,1482745,N. L. Britton,s.n.,1879,9,28,North America,United States of America,New York,Queens Co.,L.I.,40.7494,-73.9023,"Georeferencing Quick Reference Guide, Version 2012",1251.57,Plantae,Magnoliophyta,,Fagales,Fagaceae,Quercus,alba,,Quercus alba L.,,,http://sweetgum.nybg.org/science/vh/specimen_details.php?irn=1719943,http://sweetgum.nybg.org/images3/526/370/01482745.jpg,Native,N,LE,,0,,,,,,
0f6132f0-3e4e-4bdb-90df-921c136b149c,NY,PreservedSpecimen,1482748,J. von Schrenk,s.n.,,,,North America,United States of America,New York,Queens Co.,Long Island,40.7494,-73.9023,"Georeferencing Quick Reference Guide, Version 2012",1251.57,Plantae,Magnoliophyta,,Fagales,Fagaceae,Quercus,alba,,Quercus alba L.,,,http://sweetgum.nybg.org/science/vh/specimen_details.php?irn=1719950,http://sweetgum.nybg.org/images3/526/373/01482748.jpg,Native,N,LE,,0,,,,,,
24ade02c-49c6-4000-96b2-c231c7dcc70a,NY,PreservedSpecimen,1482763,M. H. Nee,58126,2011,8,28,North America,United States of America,New York,Bronx Co.,"Bronx, W side of Mosholu Parkway, between Marion Ave. and Webster Ave20",40.87,-72.8811,,,Plantae,Magnoliophyta,,Fagales,Fagaceae,Quercus,alba,,Quercus alba L.,M. H. Nee,2011,http://sweetgum.nybg.org/science/vh/specimen_details.php?irn=1719967,http://sweetgum.nybg.org/images3/526/388/01482763.jpg,Native,N,LE,,0,,,,,,
e0c0ad83-bc59-49b2-b4a1-0692a78e0922,NY,PreservedSpecimen,1483025,M. H. Nee,56463,2009,8,23,North America,United States of America,New York,Bronx Co.,Bronx. The New York Botanical Garden. Native deciduous forest near base of slope along E side of Bronx River downstream from the bridge near Kazimiroff Drive,40.8656,-73.875,,,Plantae,Magnoliophyta,,Fagales,Fagaceae,Quercus,alba,,Quercus alba L.,M. H. Nee,2009,http://sweetgum.nybg.org/science/vh/specimen_details.php?irn=1721051,http://sweetgum.nybg.org/images3/547/376/01483025.jpg,Native,N,LE,,0,,,,,,
467cf961-417f-4f9e-a3ef-94a51fe801e0,NY,PreservedSpecimen,2688638,D. E. Atha,15638,2016,6,29,North America,United States of America,New York,New York Co.,Central Park. North Meadow. Between 100th and 101st Streets and between 7th and 8th Avenues,40.7934,-73.9607,GPS,,Plantae,Magnoliophyta,,Fagales,Fagaceae,Quercus,alba,,Quercus alba L.,D. E. Atha,2016,http://sweetgum.nybg.org/science/vh/specimen_details.php?irn=2978904,https://sweetgum.nybg.org/images3/2185/493/02688638.jpg,Native,N,LE,,0,,,,,,
6cade477-a4d6-42d7-bd01-b6feddd9c091,NY,PreservedSpecimen,1482761,G. V. Nash,585,1896,10,7,North America,United States of America,New York,Bronx Co.,Bronx Park.,40.8565,-73.8771,"Georeferencing Quick Reference Guide, Version 2012",1771.57,Plantae,Magnoliophyta,,Fagales,Fagaceae,Quercus,alba,,Quercus alba L.,D. E. Atha,2014,http://sweetgum.nybg.org/science/vh/specimen_details.php?irn=1719965,https://sweetgum.nybg.org/images3/526/386/01482761.jpg,Native,N,LE,,0,,,,,,
b15e2c8e-c9d5-41d8-93ca-ba72cf4283ac,NY,PreservedSpecimen,1482756,G. V. Nash,69,1896,5,11,North America,United States of America,New York,Bronx Co.,Bronx Park,40.8565,-73.8771,"Georeferencing Quick Reference Guide, Version 2012",1771.57,Plantae,Magnoliophyta,,Fagales,Fagaceae,Quercus,alba,,Quercus alba L.,D. E. Atha,2014,http://sweetgum.nybg.org/science/vh/specimen_details.php?irn=1719960,https://sweetgum.nybg.org/images3/526/381/01482756.jpg,Native,N,LE,,0,,,,,,
1407cc64-8ce9-44e1-865c-fb74dcd3067d,NY,PreservedSpecimen,1482744,G. V. Nash,69,1896,5,5,North America,United States of America,New York,Bronx Co.,Bronx Park,40.8565,-73.8771,"Georeferencing Quick Reference Guide, Version 2012",1771.57,Plantae,Magnoliophyta,,Fagales,Fagaceae,Quercus,alba,,Quercus alba L.,P. M. Thomson,1978,http://sweetgum.nybg.org/science/vh/specimen_details.php?irn=1719941,https://sweetgum.nybg.org/images3/526/369/01482744.jpg,Native,N,LE,,0,,,,,,
c2812848-9b48-436b-90f5-8f087459ffe8,NY,PreservedSpecimen,1483273,J. von Schrenk,s.n.,,,,North America,United States of America,New York,Queens Co.,Long Island,40.7819,-73.8403,"Georeferencing Quick Reference Guide, Version 2012",2121.57,Plantae,Magnoliophyta,,Fagales,Fagaceae,Quercus,bicolor,,Quercus bicolor Willd.,,,http://sweetgum.nybg.org/science/vh/specimen_details.php?irn=1721661,http://sweetgum.nybg.org/images3/3872/880/01483273.jpg,Native,N,LE,,0,,,,,,
3adbcef0-2a41-4dfd-9452-792b2c75d066,NY,PreservedSpecimen,1483280,W. C. Ferguson,1634-B,1922,7,10,North America,United States of America,New York,Queens Co.,Long Island,40.7494,-73.9023,"Georeferencing Quick Reference Guide, Version 2012",1251.57,Plantae,Magnoliophyta,,Fagales,Fagaceae,Quercus,bicolor,,Quercus bicolor Willd.,,,http://sweetgum.nybg.org/science/vh/specimen_details.php?irn=1721668,http://sweetgum.nybg.org/images3/547/631/01483280.jpg,Native,N,LE,,0,,,,,,
b71c158d-1eca-4ff6-b166-f7e1d11e567c,NY,PreservedSpecimen,1483281,N. L. Britton,s.n.,1914,9,11,North America,United States of America,New York,Richmond Co.,Oakwood,40.564,-74.116,GEOLocate Web Application,3036,Plantae,Magnoliophyta,,Fagales,Fagaceae,Quercus,bicolor,,Quercus bicolor Willd.,,,http://sweetgum.nybg.org/science/vh/specimen_details.php?irn=1721669,http://sweetgum.nybg.org/images3/547/632/01483281.jpg,Native,N,LE,,0,,,,,,
cc1b3853-1492-4df6-a27d-70e245d43e6c,NY,PreservedSpecimen,1483289,W. C. Ferguson,2272,1923,6,2,North America,United States of America,New York,Queens Co.,Long Island,40.7654,-73.8174,GEOLocate Web Application,3036,Plantae,Magnoliophyta,,Fagales,Fagaceae,Quercus,bicolor,,Quercus bicolor Willd.,,,http://sweetgum.nybg.org/science/vh/specimen_details.php?irn=1721677,http://sweetgum.nybg.org/images3/547/640/01483289.jpg,Native,N,LE,,0,,,,,,
139f4ffe-3430-40c1-a9e5-595969b16266,NY,PreservedSpecimen,1483290,W. C. Ferguson,1835,1922,9,14,North America,United States of America,New York,Queens Co.,Long Island,40.7494,-73.9023,"Georeferencing Quick Reference Guide, Version 2012",1251.57,Plantae,Magnoliophyta,,Fagales,Fagaceae,Quercus,bicolor,,Quercus bicolor Willd.,,,http://sweetgum.nybg.org/science/vh/specimen_details.php?irn=1721678,http://sweetgum.nybg.org/images3/547/641/01483290.jpg,Native,N,LE,,0,,,,,,
fbdda9b6-4daa-4cb2-adbc-7abfa5c1743e,NY,PreservedSpecimen,1483291,W. C. Ferguson,1682-A,1922,7,21,North America,United States of America,New York,Queens Co.,Long Island,40.7494,-73.9023,"Georeferencing Quick Reference Guide, Version 2012",1251.57,Plantae,Magnoliophyta,,Fagales,Fagaceae,Quercus,bicolor,,Quercus bicolor Willd.,,,http://sweetgum.nybg.org/science/vh/specimen_details.php?irn=1721679,http://sweetgum.nybg.org/images3/547/642/01483291.jpg,Native,N,LE,,0,,,,,,
4c27cfe6-d067-44e4-be4c-5f6ec63e3e7d,NY,PreservedSpecimen,1483323,N. L. Britton,,1891,5,3,North America,United States of America,New York,Richmond Co.,,40.574,-74.116,GEOLocate Web Application,3036,Plantae,Magnoliophyta,,Fagales,Fagaceae,Quercus,bicolor,,Quercus bicolor Willd.,,,http://sweetgum.nybg.org/science/vh/specimen_details.php?irn=1721713,http://sweetgum.nybg.org/images3/547/675/01483323.jpg,Native,N,LE,,0,,,,,,
3347756c-179e-405a-aa16-5dea3a703ca7,NY,PreservedSpecimen,1483324,W. C. Ferguson,1682-B,1922,7,21,North America,United States of America,New York,Queens Co.,Long Island,40.7494,-73.9023,"Georeferencing Quick Reference Guide, Version 2012",1251.57,Plantae,Magnoliophyta,,Fagales,Fagaceae,Quercus,bicolor,,Quercus bicolor Willd.,,,http://sweetgum.nybg.org/science/vh/specimen_details.php?irn=1721714,http://sweetgum.nybg.org/images3/547/676/01483324.jpg,Native,N,LE,,0,,,,,,
35d20046-53b3-4e45-a2a5-fa74df85dae2,NY,PreservedSpecimen,1483325,W. C. Ferguson,s.n.,1919,7,15,North America,United States of America,New York,Queens Co.,Long Island,40.7494,-73.9023,"Georeferencing Quick Reference Guide, Version 2012",1251.57,Plantae,Magnoliophyta,,Fagales,Fagaceae,Quercus,bicolor,,Quercus bicolor Willd.,,,http://sweetgum.nybg.org/science/vh/specimen_details.php?irn=1721715,http://sweetgum.nybg.org/images3/547/677/01483325.jpg,Native,N,LE,,0,,,,,,
20960f50-78d3-4637-9624-d8f10a63e66f,NY,PreservedSpecimen,1483326,C. C. Curtis,s.n.,1903,8,16,North America,United States of America,New York,Richmond Co.,Richmond,40.574,-74.1304,GEOLocate Web Application,3036,Plantae,Magnoliophyta,,Fagales,Fagaceae,Quercus,bicolor,,Quercus bicolor Willd.,,,http://sweetgum.nybg.org/science/vh/specimen_details.php?irn=1721716,http://sweetgum.nybg.org/images3/547/678/01483326.jpg,Native,N,LE,,0,,,,,,
6902e950-ff55-4681-a0e5-46bea99d8dcd,NY,PreservedSpecimen,1483327,C. C. Curtis,s.n.,1901,5,30,North America,United States of America,New York,Bronx Co.,Jerome Ave.,40.8656,-73.8989,"Georeferencing Quick Reference Guide, Version 2012",4881.57,Plantae,Magnoliophyta,,Fagales,Fagaceae,Quercus,bicolor,,Quercus bicolor Willd.,,,http://sweetgum.nybg.org/science/vh/specimen_details.php?irn=1721717,http://sweetgum.nybg.org/images3/547/679/01483327.jpg,Native,N,LE,,0,,,,,,
9308412d-2d1b-461d-8439-d10f083e090b,NY,PreservedSpecimen,1483376,E. G. Britton,,1886,10,9,North America,United States of America,New York,Richmond Co.,Staten Island. North of Arden,,,,,Plantae,Magnoliophyta,,Fagales,Fagaceae,Quercus,bicolor,,Quercus bicolor Willd.,,,http://sweetgum.nybg.org/science/vh/specimen_details.php?irn=1721766,http://sweetgum.nybg.org/images3/547/728/01483376.jpg,Native,N,LE,,0,,,,,,
da1b499e-83e7-4248-b9cd-2206cf525878,NY,PreservedSpecimen,1483454,H. N. Moldenke,4564,1929,6,13,North America,United States of America,New York,Bronx Co.,New York Botanical Garden,40.8623,-73.877,GEOLocate Web Application,751,Plantae,Magnoliophyta,,Fagales,Fagaceae,Quercus,bicolor,,Quercus bicolor Willd.,,,http://sweetgum.nybg.org/science/vh/specimen_details.php?irn=1721871,http://sweetgum.nybg.org/images3/547/806/01483454.jpg,Native,N,LE,,0,,,,,,
32fd8ac5-7553-4f16-a6ae-cfab6f72a38b,NY,PreservedSpecimen,1483489,J. Hartling,1913,,,,North America,United States of America,New York,Bronx Co.,"New York Botanical Garden, Arboretum",,,"Georeferencing Quick Reference Guide, Version 2012",,Plantae,Magnoliophyta,,Fagales,Fagaceae,Quercus,bicolor,,Quercus bicolor Willd.,,,http://sweetgum.nybg.org/science/vh/specimen_details.php?irn=1721906,http://sweetgum.nybg.org/images3/547/839/01483489.jpg,Native,N,LE,,0,,,,,,
be7f6e84-777c-4168-abbf-c114cb0037c4,NY,PreservedSpecimen,1138796,M. H. Nee,54318,2006,5,3,North America,United States of America,New York,Bronx Co.,Bronx. The New York Botanical Garden,40.8597,-73.8778,,,Plantae,Magnoliophyta,,Fagales,Fagaceae,Quercus,bicolor,,Quercus bicolor Willd.,M. H. Nee,2006,http://sweetgum.nybg.org/science/vh/specimen_details.php?irn=1738748,http://sweetgum.nybg.org/images3/549/145/01138796.jpg,Native,N,LE,,0,,,,,,
b3cd42cd-af8b-41a8-b246-cde72c6b8db8,NY,PreservedSpecimen,2456382,D. E. Atha,14732,2014,7,16,North America,United States of America,New York,New York Co.,"Central Park. Tennis House, at the 97th St Transverse. Between 96th and 97th Streets and between 7th and 8th Avenues",40.7916,-73.9629,GPS,,Plantae,Magnoliophyta,,Fagales,Fagaceae,Quercus,bicolor,,Quercus bicolor Willd.,D. E. Atha,2015,http://sweetgum.nybg.org/science/vh/specimen_details.php?irn=2686846,,Native,N,LE,,0,,,,,,
35e94cee-cabd-4490-9b5f-daedaf90acec,NY,PreservedSpecimen,1483278,H. N. Moldenke,4564,1929,6,13,North America,United States of America,New York,Bronx Co.,"New York Botanical Garden, Bronx Park, New York City",40.8568,-73.8754,GEOLocate Web Application,2289,Plantae,Magnoliophyta,,Fagales,Fagaceae,Quercus,bicolor,,Quercus bicolor Willd.,D. E. Atha,2014,http://sweetgum.nybg.org/science/vh/specimen_details.php?irn=1721666,,Native,N,LE,,0,,,,,,
b3808218-13da-4488-beb2-559742b82fb6,NY,PreservedSpecimen,1483293,B. Meurer-Grimes,216,1993,5,6,North America,United States of America,New York,Bronx Co.,New York Botanical Garden. Intersection of Azalea Way and path to Bronx River Gate and Bronx Zoo,40.8568,-73.8754,GEOLocate Web Application,2289,Plantae,Magnoliophyta,,Fagales,Fagaceae,Quercus,bicolor,,Quercus bicolor Willd.,D. E. Atha,2014,http://sweetgum.nybg.org/science/vh/specimen_details.php?irn=1721681,,Native,N,LE,,0,,,,,,
97e090ad-b946-475d-959d-916ecd18b0a3,NY,PreservedSpecimen,1483328,C. L. Gilly,303,1940,5,22,North America,United States of America,New York,Bronx Co.,"New York Botanical Garden, Bronx Park.",40.8568,-73.8754,GEOLocate Web Application,2289,Plantae,Magnoliophyta,,Fagales,Fagaceae,Quercus,bicolor,,Quercus bicolor Willd.,D. E. Atha,2014,http://sweetgum.nybg.org/science/vh/specimen_details.php?irn=1721718,,Native,N,LE,,0,,,,,,
90a1a50c-bc8a-497f-9e1c-d96504896a96,NY,PreservedSpecimen,3377029,D. E. Atha,16004,2018,5,30,North America,United States of America,New York,Bronx Co.,"New York City. New York Botanical Garden, west of the Bronx River and north of Stone Mill Road, between the Levy Visitor Center and the Library building.",40.864,-73.8795,,5,Plantae,Magnoliophyta,,Fagales,Fagaceae,Quercus,bicolor,,Quercus bicolor Willd.,,,http://sweetgum.nybg.org/science/vh/specimen_details.php?irn=3871783,,Native,N,LE,,0,,,,,,
4cafc427-6e35-4fc8-b01e-dae745520208,NY,PreservedSpecimen,1483277,G. V. Nash,83,1896,5,11,North America,United States of America,New York,Bronx Co.,Bronx Park,40.861,-73.8768,,,Plantae,Magnoliophyta,,Fagales,Fagaceae,Quercus,bicolor,,Quercus bicolor Willd.,D. E. Atha,2014,http://sweetgum.nybg.org/science/vh/specimen_details.php?irn=1721665,,Native,N,LE,,0,,,,,,
6ad76690-c480-4b2e-91a1-9fc63a18b9b9,NY,PreservedSpecimen,1483287,G. V. Nash,83,1896,5,11,North America,United States of America,New York,Bronx Co.,Bronx Park,40.861,-73.8768,,,Plantae,Magnoliophyta,,Fagales,Fagaceae,Quercus,bicolor,,Quercus bicolor Willd.,D. E. Atha,2014,http://sweetgum.nybg.org/science/vh/specimen_details.php?irn=1721675,,Native,N,LE,,0,,,,,,
e05dcb7f-a323-478f-9235-2693ba6d772d,NY,PreservedSpecimen,1483361,G. V. Nash,546,1896,9,30,North America,United States of America,New York,Bronx Co.,Bronx Park,40.861,-73.8768,,,Plantae,Magnoliophyta,,Fagales,Fagaceae,Quercus,bicolor,,Quercus bicolor Willd.,D. E. Atha,2014,http://sweetgum.nybg.org/science/vh/specimen_details.php?irn=1721751,,Native,N,LE,,0,,,,,,
49c075cc-0577-489b-82a9-03d2804e6ec7,NY,PreservedSpecimen,1483490,G. V. Nash,1913,,,,North America,United States of America,New York,Bronx Co.,"New York Botanical Garden, Arboretum",,,"Georeferencing Quick Reference Guide, Version 2012",,Plantae,Magnoliophyta,,Fagales,Fagaceae,Quercus,bicolor,,Quercus bicolor Willd.,,,http://sweetgum.nybg.org/science/vh/specimen_details.php?irn=1721907,,Native,N,LE,,0,,,,,,
7e6b8984-6b95-45a6-8ae7-0f98d01e6e52,NY,PreservedSpecimen,248616,L. C. M. Croizat,s.n.,1936,8,31,North America,United States of America,New York,New York Co.,"Fort Washington Park, Manhattan.",40.8534,-73.9418,GEOLocate Web Application,1977,Plantae,Magnoliophyta,,Fagales,Fagaceae,Quercus,borealis,flabellata,Quercus borealis var. flabellata Croizat,Unspecified Determiner,,http://sweetgum.nybg.org/science/vh/specimen_details.php?irn=278700,http://sweetgum.nybg.org/images3/632/876/00248616.jpg,Native,N,LE,,0,,,,,,
fa8e451d-a8ea-41d4-b1d2-338455244fe0,NY,PreservedSpecimen,248617,L. C. M. Croizat,s.n.,1936,8,31,North America,United States of America,New York,New York Co.,"Fort Washington Park, Manhattan.",40.8534,-73.9418,GEOLocate Web Application,1977,Plantae,Magnoliophyta,,Fagales,Fagaceae,Quercus,borealis,flabellata,Quercus borealis var. flabellata Croizat,Unspecified Determiner,,http://sweetgum.nybg.org/science/vh/specimen_details.php?irn=278701,http://sweetgum.nybg.org/images3/636/382/00248617.jpg,Native,N,LE,,0,,,,,,
3ff02102-8f35-4f35-965b-78d9de107856,NY,PreservedSpecimen,248618,G. T. Hastings,s.n.,1936,6,,North America,United States of America,New York,New York Co.,"Ype tree, steep bank below Riverside Drive.",40.6639,-73.9383,GEOLocate Web Application,14542,Plantae,Magnoliophyta,,Fagales,Fagaceae,Quercus,borealis,flabellata,Quercus borealis var. flabellata Croizat,Unspecified Determiner,,http://sweetgum.nybg.org/science/vh/specimen_details.php?irn=278702,http://sweetgum.nybg.org/images3/636/383/00248618.jpg,Native,N,LE,,0,,,,,,
bf5a2fe5-29b1-4ba9-a6d1-c800f8930f5b,NY,PreservedSpecimen,1483767,C. C. Curtis,s.n.,1905,10,22,North America,United States of America,New York,Richmond Co.,,40.6323,-74.1651,GEOLocate Web Application,3036,Plantae,Magnoliophyta,,Fagales,Fagaceae,Quercus,coccinea,,Quercus coccinea Münchh.,,,http://sweetgum.nybg.org/science/vh/specimen_details.php?irn=1723315,http://sweetgum.nybg.org/images3/548/118/01483767.jpg,Native,N,LE,,0,,,,,,
0130fdb4-e5e8-43c2-a585-7e2d3cfd51fd,NY,PreservedSpecimen,1483772,W. H. Leggett,s.n.,1864,9,17,North America,United States of America,New York,Queens Co.,,40.6989,-73.7887,"Georeferencing Quick Reference Guide, Version 2012",2361.57,Plantae,Magnoliophyta,,Fagales,Fagaceae,Quercus,coccinea,,Quercus coccinea Münchh.,,,http://sweetgum.nybg.org/science/vh/specimen_details.php?irn=1723320,http://sweetgum.nybg.org/images3/548/123/01483772.jpg,Native,N,LE,,0,,,,,,
290da0ab-399a-4e80-aac5-97de24788d9c,NY,PreservedSpecimen,1483897,C. C. Curtis,s.n.,1903,10,20,North America,United States of America,New York,Richmond Co.,,40.5639,-74.1462,GEOLocate Web Application,12434,Plantae,Magnoliophyta,,Fagales,Fagaceae,Quercus,coccinea,,Quercus coccinea Münchh.,,,http://sweetgum.nybg.org/science/vh/specimen_details.php?irn=1723450,http://sweetgum.nybg.org/images3/548/248/01483897.jpg,Native,N,LE,,0,,,,,,
9665345d-49dd-4f19-8b11-f13cfb9dec8f,NY,PreservedSpecimen,2920911,D. E. Atha,15911,2016,12,14,North America,United States of America,New York,New York Co.,"Central Park. Tennis House, northeast of Gothic Arch, south of the transverse road, between 95th and 96th Streets and between 6th and 7th Avenues",40.7893,-73.9604,GPS,25,Plantae,Magnoliophyta,,Fagales,Fagaceae,Quercus,coccinea,,Quercus coccinea Münchh.,D. E. Atha,2017,http://sweetgum.nybg.org/science/vh/specimen_details.php?irn=3299716,,Native,N,LE,,0,,,,,,
b842a7f5-d674-45ba-b6fd-54bdeefc4f2d,NY,PreservedSpecimen,2844250,C. Zeitlin,10,2016,11,6,North America,United States of America,New York,Bronx Co.,"Grounds of the New York Botanical Garden. Watson Building NE corner, E corner of the intersection of Magnolia Way and the service drive adjacent to the Watson Building",40.8667,-73.8776,,,Plantae,Magnoliophyta,,Fagales,Fagaceae,Quercus,coccinea,,Quercus coccinea Münchh.,C. Zeitlin,2016,http://sweetgum.nybg.org/science/vh/specimen_details.php?irn=3188992,,Native,N,LE,,0,,,,,,
7650526a-971d-4a30-8a52-12e9426b0589,NY,PreservedSpecimen,1471082,C. L. Gilly,305,1940,5,22,North America,United States of America,New York,Bronx Co.,"New York Botanical Garden, Bronx Park",40.8623,-73.877,GEOLocate Web Application,751,Plantae,Magnoliophyta,,Fagales,Fagaceae,Quercus,ilicifolia,,Quercus ilicifolia Wangenh.,,,http://sweetgum.nybg.org/science/vh/specimen_details.php?irn=1715800,http://sweetgum.nybg.org/images3/565/761/01471082.jpg,Native,N,LE,,0,,,,,,
167d299b-f0ba-422d-9fef-335647d7fd4a,NY,PreservedSpecimen,2844320,R. Alvarez,201620,2016,11,30,North America,United States of America,New York,New York Co.,"Central Park, North Woods, by the Andrew Haswell Green bench, between 105th and 106th Streets, between 5th and 6th Avenues",40.7949,-73.9544,GPS,,Plantae,Magnoliophyta,,Fagales,Fagaceae,Quercus,ilicifolia,,Quercus ilicifolia Wangenh.,R. Alvarez,2016,http://sweetgum.nybg.org/science/vh/specimen_details.php?irn=3020190,,Native,N,LE,,0,,,,,,
84033228-8a67-4047-85bf-3cf2f79f7c07,NY,PreservedSpecimen,1470909,C. L. Gilly,304,1940,5,22,North America,United States of America,New York,Bronx Co.,"New York Botanical Garden, Bronx Park",40.8623,-73.877,GEOLocate Web Application,751,Plantae,Magnoliophyta,,Fagales,Fagaceae,Quercus,imbricaria,,Quercus imbricaria Michx.,,,http://sweetgum.nybg.org/science/vh/specimen_details.php?irn=1714755,http://sweetgum.nybg.org/images3/565/590/01470909.jpg,Native,N,LE,,0,,,,,,
39cab5e8-24b4-47c0-a547-d9166443e5f1,NY,PreservedSpecimen,1087276,D. E. Atha,6801,2008,9,22,North America,United States of America,New York,Bronx Co.,"The New York Botanical Garden, NW entrance of herbarium building",40.8674,-73.8787,,,Plantae,Magnoliophyta,,Fagales,Fagaceae,Quercus,imbricaria,,Quercus imbricaria Michx.,D. E. Atha,2008,http://sweetgum.nybg.org/science/vh/specimen_details.php?irn=1199529,,Native,N,LE,,0,,,,,,
43e70fd4-33a7-402d-81d5-252018bea229,NY,PreservedSpecimen,1470806,G. V. Nash,2575,1903,9,,North America,United States of America,New York,Bronx Co.,"New York Botanical Garden, Arb.",,,"Georeferencing Quick Reference Guide, Version 2012",,Plantae,Magnoliophyta,,Fagales,Fagaceae,Quercus,imbricaria,,Quercus imbricaria Michx.,,,http://sweetgum.nybg.org/science/vh/specimen_details.php?irn=1714588,,Native,N,LE,,0,,,,,,
5d234363-1205-4bac-b0de-54fa433cd9a9,NY,PreservedSpecimen,1362940,G. V. Nash,2571,,,,North America,United States of America,New York,Bronx Co.,"New York Botanical Garden, Arboretum",,,"Georeferencing Quick Reference Guide, Version 2012",,Plantae,Magnoliophyta,,Fagales,Fagaceae,Quercus,,,Quercus L.,,,http://sweetgum.nybg.org/science/vh/specimen_details.php?irn=1681127,,Native,N,LE,"unknown, iNaturalist points to macrocarpa/bicolor",0,,,,,,
05c05e70-b2ab-4948-acd0-198eabdccec0,NY,PreservedSpecimen,1844506,E. Roy,114,1988,9,19,North America,United States of America,New York,Bronx Co.,"Grounds of The New York Botanical Garden, Forest Grid Number 104",40.8631,-73.8765,,,Plantae,Magnoliophyta,,Fagales,Fagaceae,Quercus,macrocarpa,,Quercus macrocarpa Michx.,D. E. Atha,2014,http://sweetgum.nybg.org/science/vh/specimen_details.php?irn=1247369,http://sweetgum.nybg.org/images3/1523/048/01844506.jpg,Native,N,LE,,0,,,,,,
fabf8139-1d32-4495-9506-f87df2969da1,NY,PreservedSpecimen,1844507,E. Roy,114,1988,9,19,North America,United States of America,New York,Bronx Co.,"Grounds of The New York Botanical Garden, Forest Grid Number 104",40.8631,-73.8765,,,Plantae,Magnoliophyta,,Fagales,Fagaceae,Quercus,macrocarpa,,Quercus macrocarpa Michx.,D. E. Atha,2014,http://sweetgum.nybg.org/science/vh/specimen_details.php?irn=1247370,http://sweetgum.nybg.org/images3/1523/049/01844507.jpg,Native,N,LE,,0,,,,,,
f852fdf9-47c8-4598-be7d-bd4fbe6fb066,NY,PreservedSpecimen,2688686,D. E. Atha,15686,2016,7,27,North America,United States of America,New York,New York Co.,"Central Park. Lake, at edge of lake just south of the ""Oven"". Between 74th and 75th Streets and between 6th and 7th Avenues",40.7759,-73.9703,GPS,,Plantae,Magnoliophyta,,Fagales,Fagaceae,Quercus,macrocarpa,,Quercus macrocarpa Michx.,D. E. Atha,2016,http://sweetgum.nybg.org/science/vh/specimen_details.php?irn=2979254,http://sweetgum.nybg.org/images3/2175/876/02688686.jpg,Native,N,LE,,0,,,,,,
191c2a95-e4a8-4966-bd76-a9d64dc31d38,NY,PreservedSpecimen,1470159,M. H. Nee,55891,2008,7,28,North America,United States of America,New York,Bronx Co.,"woods along Bronx River just upstream from New York Botanical Garden, formerly part of the New York Botanical Garden grounds. At west end of footbridge over the Bronx River",40.8719,-73.8731,,,Plantae,Magnoliophyta,,Fagales,Fagaceae,Quercus,macrocarpa,,Quercus macrocarpa Michx.,,,http://sweetgum.nybg.org/science/vh/specimen_details.php?irn=1711040,http://sweetgum.nybg.org/images3/564/849/01470159.jpg,Native,N,LE,,0,,,,,,
e3ec6d51-07a4-403a-8d03-9a5edc594dd5,NY,PreservedSpecimen,1400393,D. E. Atha,7663,2009,6,30,North America,United States of America,New York,Bronx Co.,"Grounds of The New York Botanical Garden, W of the Bronx River and N of Waring Ave",40.8655,-73.8804,,,Plantae,Magnoliophyta,,Fagales,Fagaceae,Quercus,macrocarpa,,Quercus macrocarpa Michx.,D. E. Atha,2009,http://sweetgum.nybg.org/science/vh/specimen_details.php?irn=1255051,,Native,N,LE,,0,,,,,,
c00f5ac1-9b0b-4f94-bef6-199c7d7e4f11,NY,PreservedSpecimen,1469806,C. C. Curtis,s.n.,1904,8,10,North America,United States of America,New York,Richmond Co.,Richmond Valley,40.5201,-74.2293,GEOLocate Web Application,3036,Plantae,Magnoliophyta,,Fagales,Fagaceae,Quercus,marilandica,,Quercus marilandica Münchh.,,,http://sweetgum.nybg.org/science/vh/specimen_details.php?irn=1710288,http://sweetgum.nybg.org/images3/564/558/01469806.jpg,Native,N,LE,,0,,,,,,
72a3e17b-22ba-4c38-8eae-ec59fb0065da,NY,PreservedSpecimen,1469807,C. C. Curtis,s.n.,1904,5,21,North America,United States of America,New York,Richmond Co.,Richmond Valley,40.5201,-74.2293,GEOLocate Web Application,3036,Plantae,Magnoliophyta,,Fagales,Fagaceae,Quercus,marilandica,,Quercus marilandica Münchh.,,,http://sweetgum.nybg.org/science/vh/specimen_details.php?irn=1710289,http://sweetgum.nybg.org/images3/564/559/01469807.jpg,Native,N,LE,,0,,,,,,
a61a939e-d935-49fe-9946-b42ea4b3c670,NY,PreservedSpecimen,1469889,N. L. Britton,s.n.,1884,5,11,North America,United States of America,New York,Richmond Co.,,40.5085,-74.2395,"Georeferencing Quick Reference Guide, Version 2012",1603.42,Plantae,Magnoliophyta,,Fagales,Fagaceae,Quercus,marilandica,,Quercus marilandica Münchh.,,,http://sweetgum.nybg.org/science/vh/specimen_details.php?irn=1710385,http://sweetgum.nybg.org/images3/564/597/01469889.jpg,Native,N,LE,,0,,,,,,
f9a522a0-0ce5-4d70-8380-1365f0b8f29a,NY,PreservedSpecimen,1469890,J. A. Bisky,s.n.,,,,North America,United States of America,New York,Queens Co.,Pine Island,,,,,Plantae,Magnoliophyta,,Fagales,Fagaceae,Quercus,marilandica,,Quercus marilandica Münchh.,,,http://sweetgum.nybg.org/science/vh/specimen_details.php?irn=1710386,http://sweetgum.nybg.org/images3/564/598/01469890.jpg,Native,N,LE,,0,,,,,,
0ad0d6b9-2938-47bd-9b4f-13d1bffa511d,NY,PreservedSpecimen,1469892,H. N. Moldenke,7369,1932,10,12,North America,United States of America,New York,Bronx Co.,in cultivation at the New York Botanical Garden,,,"Georeferencing Quick Reference Guide, Version 2012",,Plantae,Magnoliophyta,,Fagales,Fagaceae,Quercus,marilandica,,Quercus marilandica Münchh.,,,http://sweetgum.nybg.org/science/vh/specimen_details.php?irn=1710388,http://sweetgum.nybg.org/images3/564/600/01469892.jpg,Native,N,LE,,0,,,,,,
ef0333b6-ab9c-468a-922f-96e5d7e8740a,NY,PreservedSpecimen,1469902,C. C. Curtis,s.n.,1905,10,22,North America,United States of America,New York,Richmond Co.,south of Arlington,,,,,Plantae,Magnoliophyta,,Fagales,Fagaceae,Quercus,marilandica,,Quercus marilandica Münchh.,,,http://sweetgum.nybg.org/science/vh/specimen_details.php?irn=1710399,http://sweetgum.nybg.org/images3/564/605/01469902.jpg,Native,N,LE,,0,,,,,,
deae749e-94e3-4f9e-9d9f-d0f1b2f1aeac,NY,PreservedSpecimen,1469903,C. C. Curtis,s.n.,1903,9,18,North America,United States of America,New York,Richmond Co.,,40.5639,-74.1462,GEOLocate Web Application,12434,Plantae,Magnoliophyta,,Fagales,Fagaceae,Quercus,marilandica,,Quercus marilandica Münchh.,,,http://sweetgum.nybg.org/science/vh/specimen_details.php?irn=1710400,http://sweetgum.nybg.org/images3/564/606/01469903.jpg,Native,N,LE,,0,,,,,,
dd0d75d0-5074-4f1d-8d96-ba27c9480fde,NY,PreservedSpecimen,2549822,D. E. Atha,15222,2015,8,30,North America,United States of America,New York,Richmond Co.,"Staten Island. Fresh Kills Park. SSE of Victory Boulevard and E of Route 440, bordered on the south and east by tidal marsh",40.5876,-74.182,,,Plantae,Magnoliophyta,,Fagales,Fagaceae,Quercus,marilandica,,Quercus marilandica Münchh.,D. E. Atha,2015,http://sweetgum.nybg.org/science/vh/specimen_details.php?irn=2935556,,Native,N,LE,,0,,,,,,
b343b76e-3f64-4dcd-b19c-bbefbda495a7,NY,PreservedSpecimen,2920890,D. E. Atha,15890,2016,10,29,North America,United States of America,New York,Kings Co.,"Brooklyn. Marine Park, southeast of the Salt Marsh Nature Center and Avenue U. Edge of unpaved road forming a border with grassland planted with Panicum virgatum",40.6041,-73.9277,GPS,25,Plantae,Magnoliophyta,,Fagales,Fagaceae,Quercus,marilandica,,Quercus marilandica Münchh.,D. E. Atha,2017,http://sweetgum.nybg.org/science/vh/specimen_details.php?irn=3299402,,Native,N,LE,,0,,,,,,
886f57fc-b9a3-4fe3-8378-1cd0e5bced4c,NY,PreservedSpecimen,2844319,R. Alvarez,201619,2016,11,30,North America,United States of America,New York,New York Co.,"Central Park, North Woods, by the Andrew Haswell Green bench, between 105th and 106th Streets, between 5th and 6th Avenues",40.7949,-73.9544,GPS,,Plantae,Magnoliophyta,,Fagales,Fagaceae,Quercus,,,Quercus marilandica Münchh. x Q. nigra L.,D. E. Atha; R. Alvarez,2017,http://sweetgum.nybg.org/science/vh/specimen_details.php?irn=3020189,,Native,N,LE,,0,,,,,,
2e3ac6f3-2775-4846-aafd-71400d0a5a32,NY,PreservedSpecimen,1469541,W. H. Leggett,s.n.,1870,8,6,North America,United States of America,New York,Richmond Co.,Huguenotte (Arbutus Lake),40.5232,-74.1781,GEOLocate Web Application,255,Plantae,Magnoliophyta,,Fagales,Fagaceae,Quercus,michauxii,,Quercus michauxii Nutt.,,,http://sweetgum.nybg.org/science/vh/specimen_details.php?irn=1709861,http://sweetgum.nybg.org/images3/570/160/01469541.jpg,Native,N,LE,,0,,,,,,
12951266-f9b1-4ef6-9db6-6383758072c2,NY,PreservedSpecimen,1469542,E. P. Bicknell,3578,1891,9,20,North America,United States of America,New York,New York Co.,West shore of Harlem [Riv.],,,,,Plantae,Magnoliophyta,,Fagales,Fagaceae,Quercus,michauxii,,Quercus michauxii Nutt.,,,http://sweetgum.nybg.org/science/vh/specimen_details.php?irn=1709862,http://sweetgum.nybg.org/images3/570/161/01469542.jpg,Native,N,LE,,0,,,,,,
60efdbe7-6c0d-4bc9-a084-808336a06f92,NY,PreservedSpecimen,1469552,C. C. Curtis,s.n.,1905,5,14,North America,United States of America,New York,Richmond Co.,Richmond Valley,40.5201,-74.2293,GEOLocate Web Application,3036,Plantae,Magnoliophyta,,Fagales,Fagaceae,Quercus,michauxii,,Quercus michauxii Nutt.,,,http://sweetgum.nybg.org/science/vh/specimen_details.php?irn=1709872,http://sweetgum.nybg.org/images3/570/171/01469552.jpg,Native,N,LE,,0,,,,,,
102f66de-d75d-49a3-b490-159d480aa94a,NY,PreservedSpecimen,1469375,R. C. Benedict,21,,,,North America,United States of America,New York,Bronx Co.,,40.85,-73.8662,GEOLocate Web Application,3036,Plantae,Magnoliophyta,,Fagales,Fagaceae,Quercus,michauxii,,Quercus michauxii Nutt.,,,http://sweetgum.nybg.org/science/vh/specimen_details.php?irn=1709683,http://sweetgum.nybg.org/images3/576/098/01469375.jpg,Native,N,LE,,0,,,,,,
d367cc78-8af0-4dd0-9937-0e995c22301e,NY,PreservedSpecimen,1469595,B. Meurer-Grimes,218,1993,5,6,North America,United States of America,New York,Bronx Co.,"New York Botanical Garden, oak collection in area along Bronx River Parkway",,,,,Plantae,Magnoliophyta,,Fagales,Fagaceae,Quercus,michauxii,,Quercus michauxii Nutt.,,,http://sweetgum.nybg.org/science/vh/specimen_details.php?irn=1710035,http://sweetgum.nybg.org/images3/576/181/01469595.jpg,Native,N,LE,,0,,,,,,
20486343-b240-439b-9784-059f82b8cca2,NY,PreservedSpecimen,1466900,M. M. Graff,s.n.,1976,6,8,North America,United States of America,New York,Kings Co.,"Prospect Park, just west of East Drive and a block or two east of the boat house",,,,,Plantae,Magnoliophyta,,Fagales,Fagaceae,Quercus,montana,,Quercus montana Willd.,,,http://sweetgum.nybg.org/science/vh/specimen_details.php?irn=1708930,http://sweetgum.nybg.org/images3/575/723/01466900.jpg,Native,N,LE,,0,,,,,,
c7c4326e-b877-4edd-b118-a43f36e04b6f,NY,PreservedSpecimen,1466902,J. Hartling,29669,,,,North America,United States of America,New York,Bronx Co.,"New York Botanical Garden, Arboretum",,,"Georeferencing Quick Reference Guide, Version 2012",,Plantae,Magnoliophyta,,Fagales,Fagaceae,Quercus,montana,,Quercus montana Willd.,,,http://sweetgum.nybg.org/science/vh/specimen_details.php?irn=1708932,http://sweetgum.nybg.org/images3/575/725/01466902.jpg,Native,N,LE,,0,,,,,,
c8a97cf3-3ff5-43f0-9634-75ce1e7a43ab,NY,PreservedSpecimen,1158838,D. E. Atha,8538,2010,4,17,North America,United States of America,New York,Bronx Co.,"New York City. Grounds of The New York Botanical Garden, N of Waring Ave and W of the Bronx River",40.865,-73.8798,GPS,,Plantae,Magnoliophyta,,Fagales,Fagaceae,Quercus,montana,,Quercus montana Willd.,NYBG Hort. Staff,,http://sweetgum.nybg.org/science/vh/specimen_details.php?irn=1410862,,Native,N,LE,,0,,,,,,
23d10f6b-dd0f-479e-8b16-95e896fb3654,NY,PreservedSpecimen,2844356,Z. Wang,31,2016,8,19,North America,United States of America,New York,Bronx Co.,New York Botanical Garden. South Arboretum,40.8577,-73.8777,GPS,5,Plantae,Magnoliophyta,,Fagales,Fagaceae,Quercus,montana,,Quercus montana Willd.,Z. Wang,2016,http://sweetgum.nybg.org/science/vh/specimen_details.php?irn=3322548,,Native,N,LE,,0,,,,,,
a1ef5ada-7f3b-4d15-a0b1-735d983f869d,NY,PreservedSpecimen,2235985,D. E. Atha,13985,2013,8,26,North America,United States of America,New York,New York Co.,"Central Park, North Meadow, between the North Meadow Recreation Center and the 97th St. Transverse, between 97th and 98th Sts and Adam Clayton Powell Blvd",40.791,-73.9609,GPS,25,Plantae,Magnoliophyta,,Fagales,Fagaceae,Quercus,nigra,,Quercus nigra L.,D. E. Atha,2013,http://sweetgum.nybg.org/science/vh/specimen_details.php?irn=2356191,,Native,N,LE,"Technically seems native a little more south, but could be end of native range",0,,,,,,
f0399c50-95bc-4eb4-ab5f-7d904251c459,NY,PreservedSpecimen,1466379,G. V. Nash,547,1896,9,30,North America,United States of America,New York,Bronx Co.,Bronx Park,40.861,-73.8768,,,Plantae,Magnoliophyta,,Fagales,Fagaceae,Quercus,palustris,,Quercus palustris Münchh.,,,http://sweetgum.nybg.org/science/vh/specimen_details.php?irn=1707670,http://sweetgum.nybg.org/images3/4271/528/01466379.jpg,Native,N,LE,,0,,,,,,
161be679-1950-4b0c-833c-daad63ad1839,NY,PreservedSpecimen,1466380,G. V. Nash,57[and 84],1896,5,5,North America,United States of America,New York,Bronx Co.,Bronx Park,40.861,-73.8768,,,Plantae,Magnoliophyta,,Fagales,Fagaceae,Quercus,palustris,,Quercus palustris Münchh.,,,http://sweetgum.nybg.org/science/vh/specimen_details.php?irn=1707671,http://sweetgum.nybg.org/images3/4271/531/01466380.jpg,Native,N,LE,potential scale bug,0,,,,,,
065189ca-9813-46cb-84c8-4b815a3e3d56,NY,PreservedSpecimen,1466396,N. L. Britton,s.n.,1923,10,10,North America,United States of America,New York,Bronx Co.,The New York Botanical Garden. Twin L[akes] west of Lilac Garden,40.8568,-73.8754,GEOLocate Web Application,2289,Plantae,Magnoliophyta,,Fagales,Fagaceae,Quercus,palustris,,Quercus palustris Münchh.,D. E. Atha,2014,http://sweetgum.nybg.org/science/vh/specimen_details.php?irn=1707687,http://sweetgum.nybg.org/images3/4271/533/01466396.jpg,Native,N,LE,,0,,,,,,
bc09e45f-abdc-4b48-8ec4-890e55d4e82f,NY,PreservedSpecimen,1087651,D. E. Atha,6791,2008,9,22,North America,United States of America,New York,Bronx Co.,"The New York Botanical Garden, floodplain of the Bronx River at Magnolia Way bridge over the Bronx River",40.8661,-73.8748,,,Plantae,Magnoliophyta,,Fagales,Fagaceae,Quercus,palustris,,Quercus palustris Münchh.,D. E. Atha,2008,http://sweetgum.nybg.org/science/vh/specimen_details.php?irn=1198740,http://sweetgum.nybg.org/images3/4271/540/01087651.jpg,Native,N,LE,,0,,,,,,
ad1d56fe-fa05-4e8c-9c05-b08c939f1c4d,NY,PreservedSpecimen,1116185,D. E. Atha,8085,2009,8,26,North America,United States of America,New York,Bronx Co.,New York City. Grounds of The New York Botanical Garden. S of Waring Ave and E of the Bronx River.,40.8574,-73.8734,,,Plantae,Magnoliophyta,,Fagales,Fagaceae,Quercus,palustris,,Quercus palustris Münchh.,D. E. Atha,2009,http://sweetgum.nybg.org/science/vh/specimen_details.php?irn=1278599,http://sweetgum.nybg.org/images3/4271/542/01116185.jpg,Native,N,LE,,0,,,,,,
e57136fd-6256-404c-a00d-d60f389211b0,NY,PreservedSpecimen,1206800,D. E. Atha,8600,2010,7,26,North America,United States of America,New York,Bronx Co.,"City of New York. Grounds of The New York Botanical Garden, N of Waring Avenue and E of the Bronx River",40.8644,-73.8725,GPS,,Plantae,Magnoliophyta,,Fagales,Fagaceae,Quercus,palustris,,Quercus palustris Münchh.,D. E. Atha,2010,http://sweetgum.nybg.org/science/vh/specimen_details.php?irn=1460963,http://sweetgum.nybg.org/images3/4271/551/01206800.jpg,Native,N,LE,potential scale bug,0,,,,,,
8e7d7649-17d5-45a4-96a0-a8e72584b396,NY,PreservedSpecimen,1484711,M. H. Nee,58122,2011,8,28,North America,United States of America,New York,Bronx Co.,"on upstream side of Southern Blvd. bridge, across Southern Blvd. from the New York Botanical Garden",40.8669,-73.8744,,,Plantae,Magnoliophyta,,Fagales,Fagaceae,Quercus,palustris,,Quercus palustris Münchh.,,,http://sweetgum.nybg.org/science/vh/specimen_details.php?irn=1744305,http://sweetgum.nybg.org/images3/607/538/01484711.jpg,Native,N,LE,,0,,,,,,
4b1e03ed-ea8e-4862-8ab3-5ca5a8adb551,NY,PreservedSpecimen,1466346,E. S. Burgess,s.n.,1880,10,24,North America,United States of America,New York,New York Co.,155 St & 8th Ave,,,,,Plantae,Magnoliophyta,,Fagales,Fagaceae,Quercus,palustris,,Quercus palustris Münchh.,,,http://sweetgum.nybg.org/science/vh/specimen_details.php?irn=1707637,http://sweetgum.nybg.org/images3/610/612/01466346.jpg,Native,N,LE,,0,,,,,,
4a424258-f00f-4327-855f-2bb5f7ce5bc8,NY,PreservedSpecimen,1466371,A. M. Vail,s.n.,1891,5,10,North America,United States of America,New York,Bronx Co.,along the railroad at Williams Bridge (Bronx Park),40.85,-73.8662,GEOLocate Web Application,3036,Plantae,Magnoliophyta,,Fagales,Fagaceae,Quercus,palustris,,Quercus palustris Münchh.,,,http://sweetgum.nybg.org/science/vh/specimen_details.php?irn=1707662,http://sweetgum.nybg.org/images3/610/637/01466371.jpg,Native,N,LE,,0,,,,,,
f9f5abff-c3f1-43ab-a4c7-55e61b94e857,NY,PreservedSpecimen,1466374,S. L. Clarke,,1891,6,,North America,United States of America,New York,Bronx Co.,Van Cortlandt Park,40.8984,-73.8867,GEOLocate Web Application,1684,Plantae,Magnoliophyta,,Fagales,Fagaceae,Quercus,palustris,,Quercus palustris Münchh.,,,http://sweetgum.nybg.org/science/vh/specimen_details.php?irn=1707665,http://sweetgum.nybg.org/images3/610/640/01466374.jpg,Native,N,LE,,0,,,,,,
3a9f1b6a-ae7e-4f21-81c1-f9d22df84903,NY,PreservedSpecimen,1466392,J. F. Poggenburg,s.n.,,,,North America,United States of America,New York,Richmond Co.,,40.574,-74.116,GEOLocate Web Application,3036,Plantae,Magnoliophyta,,Fagales,Fagaceae,Quercus,palustris,,Quercus palustris Münchh.,,,http://sweetgum.nybg.org/science/vh/specimen_details.php?irn=1707683,http://sweetgum.nybg.org/images3/610/658/01466392.jpg,Native,N,LE,,0,,,,,,
c7599d67-e47c-44ad-9bbe-0d0b8f3eac6e,NY,PreservedSpecimen,1466395,Collector unknown,s.n.,,,,North America,United States of America,New York,Queens Co.,N.Y. Parental School,40.7354,-73.8171,"Georeferencing Quick Reference Guide, Version 2012",202.569,Plantae,Magnoliophyta,,Fagales,Fagaceae,Quercus,palustris,,Quercus palustris Münchh.,,,http://sweetgum.nybg.org/science/vh/specimen_details.php?irn=1707686,http://sweetgum.nybg.org/images3/610/661/01466395.jpg,Native,N,LE,"gall or leaf damage, top left",0,,,,,,
46807034-375c-4f39-b0bd-9db62ad0fb93,NY,PreservedSpecimen,1138886,M. H. Nee,54309,2006,5,3,North America,United States of America,New York,Bronx Co.,The New York Botanical Garden,40.8678,-73.8758,,,Plantae,Magnoliophyta,,Fagales,Fagaceae,Quercus,palustris,,Quercus palustris Münchh.,,,http://sweetgum.nybg.org/science/vh/specimen_details.php?irn=1767299,http://sweetgum.nybg.org/images3/616/565/01138886.jpg,Native,N,LE,,0,,,,,,
ea370fc8-c65c-4a89-82d6-0c67127ffbcb,NY,PreservedSpecimen,2236134,D. E. Atha,14134,2013,10,3,North America,United States of America,New York,New York Co.,"Central Park, Hallett Nature Sanctuary, between 61st and 62nd Sts and between 5th and 6th Avenues",40.7659,-73.9744,,,Plantae,Magnoliophyta,,Fagales,Fagaceae,Quercus,palustris,,Quercus palustris Münchh.,D. E. Atha,2013,http://sweetgum.nybg.org/science/vh/specimen_details.php?irn=2391933,https://sweetgum.nybg.org/images3/1307/333/02236134.jpg,Native,N,LE,,0,,,,,,
69b1756a-4d32-4c1d-81c1-c9c791f25d9d,NY,PreservedSpecimen,1087719,D. E. Atha,6808,2008,9,24,North America,United States of America,New York,Bronx Co.,"The New York Botanical Garden, ca 570 m (by air) W of the Bronx River and ca 35 m (by air) S of Kazimiroff Blvd",40.8659,-73.8818,,,Plantae,Magnoliophyta,,Fagales,Fagaceae,Quercus,palustris,,Quercus palustris Münchh.,D. E. Atha,2008,http://sweetgum.nybg.org/science/vh/specimen_details.php?irn=1199563,https://sweetgum.nybg.org/images3/613/188/01087719.jpg,Native,N,LE,,0,,,,,,
e829f7f7-2e1b-4129-9aac-0f45eb58dccc,NY,PreservedSpecimen,2332515,B. Meurer-Grimes,42,1993,7,20,North America,United States of America,New York,Bronx Co.,"The New York Botanical Garden, near Conservatory Way",40.8568,-73.8754,GEOLocate Web Application,2289,Plantae,Magnoliophyta,,Fagales,Fagaceae,Quercus,palustris,,Quercus palustris Münchh.,D. E. Atha,2014,http://sweetgum.nybg.org/science/vh/specimen_details.php?irn=2520791,https://sweetgum.nybg.org/images3/1505/228/02332515.jpg,Native,N,LE,,0,,,,,,
0f4572fc-0090-4cd7-828b-96fead0e4df1,NY,PreservedSpecimen,2332517,H. N. Moldenke,4559,1929,6,13,North America,United States of America,New York,Bronx Co.,"New York Botanical Garden, Bronx Park, New York City",40.8568,-73.8754,GEOLocate Web Application,2289,Plantae,Magnoliophyta,,Fagales,Fagaceae,Quercus,palustris,,Quercus palustris Münchh.,D. E. Atha,2014,http://sweetgum.nybg.org/science/vh/specimen_details.php?irn=2520802,https://sweetgum.nybg.org/images3/1505/230/02332517.jpg,Native,N,LE,,0,,,,,,
8ec618b3-f0e9-40a9-b2dc-8080b9331dd1,NY,PreservedSpecimen,2332514,G. V. Nash,1558,1903,9,,North America,United States of America,New York,Bronx Co.,The New York Botanical Garden. Arboretum,,,,,Plantae,Magnoliophyta,,Fagales,Fagaceae,Quercus,palustris,,Quercus palustris Münchh.,D. Bohn,2008,http://sweetgum.nybg.org/science/vh/specimen_details.php?irn=2520782,https://sweetgum.nybg.org/images3/1505/227/02332514.jpg,Native,N,LE,,0,,,,,,
21383c9a-af0f-472c-9880-abbff3dcaf9d,NY,PreservedSpecimen,1466469,C. C. Curtis,s.n.,1904,5,14,North America,United States of America,New York,Richmond Co.,Richmond Valley,40.5201,-74.2293,GEOLocate Web Application,3036,Plantae,Magnoliophyta,,Fagales,Fagaceae,Quercus,phellos,,Quercus phellos L.,,,http://sweetgum.nybg.org/science/vh/specimen_details.php?irn=1707760,http://sweetgum.nybg.org/images3/610/735/01466469.jpg,Native,N,LE,,0,,,,,,
f9899307-d8ed-4b49-86b3-e8fd91766de1,NY,PreservedSpecimen,1466470,C. A. Hollick,s.n.,1922,10,28,North America,United States of America,New York,Richmond Co.,Richmond Valley,40.5201,-74.2293,GEOLocate Web Application,3036,Plantae,Magnoliophyta,,Fagales,Fagaceae,Quercus,phellos,,Quercus phellos L.,,,http://sweetgum.nybg.org/science/vh/specimen_details.php?irn=1707761,http://sweetgum.nybg.org/images3/610/736/01466470.jpg,Native,N,LE,,0,,,,,,
e17ae29d-1c96-44c5-8659-79b5e558ea52,NY,PreservedSpecimen,1466471,C. A. Hollick,s.n.,1922,10,28,North America,United States of America,New York,Richmond Co.,Richmond Valley,40.5201,-74.2293,GEOLocate Web Application,3036,Plantae,Magnoliophyta,,Fagales,Fagaceae,Quercus,phellos,,Quercus phellos L.,,,http://sweetgum.nybg.org/science/vh/specimen_details.php?irn=1707762,http://sweetgum.nybg.org/images3/610/737/01466471.jpg,Native,N,LE,,0,,,,,,
05243988-c15b-4447-9110-0857515cfc69,NY,PreservedSpecimen,1466479,C. A. Hollick,s.n.,,,,North America,United States of America,New York,Richmond Co.,,40.5085,-74.2395,"Georeferencing Quick Reference Guide, Version 2012",1603.42,Plantae,Magnoliophyta,,Fagales,Fagaceae,Quercus,phellos,,Quercus phellos L.,,,http://sweetgum.nybg.org/science/vh/specimen_details.php?irn=1707770,http://sweetgum.nybg.org/images3/610/745/01466479.jpg,Native,N,LE,,0,,,,,,
d677d232-31c1-47c5-b408-52f60403aa03,NY,PreservedSpecimen,1466480,C. A. Hollick,s.n.,1888,9,22,North America,United States of America,New York,Richmond Co.,Tottenville,40.5085,-74.2395,"Georeferencing Quick Reference Guide, Version 2012",1603.42,Plantae,Magnoliophyta,,Fagales,Fagaceae,Quercus,phellos,,Quercus phellos L.,,,http://sweetgum.nybg.org/science/vh/specimen_details.php?irn=1707771,http://sweetgum.nybg.org/images3/610/746/01466480.jpg,Native,N,LE,,0,,,,,,
fd765a71-2bbf-417e-aca5-b9c67f1e6b2d,NY,PreservedSpecimen,2235998,D. E. Atha,13998,2013,8,27,North America,United States of America,New York,New York Co.,"Central Park, Heckscher. W of the Heckscher Fields and S of the 65St Transverse, between 64th and 65th Sts and between Central Park West and Adam Clayton Powell Jr. Blvd.",40.7713,-73.9787,GPS,25,Plantae,Magnoliophyta,,Fagales,Fagaceae,Quercus,phellos,,Quercus phellos L.,D. E. Atha,2013,http://sweetgum.nybg.org/science/vh/specimen_details.php?irn=2357979,,Native,N,LE,,0,,,,,,
dde155ed-eb54-4ca8-a350-4f4d9a53e223,NY,PreservedSpecimen,2236137,D. E. Atha,14137,2013,10,3,North America,United States of America,New York,New York Co.,"Central Park, Hallett Nature Sanctuary, between 61st and 62nd Sts and between 5th and 6th Avenues",40.7661,-73.9748,,,Plantae,Magnoliophyta,,Fagales,Fagaceae,Quercus,phellos,,Quercus phellos L.,D. E. Atha,2013,http://sweetgum.nybg.org/science/vh/specimen_details.php?irn=2391940,,Native,N,LE,,0,,,,,,
3598ccad-fe54-49de-921e-4009cbef7463,NY,PreservedSpecimen,2549553,D. E. Atha,15053,2015,5,6,North America,United States of America,New York,New York Co.,"Central Park. Lake, at the Loeb Boathouse. Between 75th and 76th Streets and between 5th and 6th Avenues",40.7755,-73.9684,GPS,,Plantae,Magnoliophyta,,Fagales,Fagaceae,Quercus,phellos,,Quercus phellos L.,D. E. Atha,2016,http://sweetgum.nybg.org/science/vh/specimen_details.php?irn=2913431,,Native,N,LE,,0,,,,,,
77f3eacb-5125-4e34-b24f-10f738b61a3f,NY,PreservedSpecimen,1844501,E. Roy,61,1987,4,22,North America,United States of America,New York,Bronx Co.,"Grounds of The New York Botanical Garden, Forest Grid Number 136",40.8631,-73.8741,,,Plantae,Magnoliophyta,,Fagales,Fagaceae,Quercus,rubra,,Quercus rubra L.,D. E. Atha,2014,http://sweetgum.nybg.org/science/vh/specimen_details.php?irn=1247374,http://sweetgum.nybg.org/images3/1504/777/01844501.jpg,Native,N,LE,,0,,,,,,
8caa2f50-1f7a-485b-8308-8969d7aad2e0,NY,PreservedSpecimen,1844502,E. Roy,61,1987,4,22,North America,United States of America,New York,Bronx Co.,"Grounds of The New York Botanical Garden, Forest Grid Number 136",40.8631,-73.8741,,,Plantae,Magnoliophyta,,Fagales,Fagaceae,Quercus,rubra,,Quercus rubra L.,D. E. Atha,2014,http://sweetgum.nybg.org/science/vh/specimen_details.php?irn=1247373,http://sweetgum.nybg.org/images3/1504/778/01844502.jpg,Native,N,LE,,0,,,,,,
038a9d2a-4bda-4696-a6b6-282b25bbc484,NY,PreservedSpecimen,2332519,H. N. Moldenke,s.n.,1939,6,16,North America,United States of America,New York,Bronx Co.,Bronx Park. The New York Botanical Garden. In native woods,40.8568,-73.8754,GEOLocate Web Application,2289,Plantae,Magnoliophyta,,Fagales,Fagaceae,Quercus,rubra,,Quercus rubra L.,D. E. Atha,2014,http://sweetgum.nybg.org/science/vh/specimen_details.php?irn=2521402,http://sweetgum.nybg.org/images3/1505/232/02332519.jpg,Native,N,LE,,0,,,,,,
55233ec2-41f8-44c0-985e-6f54ce10c6f2,NY,PreservedSpecimen,1465552,R. C. Benedict,s.n.,1907,10,,North America,United States of America,New York,Bronx Co.,"New York Botanical Garden, east of river",40.8568,-73.8754,GEOLocate Web Application,2289,Plantae,Magnoliophyta,,Fagales,Fagaceae,Quercus,rubra,,Quercus rubra L.,D. E. Atha,2014,http://sweetgum.nybg.org/science/vh/specimen_details.php?irn=1705829,http://sweetgum.nybg.org/images3/4268/688/01465552.jpg,Native,N,LE,,0,,,,,,
d9fe2ae3-74f8-4841-a2b2-94b7ed8ed788,NY,PreservedSpecimen,1465563,B. Meurer-Grimes,32,1993,7,20,North America,United States of America,New York,Bronx Co.,"The New York Botanical Garden, tram stop area near Harding Laboratory",40.8568,-73.8754,GEOLocate Web Application,2289,Plantae,Magnoliophyta,,Fagales,Fagaceae,Quercus,rubra,,Quercus rubra L.,,,http://sweetgum.nybg.org/science/vh/specimen_details.php?irn=1705840,http://sweetgum.nybg.org/images3/4268/692/01465563.jpg,Native,N,LE,,0,,,,,,
a47144fb-bece-4bb5-9344-14f7c6b74148,NY,PreservedSpecimen,1465565,M. H. Nee,36726,1988,7,18,North America,United States of America,New York,Bronx Co.,"On the grounds of the New York Botanical Garden, Bronx",40.8568,-73.8754,GEOLocate Web Application,2289,Plantae,Magnoliophyta,,Fagales,Fagaceae,Quercus,rubra,,Quercus rubra L.,D. E. Atha,2014,http://sweetgum.nybg.org/science/vh/specimen_details.php?irn=1705842,http://sweetgum.nybg.org/images3/4268/693/01465565.jpg,Native,N,LE,,0,,,,,,
25cd9640-fffc-41ef-b23d-5c3da6b47b68,NY,PreservedSpecimen,1465278,M. H. Nee,43860,1993,9,4,North America,United States of America,New York,Bronx Co.,"New York Botanical Garden, woods near Children's Garden",40.85,-73.88,,,Plantae,Magnoliophyta,,Fagales,Fagaceae,Quercus,rubra,,Quercus rubra L.,D. E. Atha,2014,http://sweetgum.nybg.org/science/vh/specimen_details.php?irn=1705539,http://sweetgum.nybg.org/images3/4271/526/01465278.jpg,Native,N,LE,,0,,,,,,
45d71582-eed1-4751-b48b-ab29b5906f53,NY,PreservedSpecimen,1465292,M. H. Nee,54304,2006,4,27,North America,United States of America,New York,Bronx Co.,"in park along Marion Ave., between Mosholu Parkway and ""Mosholu West""",40.8706,-73.8817,,,Plantae,Magnoliophyta,,Fagales,Fagaceae,Quercus,rubra,,Quercus rubra L.,,,http://sweetgum.nybg.org/science/vh/specimen_details.php?irn=1705553,http://sweetgum.nybg.org/images3/609/725/01465292.jpg,Native,N,LE,,0,,,,,,
b6014340-a9f0-40b0-95d2-c130db29b7b7,NY,PreservedSpecimen,1465343,M. H. Nee,54707,2006,11,6,North America,United States of America,New York,Bronx Co.,"in park along Marion Ave., between Mosholu Parkway and ""Mosholu West""",40.8706,-73.8817,,,Plantae,Magnoliophyta,,Fagales,Fagaceae,Quercus,rubra,,Quercus rubra L.,,,http://sweetgum.nybg.org/science/vh/specimen_details.php?irn=1705611,http://sweetgum.nybg.org/images3/609/776/01465343.jpg,Native,N,LE,,0,,,,,,
805036c2-ed9a-450e-bc75-6bcd86b4da59,NY,PreservedSpecimen,1465374,S. L. Clarke,s.n.,1891,6,,North America,United States of America,New York,Bronx Co.,Van Cortlandt Park,40.8984,-73.8867,GEOLocate Web Application,1684,Plantae,Magnoliophyta,,Fagales,Fagaceae,Quercus,rubra,,Quercus rubra L.,,,http://sweetgum.nybg.org/science/vh/specimen_details.php?irn=1705642,http://sweetgum.nybg.org/images3/609/807/01465374.jpg,Native,N,LE,,0,,,,,,
9e029d78-b2e5-4b94-90e7-8631ee489ddd,NY,PreservedSpecimen,1465375,S. L. Clarke,,1891,6,,North America,United States of America,New York,Bronx Co.,Van Cortlandt Park,40.8984,-73.8867,GEOLocate Web Application,1684,Plantae,Magnoliophyta,,Fagales,Fagaceae,Quercus,rubra,,Quercus rubra L.,,,http://sweetgum.nybg.org/science/vh/specimen_details.php?irn=1705643,http://sweetgum.nybg.org/images3/609/808/01465375.jpg,Native,N,LE,,0,,,,,,
3a992767-61c7-45cb-b939-6802330615f8,NY,PreservedSpecimen,1465378,W. C. Ferguson,s.n.,1922,9,14,North America,United States of America,New York,Queens Co.,Long Island,40.7494,-73.9023,"Georeferencing Quick Reference Guide, Version 2012",1251.57,Plantae,Magnoliophyta,,Fagales,Fagaceae,Quercus,rubra,,Quercus rubra L.,,,http://sweetgum.nybg.org/science/vh/specimen_details.php?irn=1705646,http://sweetgum.nybg.org/images3/609/811/01465378.jpg,Native,N,LE,,0,,,,,,
71e64710-7eff-477a-8c24-279c78c18902,NY,PreservedSpecimen,1465553,E. P. Bicknell,3541,1893,9,17,North America,United States of America,New York,New York Co.,West of Harlem River,,,,,Plantae,Magnoliophyta,,Fagales,Fagaceae,Quercus,rubra,,Quercus rubra L.,,,http://sweetgum.nybg.org/science/vh/specimen_details.php?irn=1705830,http://sweetgum.nybg.org/images3/609/986/01465553.jpg,Native,N,LE,,0,,,,,,
6b008967-ed89-4560-940b-f64a4acf51d0,NY,PreservedSpecimen,1465561,J. V. Monachino,415,1937,10,31,North America,United States of America,New York,Queens Co.,,40.6161,-73.8237,GEOLocate Web Application,22050,Plantae,Magnoliophyta,,Fagales,Fagaceae,Quercus,rubra,,Quercus rubra L.,,,http://sweetgum.nybg.org/science/vh/specimen_details.php?irn=1705838,http://sweetgum.nybg.org/images3/609/996/01465561.jpg,Native,N,LE,,0,,,,,,
269984ee-a0b3-46e9-9c1f-b29e0926bb0b,NY,PreservedSpecimen,1088207,D. E. Atha,7020,2009,4,29,North America,United States of America,New York,Bronx Co.,"Grounds of The New York Botanical Garden, forest, W of the Bronx River and S of northern perimeter road",40.8651,-73.8755,,,Plantae,Magnoliophyta,,Fagales,Fagaceae,Quercus,rubra,,Quercus rubra L.,D. E. Atha,2009,http://sweetgum.nybg.org/science/vh/specimen_details.php?irn=1238637,http://sweetgum.nybg.org/images3/613/192/01088207.jpg,Native,N,LE,,0,,,,,,
3cc66822-0c24-4161-a79b-00343878b5de,NY,PreservedSpecimen,1088227,D. E. Atha,7027,2009,4,30,North America,United States of America,New York,Bronx Co.,"Grounds of The New York Botanical Garden, forest, W of the Bronx River",40.8637,-73.8798,,,Plantae,Magnoliophyta,,Fagales,Fagaceae,Quercus,rubra,,Quercus rubra L.,D. E. Atha,2009,http://sweetgum.nybg.org/science/vh/specimen_details.php?irn=1238661,http://sweetgum.nybg.org/images3/613/193/01088227.jpg,Native,N,LE,,0,,,,,,
b7fce69b-41fa-4b4a-9efd-23179ee2a4b6,NY,PreservedSpecimen,1138797,M. H. Nee,54285,2006,4,26,North America,United States of America,New York,Bronx Co.,The New York Botanical Garden.,40.8619,-73.875,,,Plantae,Magnoliophyta,,Fagales,Fagaceae,Quercus,rubra,,Quercus rubra L.,D. E. Atha,2014,http://sweetgum.nybg.org/science/vh/specimen_details.php?irn=1705654,http://sweetgum.nybg.org/images3/613/235/01138797.jpg,Native,N,LE,,0,,,,,,
9a70ec51-ccaa-4ec3-8c77-f501014cb0c6,NY,PreservedSpecimen,1465555,J. K. Small,79,1936,7,,North America,United States of America,New York,New York Co.,"Woods , Ft. Washington Park , New York City.",,,,,Plantae,Magnoliophyta,,Fagales,Fagaceae,Quercus,rubra,,Quercus rubra L.,,,http://sweetgum.nybg.org/science/vh/specimen_details.php?irn=1705832,https://sweetgum.nybg.org/images3/609/988/01465555.jpg,Native,N,LE,,0,,,,,,
2d55c3f1-2b90-42dc-b8bb-61eb70f304f9,NY,PreservedSpecimen,2589686,D. E. Atha,14986,2015,4,22,North America,United States of America,New York,New York Co.,Central Park. North Woods. Between 108th and 109th Sts and between 7th and 8th Aves,40.799,-73.9562,GPS,,Plantae,Magnoliophyta,,Fagales,Fagaceae,Quercus,rubra,,Quercus rubra L.,D. E. Atha,2015,http://sweetgum.nybg.org/science/vh/specimen_details.php?irn=2890765,https://sweetgum.nybg.org/images3/1925/630/02589686.jpg,Native,N,LE,,0,,,,,,
dc9a5efc-b71f-45f8-86d5-d4617f7f1e24,NY,PreservedSpecimen,1088087,D. E. Atha,6987,2009,4,27,North America,United States of America,New York,Bronx Co.,"The New York Botanical Garden, central section of the Garden, west of the Bronx River",40.8637,-73.8798,,,Plantae,Magnoliophyta,,Fagales,Fagaceae,Quercus,rubra,,Quercus rubra L.,D. E. Atha,2009,http://sweetgum.nybg.org/science/vh/specimen_details.php?irn=1237188,https://sweetgum.nybg.org/images3/613/191/01088087.jpg,Native,N,LE,,0,,,,,,
47fe8a81-c860-4336-8711-95e78b58ed87,NY,PreservedSpecimen,1116184,D. E. Atha,8084,2009,8,26,North America,United States of America,New York,Bronx Co.,New York City. Grounds of The New York Botanical Garden. S of Waring Ave and E of the Bronx River.,40.8575,-73.8735,,,Plantae,Magnoliophyta,,Fagales,Fagaceae,Quercus,rubra,,Quercus rubra L.,D. E. Atha,2009,http://sweetgum.nybg.org/science/vh/specimen_details.php?irn=1278598,https://sweetgum.nybg.org/images3/613/217/01116184.jpg,Native,N,LE,,0,,,,,,
f78cc62d-83fc-47c4-9674-b5e35a28765a,NY,PreservedSpecimen,2844251,C. Zeitlin,11,2016,11,6,North America,United States of America,New York,Bronx Co.,Grounds of the New York Botanical Garden. Watson Buildingnorth end. North of and adjacent to the intersection of Magnolia Way and the service drive,40.8669,-73.8778,,,Plantae,Magnoliophyta,,Fagales,Fagaceae,Quercus,rubra,,Quercus rubra L.,C. Zeitlin,2016,http://sweetgum.nybg.org/science/vh/specimen_details.php?irn=3188999,https://sweetgum.nybg.org/images3/2293/877/02844251.jpg,Native,N,LE,,0,,,,,,
7e64941a-53d9-423c-99a5-4ac63695a00a,NY,PreservedSpecimen,1464169,C. A. Hollick,s.n.,1914,10,3,North America,United States of America,New York,Richmond Co.,S.I.,40.582,-74.1049,GEOLocate Web Application,3036,Plantae,Magnoliophyta,,Fagales,Fagaceae,Quercus,stellata,,Quercus stellata Wangenh.,,,http://sweetgum.nybg.org/science/vh/specimen_details.php?irn=1696396,http://sweetgum.nybg.org/images3/615/953/01464169.jpg,Native,N,LE,,0,,,,,,
7f3908d1-326e-4c67-8985-2de2b26b2862,NY,PreservedSpecimen,1464173,Herbarium of Miss Anna Murray Vail,s.n.,1891,11,8,North America,United States of America,New York,Richmond Co.,New Dorp,40.5726,-74.1161,"Georeferencing Quick Reference Guide, Version 2012",995.569,Plantae,Magnoliophyta,,Fagales,Fagaceae,Quercus,stellata,,Quercus stellata Wangenh.,,,http://sweetgum.nybg.org/science/vh/specimen_details.php?irn=1696400,http://sweetgum.nybg.org/images3/615/957/01464173.jpg,Native,N,LE,,0,,,,,,
c6de6629-e5d9-4489-9921-691fbf5178ed,NY,PreservedSpecimen,1464318,C. C. Curtis,s.n.,1902,9,21,North America,United States of America,New York,Richmond Co.,,40.5639,-74.1462,GEOLocate Web Application,12434,Plantae,Magnoliophyta,,Fagales,Fagaceae,Quercus,stellata,,Quercus stellata Wangenh.,,,http://sweetgum.nybg.org/science/vh/specimen_details.php?irn=1696566,http://sweetgum.nybg.org/images3/616/099/01464318.jpg,Native,N,LE,,0,,,,,,
84c0c6ba-4e67-4c24-9fc1-08501893918c,NY,PreservedSpecimen,1463930,E. H. Day,s.n.,1876,5,21,North America,United States of America,New York,Bronx Co.,Spuyten Duyvel,40.8811,-73.9166,"Georeferencing Quick Reference Guide, Version 2012",719.569,Plantae,Magnoliophyta,,Fagales,Fagaceae,Quercus,velutina,,Quercus velutina Lam.,,,http://sweetgum.nybg.org/science/vh/specimen_details.php?irn=1693206,http://sweetgum.nybg.org/images3/615/715/01463930.jpg,Native,N,LE,,0,,,,,,
0591598a-5892-4a84-816e-d3c31b0a73bd,NY,PreservedSpecimen,1463934,L. C. M. Croizat,s.n.,1936,10,,North America,United States of America,New York,Queens Co.,Kissena Park,40.7654,-73.8174,GEOLocate Web Application,3036,Plantae,Magnoliophyta,,Fagales,Fagaceae,Quercus,velutina,,Quercus velutina Lam.,,,http://sweetgum.nybg.org/science/vh/specimen_details.php?irn=1693210,http://sweetgum.nybg.org/images3/615/719/01463934.jpg,Native,N,LE,,0,,,,,,
dd6611f6-90a9-4b36-a396-51186baacb3f,NY,PreservedSpecimen,1463937,J. V. Monachino,414,1937,10,31,North America,United States of America,New York,Queens Co.,,40.6161,-73.8237,GEOLocate Web Application,22050,Plantae,Magnoliophyta,,Fagales,Fagaceae,Quercus,velutina,,Quercus velutina Lam.,,,http://sweetgum.nybg.org/science/vh/specimen_details.php?irn=1693213,http://sweetgum.nybg.org/images3/615/722/01463937.jpg,Native,N,LE,seedling,0,,,,,,
7736e3eb-31cc-4639-8bde-0583f935419f,NY,PreservedSpecimen,1463951,E. S. Burgess,s.n.,,,,North America,United States of America,New York,Richmond Co.,"Staten Island, NYC",,,,,Plantae,Magnoliophyta,,Fagales,Fagaceae,Quercus,velutina,,Quercus velutina Lam.,,,http://sweetgum.nybg.org/science/vh/specimen_details.php?irn=1693227,http://sweetgum.nybg.org/images3/615/735/01463951.jpg,Native,N,LE,,0,,,,,,
3aa992a6-5188-44f3-862f-af7d7f4d4bca,NY,PreservedSpecimen,1463955,P. Wilson,s.n.,,,,North America,United States of America,New York,Queens Co.,N.Y. Parental School,40.7354,-73.8171,"Georeferencing Quick Reference Guide, Version 2012",202.569,Plantae,Magnoliophyta,,Fagales,Fagaceae,Quercus,velutina,,Quercus velutina Lam.,,,http://sweetgum.nybg.org/science/vh/specimen_details.php?irn=1693231,http://sweetgum.nybg.org/images3/615/739/01463955.jpg,Native,N,LE,,0,,,,,,
3637be58-094b-470e-8ce5-ecee397f39bb,NY,PreservedSpecimen,1463702,Collector unspecified,s.n.,1934,6,13,North America,United States of America,New York,Bronx Co.,"New York Botanical Garden, Spath",,,"Georeferencing Quick Reference Guide, Version 2012",,Plantae,Magnoliophyta,,Fagales,Fagaceae,Quercus,velutina,,Quercus velutina Lam.,,,http://sweetgum.nybg.org/science/vh/specimen_details.php?irn=1692964,http://sweetgum.nybg.org/images3/830/656/01463702.jpg,Native,N,LE,,0,,,,,,
d5ce2e48-ba15-4ad2-af60-b2d5065c5350,NY,PreservedSpecimen,1463806,M. H. Nee,33268,1986,10,10,North America,United States of America,New York,Bronx Co.,"Grounds of New York Botanical Garden, near the Museum Building",40.8568,-73.8754,GEOLocate Web Application,2289,Plantae,Magnoliophyta,,Fagales,Fagaceae,Quercus,velutina,,Quercus velutina Lam.,D. E. Atha,2014,http://sweetgum.nybg.org/science/vh/specimen_details.php?irn=1693075,http://sweetgum.nybg.org/images3/830/713/01463806.jpg,Native,N,LE,,0,,,,,,
e107aff1-5591-409e-b445-e193d58a788b,NY,PreservedSpecimen,1747831,M. H. Nee,59510,2012,10,30,North America,United States of America,New York,Bronx Co.,New York Botanical Garden,40.8672,-73.8775,,,Plantae,Magnoliophyta,,Fagales,Fagaceae,Quercus,velutina,,Quercus velutina Lam.,M. H. Nee,2012,http://sweetgum.nybg.org/science/vh/specimen_details.php?irn=2005973,http://sweetgum.nybg.org/images3/980/625/1747831.jpg,Native,N,LE,,0,,,,,,
a39ef3ba-a43b-44a3-8b62-b5b47456530d,NY,PreservedSpecimen,1463946,E. Yarrow,s.n.,1966,9,17,North America,United States of America,New York,Bronx Co.,The New York Botanical Garden. Native Plant Garden,40.8568,-73.8754,GEOLocate Web Application,2289,Plantae,Magnoliophyta,,Fagales,Fagaceae,Quercus,velutina,,Quercus velutina Lam.,D. E. Atha,2014,http://sweetgum.nybg.org/science/vh/specimen_details.php?irn=1693222,,Native,N,LE,,0,,,,,,
c33b0f18-14e1-4124-839e-71253c27ae36,NY,PreservedSpecimen,1463939,C. L. Gilly,302,1940,5,21,North America,United States of America,New York,Bronx Co.,"New York Botanical Garden, Bronx Park",40.8627,-73.8759,,,Plantae,Magnoliophyta,,Fagales,Fagaceae,Quercus,velutina,,Quercus velutina Lam.,S. D. Glenn,2001,http://sweetgum.nybg.org/science/vh/specimen_details.php?irn=1693215,,Native,N,LE,,0,,,,,,
79c5c887-ab2c-4a20-a9cd-ff1495691515,NY,PreservedSpecimen,1463952,H. Lund,s.n.,1933,7,20,North America,United States of America,New York,Bronx Co.,Pelham Bay Park,40.8699,-73.8029,GEOLocate Web Application,1825,Plantae,Magnoliophyta,,Fagales,Fagaceae,Quercus,velutina,,Quercus velutina Lam.,,,http://sweetgum.nybg.org/science/vh/specimen_details.php?irn=1693228,,Native,N,LE,,0,,,,,,
6354f2ff-fb83-4558-b763-8609682c30e8,NY,PreservedSpecimen,1463953,C. L. Gilly,301,1940,5,21,North America,United States of America,New York,Bronx Co.,"New York Botanical Garden, Bronx Park",40.8627,-73.8759,,,Plantae,Magnoliophyta,,Fagales,Fagaceae,Quercus,velutina,,Quercus velutina Lam.,D. E. Atha,2014,http://sweetgum.nybg.org/science/vh/specimen_details.php?irn=1693229,,Native,N,LE,scale bugs on right?,0,,,,,,
0b62caa5-2136-4384-b054-d36f3d28aa62,NY,PreservedSpecimen,1463945,G. V. Nash,584,1896,10,7,North America,United States of America,New York,Bronx Co.,Bronx Park,40.8565,-73.8771,"Georeferencing Quick Reference Guide, Version 2012",1771.57,Plantae,Magnoliophyta,,Fagales,Fagaceae,Quercus,velutina,,Quercus velutina Lam.,,,http://sweetgum.nybg.org/science/vh/specimen_details.php?irn=1693221,,Native,N,LE,,0,,,,,,
4fa9b67f-0204-4dba-a1bf-20b0030a8861,NY,PreservedSpecimen,1483498,T. Morong,s.n.,,,,North America,United States of America,New York,Richmond Co.,,40.5639,-74.1462,GEOLocate Web Application,12434,Plantae,Magnoliophyta,,Fagales,Fagaceae,Quercus,brittoni,,Quercus x brittoni W.T.Davis,,,http://sweetgum.nybg.org/science/vh/specimen_details.php?irn=1721937,http://sweetgum.nybg.org/images3/547/848/01483498.jpg,Native,N,LE,,0,,,,,,
4231ae63-300f-44a9-839b-dec4bb2035c9,NY,PreservedSpecimen,1483500,W. J. Davis,s.n.,1892,9,,North America,United States of America,New York,Richmond Co.,Watchogue,40.6164,-74.1406,"Georeferencing Quick Reference Guide, Version 2012",959.059,Plantae,Magnoliophyta,,Fagales,Fagaceae,Quercus,brittoni,,Quercus x brittoni W.T.Davis,,,http://sweetgum.nybg.org/science/vh/specimen_details.php?irn=1721939,http://sweetgum.nybg.org/images3/547/850/01483500.jpg,Native,N,LE,,0,,,,,,
1b03daa9-55d0-446c-b499-3b20aa9ff617,NY,PreservedSpecimen,1483501,W. J. Davis,s.n.,1892,9,,North America,United States of America,New York,Richmond Co.,Watchogue,40.6164,-74.1406,"Georeferencing Quick Reference Guide, Version 2012",959.059,Plantae,Magnoliophyta,,Fagales,Fagaceae,Quercus,brittoni,,Quercus x brittoni W.T.Davis,,,http://sweetgum.nybg.org/science/vh/specimen_details.php?irn=1721940,http://sweetgum.nybg.org/images3/547/851/01483501.jpg,Native,N,LE,,0,,,,,,
80abcd37-a0e1-43f1-af17-69531f0ed2f8,NY,PreservedSpecimen,1483502,W. T. Davis,s.n.,1894,5,10,North America,United States of America,New York,Richmond Co.,Watchogue,40.6164,-74.1406,"Georeferencing Quick Reference Guide, Version 2012",959.059,Plantae,Magnoliophyta,,Fagales,Fagaceae,Quercus,brittoni,,Quercus x brittoni W.T.Davis,,,http://sweetgum.nybg.org/science/vh/specimen_details.php?irn=1721941,http://sweetgum.nybg.org/images3/547/852/01483502.jpg,Native,N,LE,,0,,,,,,
5e9abb0f-7b89-414c-9c42-7f5002c5a85b,NY,PreservedSpecimen,1484707,M. H. Nee,38617,1990,9,1,North America,United States of America,New York,Bronx Co.,"cultivated on the grounds of the New York Botanical Garden, N side of Museum building",,,"Georeferencing Quick Reference Guide, Version 2012",,Plantae,Magnoliophyta,,Fagales,Fagaceae,Quercus,hawkinsii,,Quercus x hawkinsii Sudw.,,,http://sweetgum.nybg.org/science/vh/specimen_details.php?irn=1735237,http://sweetgum.nybg.org/images3/566/721/01484707.jpg,Native,N,LE,,0,,,,,,
277dd1b1-1dcb-4208-a771-9947a48d7018,NY,PreservedSpecimen,1471348,C. A. Hollick,4,1922,10,28,North America,United States of America,New York,Richmond Co.,Richmond Valley,40.5201,-74.2293,GEOLocate Web Application,3036,Plantae,Magnoliophyta,,Fagales,Fagaceae,Quercus,heterophylla,,Quercus x heterophylla Michx.,,,http://sweetgum.nybg.org/science/vh/specimen_details.php?irn=1716450,http://sweetgum.nybg.org/images3/566/023/01471348.jpg,Native,N,LE,,0,,,,,,
fec0c265-0eea-4a85-963e-bb7ffd1709c0,NY,PreservedSpecimen,1471351,C. A. Hollick,3,1922,10,28,North America,United States of America,New York,Richmond Co.,Richmond Valley,40.5201,-74.2293,GEOLocate Web Application,3036,Plantae,Magnoliophyta,,Fagales,Fagaceae,Quercus,heterophylla,,Quercus x heterophylla Michx.,,,http://sweetgum.nybg.org/science/vh/specimen_details.php?irn=1716453,http://sweetgum.nybg.org/images3/566/026/01471351.jpg,Native,N,LE,,0,,,,,,
ab0913e3-185c-42f2-82dd-0c38be382355,NY,PreservedSpecimen,1472047,D. T. MacDougal,218.b,1906,5,10,North America,United States of America,New York,Bronx Co.,N.Y.B.G.,40.8623,-73.877,GEOLocate Web Application,751,Plantae,Magnoliophyta,,Fagales,Fagaceae,Quercus,heterophylla,,Quercus x heterophylla Michx.,,,http://sweetgum.nybg.org/science/vh/specimen_details.php?irn=1725618,http://sweetgum.nybg.org/images3/566/455/01472047.jpg,Native,N,LE,,0,,,,,,
eb3e61e1-4a43-46eb-98c1-0cc260ca3494,NY,PreservedSpecimen,1472054,D. T. MacDougal,1,1905,10,15,North America,United States of America,New York,Richmond Co.,,40.5639,-74.1462,GEOLocate Web Application,12434,Plantae,Magnoliophyta,,Fagales,Fagaceae,Quercus,heterophylla,,Quercus x heterophylla Michx.,,,http://sweetgum.nybg.org/science/vh/specimen_details.php?irn=1725642,http://sweetgum.nybg.org/images3/566/462/01472054.jpg,Native,N,LE,,0,,,,,,
6f408d9a-9528-4d01-b0c1-3b8688f7d554,NY,PreservedSpecimen,1472056,C. C. Curtis,2,1905,9,22,North America,United States of America,New York,Richmond Co.,NE of pumping station. Richmond Valley,,,,,Plantae,Magnoliophyta,,Fagales,Fagaceae,Quercus,heterophylla,,Quercus x heterophylla Michx.,,,http://sweetgum.nybg.org/science/vh/specimen_details.php?irn=1725645,http://sweetgum.nybg.org/images3/566/464/01472056.jpg,Native,N,LE,potential scale bug on bottom right leaf,0,,,,,,
c53b230f-a1ee-4013-915f-c41340572a93,NY,PreservedSpecimen,1472065,C. C. Curtis,4,1905,9,24,North America,United States of America,New York,Richmond Co.,NSW of No. 3. Richmond Valley,40.5201,-74.2293,GEOLocate Web Application,3036,Plantae,Magnoliophyta,,Fagales,Fagaceae,Quercus,heterophylla,,Quercus x heterophylla Michx.,,,http://sweetgum.nybg.org/science/vh/specimen_details.php?irn=1725662,http://sweetgum.nybg.org/images3/566/473/01472065.jpg,Native,N,LE,potential scale bug on center,0,,,,,,
0159418c-da59-4fb6-abcb-29e74fef5803,NY,PreservedSpecimen,1472067,C. S. Gager,s.n.,1920,11,12,North America,United States of America,New York,Richmond Co.,Richmond Valley,40.5201,-74.2293,GEOLocate Web Application,3036,Plantae,Magnoliophyta,,Fagales,Fagaceae,Quercus,heterophylla,,Quercus x heterophylla Michx.,,,http://sweetgum.nybg.org/science/vh/specimen_details.php?irn=1725664,http://sweetgum.nybg.org/images3/566/475/01472067-01.jpg | http://sweetgum.nybg.org/images3/566/476/01472067-02.jpg,Native,N,LE,,0,,,,,,
67f2beba-d7b0-4882-9c97-49ed01c96b09,NY,PreservedSpecimen,1472951,C. A. Hollick,s.n.,,,,North America,United States of America,New York,Richmond Co.,,40.5085,-74.2395,"Georeferencing Quick Reference Guide, Version 2012",1603.42,Plantae,Magnoliophyta,,Fagales,Fagaceae,Quercus,heterophylla,,Quercus x heterophylla Michx.,,,http://sweetgum.nybg.org/science/vh/specimen_details.php?irn=1735247,http://sweetgum.nybg.org/images3/566/499/01472951.jpg,Native,N,LE,,0,,,,,,
28770c1d-8dcb-4f7b-a9e2-7060ae5ef391,NY,PreservedSpecimen,1472957,C. A. Hollick,s.n.,1888,9,22,North America,United States of America,New York,Richmond Co.,,40.5085,-74.2395,"Georeferencing Quick Reference Guide, Version 2012",1603.42,Plantae,Magnoliophyta,,Fagales,Fagaceae,Quercus,heterophylla,,Quercus x heterophylla Michx.,,,http://sweetgum.nybg.org/science/vh/specimen_details.php?irn=1735253,http://sweetgum.nybg.org/images3/566/505/01472957.jpg,Native,N,LE,,0,,,,,,
0ea716b4-8552-4433-9966-5465c20d6cdb,NY,PreservedSpecimen,1472978,D. T. MacDougal,2,1905,10,15,North America,United States of America,New York,Richmond Co.,,40.5639,-74.1462,GEOLocate Web Application,12434,Plantae,Magnoliophyta,,Fagales,Fagaceae,Quercus,heterophylla,,Quercus x heterophylla Michx.,,,http://sweetgum.nybg.org/science/vh/specimen_details.php?irn=1735394,http://sweetgum.nybg.org/images3/566/526/01472978.jpg,Native,N,LE,,0,,,,,,
5261ca75-0f64-4b14-9357-528da8270736,NY,PreservedSpecimen,1472979,D. T. MacDougal,4,1905,10,15,North America,United States of America,New York,Richmond Co.,,40.5639,-74.1462,GEOLocate Web Application,12434,Plantae,Magnoliophyta,,Fagales,Fagaceae,Quercus,heterophylla,,Quercus x heterophylla Michx.,,,http://sweetgum.nybg.org/science/vh/specimen_details.php?irn=1735395,http://sweetgum.nybg.org/images3/566/527/01472979.jpg,Native,N,LE,,0,,,,,,
c543f3ec-8974-4101-b9d3-487d4fbf82af,NY,PreservedSpecimen,1472980,Collector unknown,218.1,1906,5,10,North America,United States of America,New York,Bronx Co.,N.Y. Botanical Garden,40.85,-73.8662,GEOLocate Web Application,3036,Plantae,Magnoliophyta,,Fagales,Fagaceae,Quercus,heterophylla,,Quercus x heterophylla Michx.,,,http://sweetgum.nybg.org/science/vh/specimen_details.php?irn=1735396,http://sweetgum.nybg.org/images3/566/528/01472980.jpg,Native,N,LE,,0,,,,,,
fdfd4d7c-8b54-4ad9-af34-82fa5e1e3425,NY,PreservedSpecimen,1472986,C. A. Hollick,s.n.,1924,10,,North America,United States of America,New York,Bronx Co.,New York Botanical Garden,40.8623,-73.877,GEOLocate Web Application,751,Plantae,Magnoliophyta,,Fagales,Fagaceae,Quercus,heterophylla,,Quercus x heterophylla Michx.,,,http://sweetgum.nybg.org/science/vh/specimen_details.php?irn=1735403,http://sweetgum.nybg.org/images3/566/534/01472986.jpg,Native,N,LE,,0,,,,,,
64c5645b-2abc-4923-872e-83d3e6c65552,NY,PreservedSpecimen,1472987,C. A. Hollick,s.n.,1924,10,,North America,United States of America,New York,Bronx Co.,New York Botanical Garden,40.8623,-73.877,GEOLocate Web Application,751,Plantae,Magnoliophyta,,Fagales,Fagaceae,Quercus,heterophylla,,Quercus x heterophylla Michx.,,,http://sweetgum.nybg.org/science/vh/specimen_details.php?irn=1735404,http://sweetgum.nybg.org/images3/566/535/01472987.jpg,Native,N,LE,,0,,,,,,
a585045a-8793-4e20-b204-6fe42dc5494b,NY,PreservedSpecimen,1472998,Collector unknown,218.4,1906,5,10,North America,United States of America,New York,Bronx Co.,N.Y.B.G.,40.85,-73.8662,GEOLocate Web Application,3036,Plantae,Magnoliophyta,,Fagales,Fagaceae,Quercus,heterophylla,,Quercus x heterophylla Michx.,,,http://sweetgum.nybg.org/science/vh/specimen_details.php?irn=1735416,http://sweetgum.nybg.org/images3/566/544/01472998.jpg,Native,N,LE,,0,,,,,,
0faa4c68-8d5f-41a3-bf5e-06738bba71a7,NY,PreservedSpecimen,1472999,Collector unknown,218.3,1906,5,10,North America,United States of America,New York,Bronx Co.,N.Y.B.G.,40.85,-73.8662,GEOLocate Web Application,3036,Plantae,Magnoliophyta,,Fagales,Fagaceae,Quercus,heterophylla,,Quercus x heterophylla Michx.,,,http://sweetgum.nybg.org/science/vh/specimen_details.php?irn=1735417,http://sweetgum.nybg.org/images3/566/545/01472999.jpg,Native,N,LE,,0,,,,,,
057a185f-57a7-4975-9c12-caa7825d43a4,NY,PreservedSpecimen,1473000,Collector unknown,218.2,1906,5,10,North America,United States of America,New York,Bronx Co.,N.Y. Bot. Garden,40.85,-73.8662,GEOLocate Web Application,3036,Plantae,Magnoliophyta,,Fagales,Fagaceae,Quercus,heterophylla,,Quercus x heterophylla Michx.,,,http://sweetgum.nybg.org/science/vh/specimen_details.php?irn=1735418,http://sweetgum.nybg.org/images3/566/546/01473000.jpg,Native,N,LE,,0,,,,,,
68fedf7d-9933-407f-96a4-551a85c74df2,NY,PreservedSpecimen,1473002,C. C. Curtis,4,1905,10,22,North America,United States of America,New York,Richmond Co.,Richmond Valley,40.5201,-74.2293,GEOLocate Web Application,3036,Plantae,Magnoliophyta,,Fagales,Fagaceae,Quercus,heterophylla,,Quercus x heterophylla Michx.,,,http://sweetgum.nybg.org/science/vh/specimen_details.php?irn=1735420,http://sweetgum.nybg.org/images3/566/548/01473002.jpg,Native,N,LE,,0,,,,,,
c45f2fdd-a424-4b98-a42f-607d55f31f4e,NY,PreservedSpecimen,1473003,C. C. Curtis,2,1905,10,22,North America,United States of America,New York,Richmond Co.,East of No. 1. Richmond Valley,40.5201,-74.2293,GEOLocate Web Application,3036,Plantae,Magnoliophyta,,Fagales,Fagaceae,Quercus,heterophylla,,Quercus x heterophylla Michx.,,,http://sweetgum.nybg.org/science/vh/specimen_details.php?irn=1735421,http://sweetgum.nybg.org/images3/566/549/01473003.jpg,Native,N,LE,,0,,,,,,
53a05981-a198-49fc-8b12-8abc8fae7d55,NY,PreservedSpecimen,1473013,C. A. Hollick,s.n.,1917,8,13,North America,United States of America,New York,Richmond Co.,Clove Lake,40.6188,-74.1098,GEOLocate Web Application,479,Plantae,Magnoliophyta,,Fagales,Fagaceae,Quercus,heterophylla,,Quercus x heterophylla Michx.,,,http://sweetgum.nybg.org/science/vh/specimen_details.php?irn=1735431,http://sweetgum.nybg.org/images3/566/559/01473013.jpg,Native,N,LE,,0,,,,,,
7c74dcfc-b7e5-495c-a3f5-53f3c057e88f,NY,PreservedSpecimen,1473014,P. Dowell,2715,1903,10,4,North America,United States of America,New York,Richmond Co.,Richmond Valley,40.5201,-74.2293,GEOLocate Web Application,3036,Plantae,Magnoliophyta,,Fagales,Fagaceae,Quercus,heterophylla,,Quercus x heterophylla Michx.,,,http://sweetgum.nybg.org/science/vh/specimen_details.php?irn=1735432,http://sweetgum.nybg.org/images3/566/560/01473014.jpg,Native,N,LE,,0,,,,,,
f1cd2922-6916-4685-9d9f-44ac6fae6d47,NY,PreservedSpecimen,1473016,D. T. MacDougal,218.b,1906,5,10,North America,United States of America,New York,Bronx Co.,N.Y.B.G.,40.8623,-73.877,GEOLocate Web Application,751,Plantae,Magnoliophyta,,Fagales,Fagaceae,Quercus,heterophylla,,Quercus x heterophylla Michx.,,,http://sweetgum.nybg.org/science/vh/specimen_details.php?irn=1735434,http://sweetgum.nybg.org/images3/566/562/01473016.jpg,Native,N,LE,,0,,,,,,
3ef1fda8-8bc8-4010-9e82-f36fd226e21f,NY,PreservedSpecimen,1362948,C. A. Hollick,s.n.,1922,10,28,North America,United States of America,New York,Richmond Co.,Richmond Valley,40.5201,-74.2293,GEOLocate Web Application,3036,Plantae,Magnoliophyta,,Fagales,Fagaceae,Quercus,,,Quercus x heterophylla Michx.,,,http://sweetgum.nybg.org/science/vh/specimen_details.php?irn=1681135,http://sweetgum.nybg.org/images3/563/062/01362948.jpg,Native,N,LE,heterophylla,0,,,,,,
482243dd-568e-4fc6-b62c-8726abdc44a5,NY,PreservedSpecimen,1362950,C. C. Curtis,3,1905,10,22,North America,United States of America,New York,Richmond Co.,Richmond Valley,40.5201,-74.2293,GEOLocate Web Application,3036,Plantae,Magnoliophyta,,Fagales,Fagaceae,Quercus,,,Quercus x heterophylla Michx.,,,http://sweetgum.nybg.org/science/vh/specimen_details.php?irn=1681137,http://sweetgum.nybg.org/images3/563/064/01362950.jpg,Native,N,LE,heterophylla,0,,,,,,
4d7d0901-59ea-4454-8b4d-abc0b3117fb5,NY,PreservedSpecimen,1470473,M. M. Graff,s.n.,1976,6,4,North America,United States of America,New York,New York Co.,"Central Park, Southeast corner of the Swedish School House on the west side of Central Park roughly in line with 80th Street",40.6639,-73.9383,GEOLocate Web Application,14542,Plantae,Magnoliophyta,,Fagales,Fagaceae,Quercus,leana,,Quercus x leana Nutt.,,,http://sweetgum.nybg.org/science/vh/specimen_details.php?irn=1713935,http://sweetgum.nybg.org/images3/565/156/01470473.jpg,Native,N,LE,,0,,,,,,
6c96b2b8-d9a8-4be9-8da0-94c6c73ea7e8,NY,PreservedSpecimen,1473028,D. T. MacDougal,217.3,1906,5,10,North America,United States of America,New York,Bronx Co.,New York Botanical Garden,40.8623,-73.877,GEOLocate Web Application,751,Plantae,Magnoliophyta,,Fagales,Fagaceae,Quercus,rudkinii,,Quercus x rudkinii Britton,,,http://sweetgum.nybg.org/science/vh/specimen_details.php?irn=1735588,http://sweetgum.nybg.org/images3/612/351/01473028.jpg,Native,N,LE,,0,,,,,,
80e4f760-2fba-43d8-8bc6-0eb157f016ed,NY,PreservedSpecimen,1473029,D. T. MacDougal,217.3,1906,5,10,North America,United States of America,New York,Bronx Co.,N.Y. Bot. Gard.,40.8623,-73.877,GEOLocate Web Application,751,Plantae,Magnoliophyta,,Fagales,Fagaceae,Quercus,rudkinii,,Quercus x rudkinii Britton,,,http://sweetgum.nybg.org/science/vh/specimen_details.php?irn=1735589,http://sweetgum.nybg.org/images3/612/352/01473029.jpg,Native,N,LE,,0,,,,,,
ef1877b8-5b21-445f-b287-e4ed28edc59f,NY,PreservedSpecimen,1473030,D. T. MacDougal,217.1,1906,5,10,North America,United States of America,New York,Bronx Co.,N.Y.B.G.,40.8623,-73.877,GEOLocate Web Application,751,Plantae,Magnoliophyta,,Fagales,Fagaceae,Quercus,rudkinii,,Quercus x rudkinii Britton,,,http://sweetgum.nybg.org/science/vh/specimen_details.php?irn=1735590,http://sweetgum.nybg.org/images3/612/353/01473030.jpg,Native,N,LE,,0,,,,,,
f9ce8acb-8b75-48ec-a7c8-e78bb4e1b6ea,NY,PreservedSpecimen,1473031,D. T. MacDougal,217.2,1906,5,10,North America,United States of America,New York,Bronx Co.,N.Y.B.G.,40.8623,-73.877,GEOLocate Web Application,751,Plantae,Magnoliophyta,,Fagales,Fagaceae,Quercus,rudkinii,,Quercus x rudkinii Britton,,,http://sweetgum.nybg.org/science/vh/specimen_details.php?irn=1735591,http://sweetgum.nybg.org/images3/612/354/01473031.jpg,Native,N,LE,,0,,,,,,
89ea4a77-e4a1-4ba1-9850-70ec516291ee,NY,PreservedSpecimen,1464954,J. Hartling,3968,,,,North America,United States of America,New York,Bronx Co.,"New York Botanical Garden, Arboretum",,,"Georeferencing Quick Reference Guide, Version 2012",,Plantae,Magnoliophyta,,Fagales,Fagaceae,Quercus,rudkinii,,Quercus x rudkinii Britton,,,http://sweetgum.nybg.org/science/vh/specimen_details.php?irn=1703399,http://sweetgum.nybg.org/images3/616/529/01464954.jpg,Native,N,LE,,0,,,,,,
bccb942f-8329-4f4e-8ae4-1b367830f1f9,NY,PreservedSpecimen,1464959,J. K. Small,s.n.,1890,8,2,North America,United States of America,New York,Richmond Co.,vicinity of Tottenville,40.5112,-74.2493,GEOLocate Web Application,3036,Plantae,Magnoliophyta,,Fagales,Fagaceae,Quercus,rudkinii,,Quercus x rudkinii Britton,,,http://sweetgum.nybg.org/science/vh/specimen_details.php?irn=1703404,http://sweetgum.nybg.org/images3/616/534/01464959.jpg,Native,N,LE,,0,,,,,,
71339165-7f7d-4820-9be2-834ce3207a8a,NY,PreservedSpecimen,1464960,J. Hartling,3968,,,,North America,United States of America,New York,Bronx Co.,"New York Botanical Garden, Arboretum",,,"Georeferencing Quick Reference Guide, Version 2012",,Plantae,Magnoliophyta,,Fagales,Fagaceae,Quercus,rudkinii,,Quercus x rudkinii Britton,,,http://sweetgum.nybg.org/science/vh/specimen_details.php?irn=1703405,http://sweetgum.nybg.org/images3/616/535/01464960.jpg,Native,N,LE,,0,,,,,,
55916f16-94ae-4168-ab39-435e6ca54c3a,NY,PreservedSpecimen,2556852,M. H. Nee,56410,2009,6,22,North America,United States of America,New York,Bronx Co.,"at parking lot, Metro North railroad station on Kazimiroff Drive, opposite entrance to the New York Botanical Garden",40.8672,-73.8806,,,Plantae,Magnoliophyta,,Malvales,Malvaceae,Tilia,americana,,Tilia americana L.,,,http://sweetgum.nybg.org/science/vh/specimen_details.php?irn=2799292,http://sweetgum.nybg.org/images3/1978/013/02556852.jpg,Native,N,LE,,0,,,,,,
5c47cca0-7644-491a-8f12-942381d65730,NY,PreservedSpecimen,2556854,M. H. Nee,56414,2009,6,25,North America,United States of America,New York,Bronx Co.,"corner of Mosholu Parkway and Kazimiroff Drive, between New York Botanical Garden and Metro North railroad tracks",40.8678,-73.8797,,,Plantae,Magnoliophyta,,Malvales,Malvaceae,Tilia,americana,,Tilia americana L.,,,http://sweetgum.nybg.org/science/vh/specimen_details.php?irn=2799294,http://sweetgum.nybg.org/images3/1978/015/02556854.jpg,Native,N,LE,,0,,,,,,
dea0e539-7f1a-4d5b-8c40-0fdbedeb9b31,NY,PreservedSpecimen,2556855,M. H. Nee,56497,2009,9,20,North America,United States of America,New York,Bronx Co.,"corner of Mosholu Parkway and Kazimiroff Drive, between New York Botanical Garden and Metro North railroad tracks",40.8678,-73.8797,,,Plantae,Magnoliophyta,,Malvales,Malvaceae,Tilia,americana,,Tilia americana L.,,,http://sweetgum.nybg.org/science/vh/specimen_details.php?irn=2799295,http://sweetgum.nybg.org/images3/1978/016/02556855.jpg,Native,N,LE,,0,,,,,,
5473a033-c997-49e7-bf9e-3dbfa0f11f18,NY,PreservedSpecimen,2556856,J. L. Luteyn,8086,1991,6,13,North America,United States of America,New York,Bronx Co.,New York Botanical Garden,40.8623,-73.877,GEOLocate Web Application,751,Plantae,Magnoliophyta,,Malvales,Malvaceae,Tilia,americana,,Tilia americana L.,,,http://sweetgum.nybg.org/science/vh/specimen_details.php?irn=2799296,http://sweetgum.nybg.org/images3/1978/017/02556856.jpg,Native,N,LE,,0,,,,,,
ee888908-801a-4cd7-93e5-e141e345c3b5,NY,PreservedSpecimen,2556873,G. T. Hastings,s.n.,1936,8,22,North America,United States of America,New York,New York Co.,Morningside Park,40.8065,-73.9582,GEOLocate Web Application,667,Plantae,Magnoliophyta,,Malvales,Malvaceae,Tilia,americana,,Tilia americana L.,,,http://sweetgum.nybg.org/science/vh/specimen_details.php?irn=2799313,http://sweetgum.nybg.org/images3/1978/034/02556873.jpg,Native,N,LE,,0,,,,,,
c2be5c45-2985-4685-8d2a-f6100326907d,NY,PreservedSpecimen,1116530,D. E. Atha,7654,2009,6,30,North America,United States of America,New York,Bronx Co.,"Grounds of The New York Botanical Garden, W of the Bronx River and S of Waring Ave",40.8599,-73.8768,,,Plantae,Magnoliophyta,,Malvales,Malvaceae,Tilia,americana,,Tilia americana L.,D. E. Atha,2009,http://sweetgum.nybg.org/science/vh/specimen_details.php?irn=1254935,http://sweetgum.nybg.org/images3/4249/454/01116530.jpg,Native,N,LE,,0,,,,,,
6b07eb66-f487-4217-8940-faadf5d006d5,NY,PreservedSpecimen,2377786,H. N. Moldenke,9793,1937,6,20,North America,United States of America,New York,Bronx Co.,,40.85,-73.8662,GEOLocate Web Application,3036,Plantae,Magnoliophyta,,Malvales,Malvaceae,Tilia,americana,,Tilia americana L.,F. B. Buser,1954,http://sweetgum.nybg.org/science/vh/specimen_details.php?irn=2627567,http://sweetgum.nybg.org/images3/4249/631/02377786.jpg,Native,N,LE,,0,,,,,,
c877a4de-b134-40a2-97d7-cd933c26af80,NY,PreservedSpecimen,2377789,S. L. Clarke,s.n.,1891,6,,North America,United States of America,New York,Bronx Co.,Van Cortlandt Park,40.8979,-73.8835,GEOLocate Web Application,1924,Plantae,Magnoliophyta,,Malvales,Malvaceae,Tilia,americana,,Tilia americana L.,G. N. Jones,1955,http://sweetgum.nybg.org/science/vh/specimen_details.php?irn=2627569,http://sweetgum.nybg.org/images3/4249/633/02377789.jpg,Native,N,LE,,0,,,,,,
65af35af-f76f-4bae-9d13-eeff9c065241,NY,PreservedSpecimen,2377790,S. L. Clarke,s.n.,1891,6,,North America,United States of America,New York,Bronx Co.,Van Cortlandt Park,40.8979,-73.8835,GEOLocate Web Application,1924,Plantae,Magnoliophyta,,Malvales,Malvaceae,Tilia,americana,,Tilia americana L.,F. B. Buser,1954,http://sweetgum.nybg.org/science/vh/specimen_details.php?irn=2627574,http://sweetgum.nybg.org/images3/4249/634/02377790.jpg,Native,N,LE,,0,,,,,,
46b3cf8b-19d1-454b-91a1-beb078a95d60,NY,PreservedSpecimen,2332781,D. E. Atha,14183,2013,10,15,North America,United States of America,New York,New York Co.,"Central Park, Ramble, between 78th St and 79th St between 6th and 7th Avenues",40.7784,-73.9684,GPS,50,Plantae,Magnoliophyta,,Malvales,Malvaceae,Tilia,americana,,Tilia americana L.,D. E. Atha,2013,http://sweetgum.nybg.org/science/vh/specimen_details.php?irn=2400888,,Native,N,LE,,0,,,,,,
9d8203dd-3304-499d-901a-1aa29e57f755,NY,PreservedSpecimen,2556850,J. Hartling,2680,,,,North America,United States of America,New York,Bronx Co.,"Arboretum, New York Botanical Garden",,,"Georeferencing Quick Reference Guide, Version 2012",,Plantae,Magnoliophyta,,Malvales,Malvaceae,Tilia,americana,,Tilia americana L.,,,http://sweetgum.nybg.org/science/vh/specimen_details.php?irn=2799290,,Native,N,LE,,0,,,,,,
6091e49f-9214-417a-b1f9-63dc71fefb8e,NY,PreservedSpecimen,2556867,E. P. Bicknell,5743,1890,7,5,North America,United States of America,New York,New York Co.,"E of B'way at Inwood, Manhattan Island",40.7903,-73.9597,GEOLocate Web Application,5421,Plantae,Magnoliophyta,,Malvales,Malvaceae,Tilia,americana,,Tilia americana L.,,,http://sweetgum.nybg.org/science/vh/specimen_details.php?irn=2799307,,Native,N,LE,,0,,,,,,
36d1cc89-9a71-48dd-8b97-9b5d291de88d,NY,PreservedSpecimen,2556872,G. T. Hastings,s.n.,1936,7,2,North America,United States of America,New York,New York Co.,Fort Washington Park,40.8534,-73.9418,GEOLocate Web Application,1977,Plantae,Magnoliophyta,,Malvales,Malvaceae,Tilia,americana,,Tilia americana L.,,,http://sweetgum.nybg.org/science/vh/specimen_details.php?irn=2799312,,Native,N,LE,,0,,,,,,
95461093-b371-4a67-8e89-7369ce3b274c,NY,PreservedSpecimen,2844247,C. Zeitlin,7,2016,10,29,North America,United States of America,New York,Bronx Co.,Grounds of the New York Botanical Garden. Adjacent to and north of the Children's Adventure Garden. Planted along path that borders the S end of the Native Plant Garden,40.8629,-73.8791,,,Plantae,Magnoliophyta,,Sapindales,Sapindaceae,Acer,platanoides,,Acer platanoides 'Drummondii',C. Zeitlin,2016,http://sweetgum.nybg.org/science/vh/specimen_details.php?irn=3188883,http://sweetgum.nybg.org/images3/2293/873/02844247.jpg,Non-native,N,LE,,0,,,,,,
6570a955-4e7d-459d-ab5b-633fcea061e5,NY,PreservedSpecimen,2225886,D. E. Atha,13386,2013,4,28,North America,United States of America,New York,Bronx Co.,"Grounds of The New York Botanical Garden, between the Nolen Glasshouses and the Rockefeller Rose Garden",40.8581,-73.874,GPS,25,Plantae,Magnoliophyta,,Sapindales,Sapindaceae,Acer,platanoides,,Acer platanoides 'Fassens Black' L.,D. E. Atha,2013,http://sweetgum.nybg.org/science/vh/specimen_details.php?irn=2362948,http://sweetgum.nybg.org/images3/1270/047/02225886.jpg,Non-native,N,LE,,0,,,,,,
1ae27437-430c-4dc2-aff0-f7609f6b174c,NY,PreservedSpecimen,2487663,H. N. Moldenke,4592,1929,6,14,North America,United States of America,New York,Bronx Co.,"The New York Botanical Garden, Bronx Park",40.8623,-73.877,GEOLocate Web Application,751,Plantae,Magnoliophyta,,Sapindales,Sapindaceae,Acer,platanoides,,Acer platanoides 'Globosum',,,http://sweetgum.nybg.org/science/vh/specimen_details.php?irn=2705014,http://sweetgum.nybg.org/images3/1813/708/02487663.jpg,Non-native,N,LE,,0,,,,,,
f3222fb4-ea09-4010-b470-d65626506e0e,NY,PreservedSpecimen,2449876,D. E. Atha,14376,2014,5,3,North America,United States of America,New York,New York Co.,"Central Park, North Woods, between 108th and 109th Sts and between Lenox Ave and Adam Clayton Powell Jr Blvd",40.798,-73.9545,GPS,,Plantae,Magnoliophyta,,Sapindales,Sapindaceae,Acer,platanoides,,Acer platanoides L.,D. E. Atha,2014,http://sweetgum.nybg.org/science/vh/specimen_details.php?irn=2624283,http://sweetgum.nybg.org/images3/1578/079/02449876.jpg,Non-native,N,LE,,0,,,,,,
cb391417-30ff-4d57-a643-b50cc023fb65,NY,PreservedSpecimen,2450092,D. E. Atha,14492,2014,6,3,North America,United States of America,New York,New York Co.,"Central Park, Mount, Compost Area. Between 104th and 105th Sts and between 5th and 6th Aves",40.794,-73.9543,GPS,25,Plantae,Magnoliophyta,,Sapindales,Sapindaceae,Acer,platanoides,,Acer platanoides L.,D. E. Atha,2015,http://sweetgum.nybg.org/science/vh/specimen_details.php?irn=2643316,http://sweetgum.nybg.org/images3/1648/846/02450092.jpg,Non-native,N,LE,,0,,,,,,
1bb30b08-10b7-49f5-badb-b8ab46f00212,NY,PreservedSpecimen,2487508,T. J. Delendick,2115,1973,5,12,North America,United States of America,New York,Queens Co.,,40.6161,-73.8237,GEOLocate Web Application,22050,Plantae,Magnoliophyta,,Sapindales,Sapindaceae,Acer,platanoides,,Acer platanoides L.,,,http://sweetgum.nybg.org/science/vh/specimen_details.php?irn=2704813,http://sweetgum.nybg.org/images3/1743/328/02487508.jpg,Non-native,N,LE,,0,,,,,,
166ec1cd-9d2d-44c8-bd4f-62f3819ca6f0,NY,PreservedSpecimen,2487514,T. J. Delendick,99,1973,10,1,North America,United States of America,New York,Queens Co.,,40.6161,-73.8237,GEOLocate Web Application,22050,Plantae,Magnoliophyta,,Sapindales,Sapindaceae,Acer,platanoides,,Acer platanoides L.,,,http://sweetgum.nybg.org/science/vh/specimen_details.php?irn=2704819,http://sweetgum.nybg.org/images3/1743/334/02487514.jpg,Non-native,N,LE,,0,,,,,,
f5d8844e-ca96-493e-bf89-adecdd20d8e0,NY,PreservedSpecimen,2487520,T. J. Delendick,1078 & 1078A,1973,11,2,North America,United States of America,New York,Bronx Co.,,40.85,-73.8662,GEOLocate Web Application,3036,Plantae,Magnoliophyta,,Sapindales,Sapindaceae,Acer,platanoides,,Acer platanoides L.,,,http://sweetgum.nybg.org/science/vh/specimen_details.php?irn=2704825,http://sweetgum.nybg.org/images3/1743/340/02487520.jpg,Non-native,N,LE,,0,,,,,,
62bd4416-9c56-4f72-93c8-076e29756c9e,NY,PreservedSpecimen,2487521,T. J. Delendick,1079,1973,11,6,North America,United States of America,New York,Queens Co.,,40.6161,-73.8237,GEOLocate Web Application,22050,Plantae,Magnoliophyta,,Sapindales,Sapindaceae,Acer,platanoides,,Acer platanoides L.,,,http://sweetgum.nybg.org/science/vh/specimen_details.php?irn=2704826,http://sweetgum.nybg.org/images3/1743/341/02487521.jpg,Non-native,N,LE,,0,,,,,,
e91d4422-a8a7-43e3-bb9f-92f4f11bfcb3,NY,PreservedSpecimen,2487522,T. J. Delendick,1080 & 1080A,1973,11,10,North America,United States of America,New York,Bronx Co.,along Mosholu Parkway,40.85,-73.8662,GEOLocate Web Application,3036,Plantae,Magnoliophyta,,Sapindales,Sapindaceae,Acer,platanoides,,Acer platanoides L.,,,http://sweetgum.nybg.org/science/vh/specimen_details.php?irn=2704827,http://sweetgum.nybg.org/images3/1743/342/02487522.jpg,Non-native,N,LE,,0,,,,,,
d6d267de-2d90-4a39-9b9b-38157b244f8b,NY,PreservedSpecimen,2487540,T. J. Delendick,221,1975,6,16,North America,United States of America,New York,Bronx Co.,near RR station by N.Y.B.G.,,,,,Plantae,Magnoliophyta,,Sapindales,Sapindaceae,Acer,platanoides,,Acer platanoides L.,,,http://sweetgum.nybg.org/science/vh/specimen_details.php?irn=2704845,http://sweetgum.nybg.org/images3/1743/360/02487540.jpg,Non-native,N,LE,,0,,,,,,
5b6ee698-d90d-4ebe-9159-593ef881f646,NY,PreservedSpecimen,2487585,T. J. Delendick,"76,213",1976,4,13,North America,United States of America,New York,Bronx Co.,along Mosholu Pkwy.,40.85,-73.8662,GEOLocate Web Application,3036,Plantae,Magnoliophyta,,Sapindales,Sapindaceae,Acer,platanoides,,Acer platanoides L.,,,http://sweetgum.nybg.org/science/vh/specimen_details.php?irn=2704890,http://sweetgum.nybg.org/images3/1743/404/02487585.jpg,Non-native,N,LE,,0,,,,,,
df386b47-b584-42c9-a1ad-aec2e30dbdd1,NY,PreservedSpecimen,2487586,T. J. Delendick,"761,137",1976,7,22,North America,United States of America,New York,Bronx Co.,,40.85,-73.8662,GEOLocate Web Application,3036,Plantae,Magnoliophyta,,Sapindales,Sapindaceae,Acer,platanoides,,Acer platanoides L.,,,http://sweetgum.nybg.org/science/vh/specimen_details.php?irn=2704891,http://sweetgum.nybg.org/images3/1743/405/02487586.jpg,Non-native,N,LE,,0,,,,,,
e6c43259-31b5-4dd4-b3e9-a1fef7313d46,NY,PreservedSpecimen,2487587,T. J. Delendick,"76,290",1976,4,22,North America,United States of America,New York,Bronx Co.,along Mosholu Pkwy. near Webster Ave.,40.85,-73.8662,GEOLocate Web Application,3036,Plantae,Magnoliophyta,,Sapindales,Sapindaceae,Acer,platanoides,,Acer platanoides L.,,,http://sweetgum.nybg.org/science/vh/specimen_details.php?irn=2704892,http://sweetgum.nybg.org/images3/1743/406/02487587.jpg,Non-native,N,LE,,0,,,,,,
fa1b5dd5-3d95-46ea-8899-522968b7a02d,NY,PreservedSpecimen,2487588,T. J. Delendick,"77,313",1977,5,31,North America,United States of America,New York,Bronx Co.,along support wall along Mosholu Pkwy.,40.85,-73.8662,GEOLocate Web Application,3036,Plantae,Magnoliophyta,,Sapindales,Sapindaceae,Acer,platanoides,,Acer platanoides L.,,,http://sweetgum.nybg.org/science/vh/specimen_details.php?irn=2704893,http://sweetgum.nybg.org/images3/1743/407/02487588.jpg,Non-native,N,LE,,0,,,,,,
8b4a8873-7654-4a66-b702-2a6cf10ed14f,NY,PreservedSpecimen,2487589,T. J. Delendick,1374,1977,5,26,North America,United States of America,New York,Bronx Co.,along Mosholu Pkwy. wall,40.85,-73.8662,GEOLocate Web Application,3036,Plantae,Magnoliophyta,,Sapindales,Sapindaceae,Acer,platanoides,,Acer platanoides L.,,,http://sweetgum.nybg.org/science/vh/specimen_details.php?irn=2704894,http://sweetgum.nybg.org/images3/1743/408/02487589.jpg,Non-native,N,LE,,0,,,,,,
5e542d55-aafb-4cd1-a42b-7517aae4ba53,NY,PreservedSpecimen,2487590,T. J. Delendick,"76,320",1976,4,26,North America,United States of America,New York,Bronx Co.,along Mosholu Pkwy.,40.85,-73.8662,GEOLocate Web Application,3036,Plantae,Magnoliophyta,,Sapindales,Sapindaceae,Acer,platanoides,,Acer platanoides L.,,,http://sweetgum.nybg.org/science/vh/specimen_details.php?irn=2704895,http://sweetgum.nybg.org/images3/1743/409/02487590.jpg,Non-native,N,LE,,0,,,,,,
c4e4b233-b92e-4b70-affa-b00b1b672cb6,NY,PreservedSpecimen,2487591,T. J. Delendick,"76,355",1976,4,30,North America,United States of America,New York,Bronx Co.,along Mosholu Pkwy.,40.85,-73.8662,GEOLocate Web Application,3036,Plantae,Magnoliophyta,,Sapindales,Sapindaceae,Acer,platanoides,,Acer platanoides L.,,,http://sweetgum.nybg.org/science/vh/specimen_details.php?irn=2704896,http://sweetgum.nybg.org/images3/1743/410/02487591.jpg,Non-native,N,LE,,0,,,,,,
a060e34c-f2ec-411c-9ae6-2773b2724feb,NY,PreservedSpecimen,2487618,R. I. Vargas,5,1998,5,5,North America,United States of America,New York,Bronx Co.,Bronx Park along the West side of Moshulu Parl on 202 Street.,40.8706,-73.8811,,,Plantae,Magnoliophyta,,Sapindales,Sapindaceae,Acer,platanoides,,Acer platanoides L.,,,http://sweetgum.nybg.org/science/vh/specimen_details.php?irn=2704923,http://sweetgum.nybg.org/images3/1743/421/02487618.jpg,Non-native,N,LE,,0,,,,,,
1e395bad-46ff-43ba-af02-1251f711b511,NY,PreservedSpecimen,2487619,T. J. Delendick,76.854,1976,6,2,North America,United States of America,New York,Bronx Co.,,40.85,-73.8662,GEOLocate Web Application,3036,Plantae,Magnoliophyta,,Sapindales,Sapindaceae,Acer,platanoides,,Acer platanoides L.,,,http://sweetgum.nybg.org/science/vh/specimen_details.php?irn=2704924,http://sweetgum.nybg.org/images3/1743/422/02487619.jpg,Non-native,N,LE,,0,,,,,,
778227ce-581a-4033-b2d9-aa27c30cb153,NY,PreservedSpecimen,2487620,T. J. Delendick,76.854,1976,6,2,North America,United States of America,New York,Bronx Co.,,40.85,-73.8662,GEOLocate Web Application,3036,Plantae,Magnoliophyta,,Sapindales,Sapindaceae,Acer,platanoides,,Acer platanoides L.,,,http://sweetgum.nybg.org/science/vh/specimen_details.php?irn=2704925,http://sweetgum.nybg.org/images3/1743/423/02487620.jpg,Non-native,N,LE,,0,,,,,,
eb9fcfb9-ec2b-4887-b13a-7dfc64b8c5f2,NY,PreservedSpecimen,2487621,T. J. Delendick,76.854,1976,6,2,North America,United States of America,New York,Bronx Co.,,40.85,-73.8662,GEOLocate Web Application,3036,Plantae,Magnoliophyta,,Sapindales,Sapindaceae,Acer,platanoides,,Acer platanoides L.,,,http://sweetgum.nybg.org/science/vh/specimen_details.php?irn=2704926,http://sweetgum.nybg.org/images3/1743/424/02487621.jpg,Non-native,N,LE,,0,,,,,,
67e882ca-193c-4511-91df-df2b20d72967,NY,PreservedSpecimen,2487622,T. J. Delendick,76.854,1976,6,2,North America,United States of America,New York,Bronx Co.,,40.85,-73.8662,GEOLocate Web Application,3036,Plantae,Magnoliophyta,,Sapindales,Sapindaceae,Acer,platanoides,,Acer platanoides L.,,,http://sweetgum.nybg.org/science/vh/specimen_details.php?irn=2704927,http://sweetgum.nybg.org/images3/1743/425/02487622.jpg,Non-native,N,LE,,0,,,,,,
b88c54a8-dca1-4e7c-a5d9-c118d87aa9d0,NY,PreservedSpecimen,2487623,T. J. Delendick,76.854,1976,6,2,North America,United States of America,New York,Bronx Co.,,40.85,-73.8662,GEOLocate Web Application,3036,Plantae,Magnoliophyta,,Sapindales,Sapindaceae,Acer,platanoides,,Acer platanoides L.,,,http://sweetgum.nybg.org/science/vh/specimen_details.php?irn=2704928,http://sweetgum.nybg.org/images3/1743/426/02487623.jpg,Non-native,N,LE,,0,,,,,,
6e9a9e8f-74fe-45b9-a5d2-9bfc2dd13498,NY,PreservedSpecimen,2487624,T. J. Delendick,76.845,1976,6,2,North America,United States of America,New York,Bronx Co.,,40.85,-73.8662,GEOLocate Web Application,3036,Plantae,Magnoliophyta,,Sapindales,Sapindaceae,Acer,platanoides,,Acer platanoides L.,,,http://sweetgum.nybg.org/science/vh/specimen_details.php?irn=2704929,http://sweetgum.nybg.org/images3/1743/427/02487624.jpg,Non-native,N,LE,,0,,,,,,
76372032-01b3-464b-ab5e-1f6bfc913193,NY,PreservedSpecimen,2487625,T. J. Delendick,76.854,1976,6,2,North America,United States of America,New York,Bronx Co.,,40.85,-73.8662,GEOLocate Web Application,3036,Plantae,Magnoliophyta,,Sapindales,Sapindaceae,Acer,platanoides,,Acer platanoides L.,,,http://sweetgum.nybg.org/science/vh/specimen_details.php?irn=2704930,http://sweetgum.nybg.org/images3/1743/428/02487625.jpg,Non-native,N,LE,,0,,,,,,
9a749969-af9e-42e2-aaca-b0ac0ac2bc9c,NY,PreservedSpecimen,2487626,T. J. Delendick,1282 &1283,1976,4,23,North America,United States of America,New York,Bronx Co.,,40.85,-73.8662,GEOLocate Web Application,3036,Plantae,Magnoliophyta,,Sapindales,Sapindaceae,Acer,platanoides,,Acer platanoides L.,,,http://sweetgum.nybg.org/science/vh/specimen_details.php?irn=2704931,http://sweetgum.nybg.org/images3/1743/429/02487626.jpg,Non-native,N,LE,,0,,,,,,
297f83ab-1919-4859-aeb1-8725cbd3cb30,NY,PreservedSpecimen,2487627,J. Hartling,33099,,,,North America,United States of America,New York,Bronx Co.,"Arboretum, New York Botanical Garden",,,"Georeferencing Quick Reference Guide, Version 2012",,Plantae,Magnoliophyta,,Sapindales,Sapindaceae,Acer,platanoides,,Acer platanoides L.,,,http://sweetgum.nybg.org/science/vh/specimen_details.php?irn=2704932,http://sweetgum.nybg.org/images3/1743/430/02487627.jpg,Non-native,N,LE,,0,,,,,,
772374d7-e9fa-421d-b1a0-480281278459,NY,PreservedSpecimen,2487628,J. Hartling,42265,,,,North America,United States of America,New York,Bronx Co.,"Arboretum, New York Botanical Garden",,,"Georeferencing Quick Reference Guide, Version 2012",,Plantae,Magnoliophyta,,Sapindales,Sapindaceae,Acer,platanoides,,Acer platanoides L.,,,http://sweetgum.nybg.org/science/vh/specimen_details.php?irn=2704933,http://sweetgum.nybg.org/images3/1743/431/02487628.jpg,Non-native,N,LE,,0,,,,,,
2bc7b7b7-9248-47ef-8415-e4d8586862f9,NY,PreservedSpecimen,2487630,J. Hartling,33073,,,,North America,United States of America,New York,Bronx Co.,New York Botanical Garden Arboretum,,,"Georeferencing Quick Reference Guide, Version 2012",,Plantae,Magnoliophyta,,Sapindales,Sapindaceae,Acer,platanoides,,Acer platanoides L.,,,http://sweetgum.nybg.org/science/vh/specimen_details.php?irn=2704935,http://sweetgum.nybg.org/images3/1743/433/02487630.jpg,Non-native,N,LE,,0,,,,,,
cf5ef602-1c2d-4702-8562-36323d5d7945,NY,PreservedSpecimen,2487631,T. J. Delendick,"761,517",1976,10,16,North America,United States of America,New York,Bronx Co.,,40.85,-73.8662,GEOLocate Web Application,3036,Plantae,Magnoliophyta,,Sapindales,Sapindaceae,Acer,platanoides,,Acer platanoides L.,,,http://sweetgum.nybg.org/science/vh/specimen_details.php?irn=2704936,http://sweetgum.nybg.org/images3/1743/434/02487631.jpg,Non-native,N,LE,,0,,,,,,
868beb3a-f6b0-4953-8e3b-bedbca632f7a,NY,PreservedSpecimen,2487632,T. J. Delendick,"76,354",1976,4,28,North America,United States of America,New York,Bronx Co.,Mosholu Pkwy,40.85,-73.8662,GEOLocate Web Application,3036,Plantae,Magnoliophyta,,Sapindales,Sapindaceae,Acer,platanoides,,Acer platanoides L.,,,http://sweetgum.nybg.org/science/vh/specimen_details.php?irn=2704937,http://sweetgum.nybg.org/images3/1743/435/02487632.jpg,Non-native,N,LE,,0,,,,,,
a8fb983f-6ff4-4105-92e0-c9fc0571f25c,NY,PreservedSpecimen,2487633,T. J. Delendick,76.854,1976,6,2,North America,United States of America,New York,Bronx Co.,,40.85,-73.8662,GEOLocate Web Application,3036,Plantae,Magnoliophyta,,Sapindales,Sapindaceae,Acer,platanoides,,Acer platanoides L.,,,http://sweetgum.nybg.org/science/vh/specimen_details.php?irn=2704938,http://sweetgum.nybg.org/images3/1743/436/02487633.jpg,Non-native,N,LE,,0,,,,,,
07195f46-9575-4be1-947e-83892ca606be,NY,PreservedSpecimen,2487642,T. J. Delendick,76.995,1976,6,19,North America,United States of America,New York,Bronx Co.,Parkside Place,40.85,-73.8662,GEOLocate Web Application,3036,Plantae,Magnoliophyta,,Sapindales,Sapindaceae,Acer,platanoides,,Acer platanoides L.,,,http://sweetgum.nybg.org/science/vh/specimen_details.php?irn=2704947,http://sweetgum.nybg.org/images3/1743/445/02487642.jpg,Non-native,N,LE,,0,,,,,,
832d7526-d171-4fec-8c53-2a87f61af37e,NY,PreservedSpecimen,2487644,T. J. Delendick,1312,1976,4,8,North America,United States of America,New York,Bronx Co.,,40.85,-73.8662,GEOLocate Web Application,3036,Plantae,Magnoliophyta,,Sapindales,Sapindaceae,Acer,platanoides,,Acer platanoides L.,,,http://sweetgum.nybg.org/science/vh/specimen_details.php?irn=2704949,http://sweetgum.nybg.org/images3/1743/447/02487644.jpg,Non-native,N,LE,,0,,,,,,
cc775a6a-32c1-475f-9b83-30d45130a5ab,NY,PreservedSpecimen,2487645,T. J. Delendick,1309,1976,2,27,North America,United States of America,New York,Bronx Co.,raised at N.Y.B.G. Research Greenhouse,,,"Georeferencing Quick Reference Guide, Version 2012",,Plantae,Magnoliophyta,,Sapindales,Sapindaceae,Acer,platanoides,,Acer platanoides L.,,,http://sweetgum.nybg.org/science/vh/specimen_details.php?irn=2704950,http://sweetgum.nybg.org/images3/1743/448/02487645.jpg,Non-native,N,LE,,0,,,,,,
ab6b0050-d650-4429-9030-026a0931f485,NY,PreservedSpecimen,2487646,T. J. Delendick,1310 & 1311,1976,3,17,North America,United States of America,New York,Bronx Co.,raised in the N.Y.B.G. Research Greenhouse,,,"Georeferencing Quick Reference Guide, Version 2012",,Plantae,Magnoliophyta,,Sapindales,Sapindaceae,Acer,platanoides,,Acer platanoides L.,,,http://sweetgum.nybg.org/science/vh/specimen_details.php?irn=2704951,http://sweetgum.nybg.org/images3/1743/449/02487646.jpg,Non-native,N,LE,,0,,,,,,
d77ca17e-7ffa-4fe7-a2cd-2176df976bf5,NY,PreservedSpecimen,2487647,T. J. Delendick,"76,269",1976,4,18,North America,United States of America,New York,Queens Co.,,40.6161,-73.8237,GEOLocate Web Application,22050,Plantae,Magnoliophyta,,Sapindales,Sapindaceae,Acer,platanoides,,Acer platanoides L.,,,http://sweetgum.nybg.org/science/vh/specimen_details.php?irn=2704952,http://sweetgum.nybg.org/images3/1743/450/02487647.jpg,Non-native,N,LE,,0,,,,,,
7dd8e341-b962-406c-9558-ce0cadca6c1a,NY,PreservedSpecimen,2487648,T. J. Delendick,76.854,1976,6,1,North America,United States of America,New York,Bronx Co.,near Botanical Garden Station of Conrail,,,,,Plantae,Magnoliophyta,,Sapindales,Sapindaceae,Acer,platanoides,,Acer platanoides L.,,,http://sweetgum.nybg.org/science/vh/specimen_details.php?irn=2704953,http://sweetgum.nybg.org/images3/1743/451/02487648.jpg,Non-native,N,LE,,0,,,,,,
41249b0b-0380-400f-8543-5125fb3e316f,NY,PreservedSpecimen,2487649,T. J. Delendick,76.835,1976,5,31,North America,United States of America,New York,Bronx Co.,Corner of Mosholu Pkway. and Southern Blvd.,40.85,-73.8662,GEOLocate Web Application,3036,Plantae,Magnoliophyta,,Sapindales,Sapindaceae,Acer,platanoides,,Acer platanoides L.,,,http://sweetgum.nybg.org/science/vh/specimen_details.php?irn=2704954,http://sweetgum.nybg.org/images3/1743/452/02487649.jpg,Non-native,N,LE,,0,,,,,,
6294f6f5-d6a1-434c-b3b1-627e55c5fa35,NY,PreservedSpecimen,2487651,T. J. Delendick,76.835,1976,5,31,North America,United States of America,New York,Bronx Co.,,40.85,-73.8662,GEOLocate Web Application,3036,Plantae,Magnoliophyta,,Sapindales,Sapindaceae,Acer,platanoides,,Acer platanoides L.,,,http://sweetgum.nybg.org/science/vh/specimen_details.php?irn=2704956,http://sweetgum.nybg.org/images3/1743/454/02487651.jpg,Non-native,N,LE,,0,,,,,,
1cd429b9-2c8d-4b6a-95ea-055797dfd1b7,NY,PreservedSpecimen,2487592,J. Hartling,46135,,,,North America,United States of America,New York,Bronx Co.,New York Botanical Garden Arboretum,,,,,Plantae,Magnoliophyta,,Sapindales,Sapindaceae,Acer,platanoides,,Acer platanoides L.,,,http://sweetgum.nybg.org/science/vh/specimen_details.php?irn=2704897,http://sweetgum.nybg.org/images3/1813/682/02487592.jpg,Non-native,N,LE,,0,,,,,,
aa776123-cfb7-4b3f-bee1-359ac7e55ef8,NY,PreservedSpecimen,2487593,J. Hartling,33074,,,,North America,United States of America,New York,Bronx Co.,The New York Botanical Garden Arboretum,,,,,Plantae,Magnoliophyta,,Sapindales,Sapindaceae,Acer,platanoides,,Acer platanoides L.,,,http://sweetgum.nybg.org/science/vh/specimen_details.php?irn=2704898,http://sweetgum.nybg.org/images3/1813/683/02487593.jpg,Non-native,N,LE,,0,,,,,,
745686c6-1441-4162-b5a7-15b9222d5508,NY,PreservedSpecimen,2487596,T. J. Delendick,181 & 223,1975,6,16,North America,United States of America,New York,Bronx Co.,Near Botanical Garden Station of Penn Central Railroad,,,,,Plantae,Magnoliophyta,,Sapindales,Sapindaceae,Acer,platanoides,,Acer platanoides L.,,,http://sweetgum.nybg.org/science/vh/specimen_details.php?irn=2704901,http://sweetgum.nybg.org/images3/1813/686/02487596.jpg,Non-native,N,LE,,0,,,,,,
5e76b161-bf36-47b7-8ebb-0ef60aaa705a,NY,PreservedSpecimen,2487600,J. Hartling,46135,,,,North America,United States of America,New York,Bronx Co.,The New York Botanical Garden Arboretum,,,,,Plantae,Magnoliophyta,,Sapindales,Sapindaceae,Acer,platanoides,,Acer platanoides L.,,,http://sweetgum.nybg.org/science/vh/specimen_details.php?irn=2704905,http://sweetgum.nybg.org/images3/1813/690/02487600.jpg,Non-native,N,LE,,0,,,,,,
16a9a131-69bd-4ed8-94a3-8174640abf68,NY,PreservedSpecimen,2487605,T. J. Delendick,"761,515",1976,10,16,North America,United States of America,New York,Bronx Co.,,40.85,-73.8662,GEOLocate Web Application,3036,Plantae,Magnoliophyta,,Sapindales,Sapindaceae,Acer,platanoides,,Acer platanoides L.,,,http://sweetgum.nybg.org/science/vh/specimen_details.php?irn=2704910,http://sweetgum.nybg.org/images3/1813/695/02487605.jpg,Non-native,N,LE,,0,,,,,,
11a39691-016f-48ec-badc-a0ef44488395,NY,PreservedSpecimen,1088485,D. E. Atha,7385,2009,5,29,North America,United States of America,New York,Bronx Co.,"City of New York. The New York Botanical Garden, W of the Bronx River and N of Waring Ave",40.866,-73.8754,,,Plantae,Magnoliophyta,,Sapindales,Sapindaceae,Acer,platanoides,,Acer platanoides L.,D. E. Atha,2009,http://sweetgum.nybg.org/science/vh/specimen_details.php?irn=1246602,http://sweetgum.nybg.org/images3/4255/776/01088485.jpg,Non-native,N,LE,,0,,,,,,
07870d86-5688-40de-8cbb-400ed7d0bb5e,NY,PreservedSpecimen,2377711,M. H. Nee,43606,1993,7,12,North America,United States of America,New York,Bronx Co.,"New York Botanical Garden, near Rose Garden",40.85,-73.88,,,Plantae,Magnoliophyta,,Sapindales,Sapindaceae,Acer,platanoides,,Acer platanoides L.,M. H. Nee,1993,http://sweetgum.nybg.org/science/vh/specimen_details.php?irn=96524,http://sweetgum.nybg.org/images3/4255/901/02377711.jpg,Non-native,N,LE,,0,,,,,,
c78ff1f4-d9b6-4f46-b4ee-863d708f7834,NY,PreservedSpecimen,1137213,M. H. Nee,54272,2006,4,20,North America,United States of America,New York,Bronx Co.,The New York Botanical Garden,40.8661,-73.8753,,,Plantae,Magnoliophyta,,Sapindales,Sapindaceae,Acer,platanoides,,Acer platanoides L.,D. E. Atha,2015,http://sweetgum.nybg.org/science/vh/specimen_details.php?irn=2615759,http://sweetgum.nybg.org/images3/4257/305/01137213.jpg,Non-native,N,LE,,0,,,,,,
20e7ae40-1415-4f5f-b123-9e04b4c3537d,NY,PreservedSpecimen,2487599,G. V. Nash,1944,,,,North America,United States of America,New York,Bronx Co.,The New York Botanical Garden Nursery,,,,,Plantae,Magnoliophyta,,Sapindales,Sapindaceae,Acer,platanoides,,Acer platanoides L.,,,http://sweetgum.nybg.org/science/vh/specimen_details.php?irn=2704904,,Non-native,N,LE,,0,,,,,,
6955675d-f984-437f-814e-45f02ffadde7,NY,PreservedSpecimen,2487656,T. J. Delendick,138,,,,North America,United States of America,New York,Queens Co.,Kissena Park,40.7654,-73.8174,GEOLocate Web Application,3036,Plantae,Magnoliophyta,,Sapindales,Sapindaceae,Acer,platanoides,cucullatum,Acer platanoides var. cucullatum G.Nicholson,,,http://sweetgum.nybg.org/science/vh/specimen_details.php?irn=2704992,http://sweetgum.nybg.org/images3/1813/701/02487656.jpg,Non-native,N,LE,,0,,,,,,
34b9ec4b-1803-4f4e-a6ed-62aea7303366,NY,PreservedSpecimen,2487657,H. N. Moldenke,4589,1929,6,14,North America,United States of America,New York,Bronx Co.,"The New York Botanical Garden, Bronx Park",40.8623,-73.877,GEOLocate Web Application,751,Plantae,Magnoliophyta,,Sapindales,Sapindaceae,Acer,platanoides,cucullatum,Acer platanoides var. cucullatum G.Nicholson,,,http://sweetgum.nybg.org/science/vh/specimen_details.php?irn=2704993,http://sweetgum.nybg.org/images3/1813/702/02487657.jpg,Non-native,N,LE,,0,,,,,,
6e0907da-738c-4bd1-8859-a24f3280a90b,NY,PreservedSpecimen,2487670,T. J. Delendick,76.839,1976,5,31,North America,United States of America,New York,Bronx Co.,,40.85,-73.8662,GEOLocate Web Application,3036,Plantae,Magnoliophyta,,Sapindales,Sapindaceae,Acer,platanoides,schwedleri,Acer platanoides var. schwedleri Nichols,,,http://sweetgum.nybg.org/science/vh/specimen_details.php?irn=2705032,http://sweetgum.nybg.org/images3/1813/715/02487670.jpg,Non-native,N,LE,,0,,,,,,
5dc55e90-f60a-4458-acf0-384cc721355c,NY,PreservedSpecimen,2487671,T. J. Delendick,76.84,1976,5,31,North America,United States of America,New York,Bronx Co.,Mosholu Pkwy,40.85,-73.8662,GEOLocate Web Application,3036,Plantae,Magnoliophyta,,Sapindales,Sapindaceae,Acer,platanoides,schwedleri,Acer platanoides var. schwedleri Nichols,,,http://sweetgum.nybg.org/science/vh/specimen_details.php?irn=2705033,http://sweetgum.nybg.org/images3/1813/716/02487671.jpg,Non-native,N,LE,,0,,,,,,
2d9bf18a-b697-46f8-9954-a3d4406302a1,NY,PreservedSpecimen,2487672,T. J. Delendick,1104,1975,11,10,North America,United States of America,New York,Bronx Co.,Along Mosholu Pkwy.,40.85,-73.8662,GEOLocate Web Application,3036,Plantae,Magnoliophyta,,Sapindales,Sapindaceae,Acer,platanoides,schwedleri,Acer platanoides var. schwedleri Nichols,,,http://sweetgum.nybg.org/science/vh/specimen_details.php?irn=2705034,http://sweetgum.nybg.org/images3/1813/717/02487672.jpg,Non-native,N,LE,,0,,,,,,
272448e6-a3fd-4e95-9747-5736d1ff4ed8,NY,PreservedSpecimen,2487676,T. J. Delendick,76.848,1976,5,31,North America,United States of America,New York,Bronx Co.,The New York Botanical Garden,40.8623,-73.877,"Georeferencing Quick Reference Guide, Version 2012",751,Plantae,Magnoliophyta,,Sapindales,Sapindaceae,Acer,platanoides,schwedleri,Acer platanoides var. schwedleri Nichols,,,http://sweetgum.nybg.org/science/vh/specimen_details.php?irn=2705038,http://sweetgum.nybg.org/images3/1813/721/02487676.jpg,Non-native,N,LE,,0,,,,,,
678f6d9a-b677-4ec8-b121-5dd9b74c8db4,NY,PreservedSpecimen,2487678,T. J. Delendick,137,1969,8,8,North America,United States of America,New York,Kings Co.,Brooklyn Botanic Garden,40.6687,-73.9639,GEOLocate Web Application,641,Plantae,Magnoliophyta,,Sapindales,Sapindaceae,Acer,platanoides,schwedleri,Acer platanoides var. schwedleri Nichols,,,http://sweetgum.nybg.org/science/vh/specimen_details.php?irn=2705040,http://sweetgum.nybg.org/images3/1813/723/02487678.jpg,Non-native,N,LE,,0,,,,,,
811a5699-e642-4d9d-83c0-1f487c7fa637,NY,PreservedSpecimen,2851448,J. Hartling,37447b,1916,8,24,North America,United States of America,New York,Bronx Co.,"New York Botanical Garden, Arboretum",,,"Georeferencing Quick Reference Guide, Version 2012",,Plantae,Magnoliophyta,,Rosales,Rosaceae,Prunus,serrulata,,Prunus serrulata Lindl.,,,http://sweetgum.nybg.org/science/vh/specimen_details.php?irn=3158970,http://sweetgum.nybg.org/images3/2388/294/02851448.jpg,Non-native,N,LE,,0,,,,,,
18887e86-c3ae-449c-b2a4-96916438cd81,NY,PreservedSpecimen,2851449,J. Hartling,37447,1916,8,24,North America,United States of America,New York,Bronx Co.,"New York Botanical Garden, Arboretum",,,"Georeferencing Quick Reference Guide, Version 2012",,Plantae,Magnoliophyta,,Rosales,Rosaceae,Prunus,serrulata,,Prunus serrulata Lindl.,,,http://sweetgum.nybg.org/science/vh/specimen_details.php?irn=3158972,http://sweetgum.nybg.org/images3/2388/295/02851449.jpg,Non-native,N,LE,,0,,,,,,
d81619b3-5401-45dd-a18b-d4889b6ec2c3,NY,PreservedSpecimen,2851451,J. Hartling,37448,1916,8,24,North America,United States of America,New York,Bronx Co.,"New York Botanical Garden, Arboretum",,,"Georeferencing Quick Reference Guide, Version 2012",,Plantae,Magnoliophyta,,Rosales,Rosaceae,Prunus,serrulata,,Prunus serrulata Lindl.,,,http://sweetgum.nybg.org/science/vh/specimen_details.php?irn=3158976,http://sweetgum.nybg.org/images3/2388/297/02851451.jpg,Non-native,N,LE,,0,,,,,,
68d96678-2abe-482d-98ad-9f0e7cf910f2,NY,PreservedSpecimen,2851452,J. Hartling,37452,1916,8,24,North America,United States of America,New York,Bronx Co.,"New York Botanical Garden, Arboretum",,,"Georeferencing Quick Reference Guide, Version 2012",,Plantae,Magnoliophyta,,Rosales,Rosaceae,Prunus,serrulata,,Prunus serrulata Lindl.,,,http://sweetgum.nybg.org/science/vh/specimen_details.php?irn=3158978,http://sweetgum.nybg.org/images3/2388/298/02851452.jpg,Non-native,N,LE,,0,,,,,,
0e94d7e1-248c-4330-b434-66dc6789b6fa,NY,PreservedSpecimen,2851453,H. E. Ahles,767/41,1944,5,11,North America,United States of America,New York,Bronx Co.,"New York Botanical Garden, Arboretum",,,"Georeferencing Quick Reference Guide, Version 2012",,Plantae,Magnoliophyta,,Rosales,Rosaceae,Prunus,serrulata,,Prunus serrulata Lindl.,,,http://sweetgum.nybg.org/science/vh/specimen_details.php?irn=3158980,http://sweetgum.nybg.org/images3/2388/299/02851453.jpg,Non-native,N,LE,,0,,,,,,
e507c7fa-8cb8-4858-899e-a370f68e3d80,NY,PreservedSpecimen,2851454,J. Hartling,33714,1916,8,23,North America,United States of America,New York,Bronx Co.,"New York Botanical Garden, Arboretum",,,"Georeferencing Quick Reference Guide, Version 2012",,Plantae,Magnoliophyta,,Rosales,Rosaceae,Prunus,serrulata,,Prunus serrulata Lindl.,,,http://sweetgum.nybg.org/science/vh/specimen_details.php?irn=3158982,http://sweetgum.nybg.org/images3/2388/300/02851454.jpg,Non-native,N,LE,,0,,,,,,
02395320-257b-4a9f-a907-48a21ce0c673,NY,PreservedSpecimen,2851455,J. Hartling,33709,1916,8,23,North America,United States of America,New York,Bronx Co.,"New York Botanical Garden, Arboretum",,,"Georeferencing Quick Reference Guide, Version 2012",,Plantae,Magnoliophyta,,Rosales,Rosaceae,Prunus,serrulata,,Prunus serrulata Lindl.,,,http://sweetgum.nybg.org/science/vh/specimen_details.php?irn=3158984,http://sweetgum.nybg.org/images3/2388/301/02851455.jpg,Non-native,N,LE,,0,,,,,,
51d0f604-f142-424d-bf2d-9fe66aff161f,NY,PreservedSpecimen,2851456,J. W. Tansey,71891,1937,5,7,North America,United States of America,New York,Bronx Co.,"New York Botanical Garden, Fruticetum",,,"Georeferencing Quick Reference Guide, Version 2012",,Plantae,Magnoliophyta,,Rosales,Rosaceae,Prunus,serrulata,,Prunus serrulata Lindl.,,,http://sweetgum.nybg.org/science/vh/specimen_details.php?irn=3158986,http://sweetgum.nybg.org/images3/2388/302/02851456.jpg,Non-native,N,LE,,0,,,,,,
2a4d9217-03bf-4f6b-8789-35be10dc82c5,NY,PreservedSpecimen,2851458,J. Hartling,33707,1920,,,North America,United States of America,New York,Bronx Co.,"New York Botanical Garden, Arboretum",,,"Georeferencing Quick Reference Guide, Version 2012",,Plantae,Magnoliophyta,,Rosales,Rosaceae,Prunus,serrulata,,Prunus serrulata Lindl.,,,http://sweetgum.nybg.org/science/vh/specimen_details.php?irn=3158991,http://sweetgum.nybg.org/images3/2388/304/02851458.jpg,Non-native,N,LE,,0,,,,,,
7f8d8f33-6759-4c80-b1e9-58c33af91aff,NY,PreservedSpecimen,2851459,K. R. Boynton,33707,1917,5,24,North America,United States of America,New York,Bronx Co.,"New York Botanical Garden, Arboretum",,,"Georeferencing Quick Reference Guide, Version 2012",,Plantae,Magnoliophyta,,Rosales,Rosaceae,Prunus,serrulata,,Prunus serrulata Lindl.,,,http://sweetgum.nybg.org/science/vh/specimen_details.php?irn=3158993,http://sweetgum.nybg.org/images3/2388/305/02851459.jpg,Non-native,N,LE,,0,,,,,,
a265aaaa-cae6-44d4-b879-7210caed9d1e,NY,PreservedSpecimen,2851462,R. C. Schneider,2598,1906,4,25,North America,United States of America,New York,Bronx Co.,"New York Botanical Garden, Arboretum",,,"Georeferencing Quick Reference Guide, Version 2012",,Plantae,Magnoliophyta,,Rosales,Rosaceae,Prunus,serrulata,,Prunus serrulata Lindl.,,,http://sweetgum.nybg.org/science/vh/specimen_details.php?irn=3158999,http://sweetgum.nybg.org/images3/2388/308/02851462.jpg,Non-native,N,LE,,0,,,,,,
c7208428-9b64-4c10-bf00-0c13738f0329,NY,PreservedSpecimen,2851464,J. Hartling,37446,1917,5,19,North America,United States of America,New York,Bronx Co.,"New York Botanical Garden, Arboretum",,,"Georeferencing Quick Reference Guide, Version 2012",,Plantae,Magnoliophyta,,Rosales,Rosaceae,Prunus,serrulata,,Prunus serrulata Lindl.,,,http://sweetgum.nybg.org/science/vh/specimen_details.php?irn=3159003,http://sweetgum.nybg.org/images3/2388/310/02851464.jpg,Non-native,N,LE,,0,,,,,,
8613d1a3-0fe4-45bd-a097-a76c2319228c,NY,PreservedSpecimen,2851465,J. Hartling,33708,1915,4,28,North America,United States of America,New York,Bronx Co.,"New York Botanical Garden, Arboretum",,,"Georeferencing Quick Reference Guide, Version 2012",,Plantae,Magnoliophyta,,Rosales,Rosaceae,Prunus,serrulata,,Prunus serrulata Lindl.,,,http://sweetgum.nybg.org/science/vh/specimen_details.php?irn=3159004,http://sweetgum.nybg.org/images3/2388/311/02851465.jpg,Non-native,N,LE,,0,,,,,,
3459d0b1-b6dd-412a-9707-33b60edcc905,NY,PreservedSpecimen,2851466,J. Hartling,45846,1920,,,North America,United States of America,New York,Bronx Co.,"New York Botanical Garden, Arboretum",,,"Georeferencing Quick Reference Guide, Version 2012",,Plantae,Magnoliophyta,,Rosales,Rosaceae,Prunus,serrulata,,Prunus serrulata Lindl.,,,http://sweetgum.nybg.org/science/vh/specimen_details.php?irn=3159005,http://sweetgum.nybg.org/images3/2388/312/02851466.jpg,Non-native,N,LE,,0,,,,,,
0b18f900-2622-4ea3-bfce-a9c693132e47,NY,PreservedSpecimen,2851467,H. E. Ahles,47/40,1944,5,11,North America,United States of America,New York,Bronx Co.,"New York Botanical Garden, Arboretum",,,"Georeferencing Quick Reference Guide, Version 2012",,Plantae,Magnoliophyta,,Rosales,Rosaceae,Prunus,serrulata,,Prunus serrulata Lindl.,,,http://sweetgum.nybg.org/science/vh/specimen_details.php?irn=3159006,http://sweetgum.nybg.org/images3/2388/313/02851467.jpg,Non-native,N,LE,,0,,,,,,
fdc84343-e7d0-4c20-aa7b-6f3f4e517eba,NY,PreservedSpecimen,2851468,J. Hartling,37451,1916,8,21,North America,United States of America,New York,Bronx Co.,"New York Botanical Garden, Arboretum",,,"Georeferencing Quick Reference Guide, Version 2012",,Plantae,Magnoliophyta,,Rosales,Rosaceae,Prunus,serrulata,,Prunus serrulata Lindl.,,,http://sweetgum.nybg.org/science/vh/specimen_details.php?irn=3159007,http://sweetgum.nybg.org/images3/2388/314/02851468.jpg,Non-native,N,LE,,0,,,,,,
35e2dc21-d1b3-4547-ac21-b9b708ad479c,NY,PreservedSpecimen,2851427,J. Hartling,45841,1920,,,North America,United States of America,New York,Bronx Co.,"New York Botanical Garden, Arboretum",,,"Georeferencing Quick Reference Guide, Version 2012",,Plantae,Magnoliophyta,,Rosales,Rosaceae,Prunus,serrulata,,Prunus serrulata Lindl.,,,http://sweetgum.nybg.org/science/vh/specimen_details.php?irn=3158934,http://sweetgum.nybg.org/images3/2394/054/02851427.jpg,Non-native,N,LE,,0,,,,,,
c254f891-740e-405b-81a9-e0a1bf6f92eb,NY,PreservedSpecimen,2851428,J. Hartling,37446,,,,North America,United States of America,New York,Bronx Co.,"New York Botanical Garden, Arboretum",,,"Georeferencing Quick Reference Guide, Version 2012",,Plantae,Magnoliophyta,,Rosales,Rosaceae,Prunus,serrulata,,Prunus serrulata Lindl.,,,http://sweetgum.nybg.org/science/vh/specimen_details.php?irn=3158944,http://sweetgum.nybg.org/images3/2394/055/02851428.jpg,Non-native,N,LE,,0,,,,,,
dafa7669-f164-4b52-a2fa-9ebf0da89eb1,NY,PreservedSpecimen,2851429,H. E. Ahles,47/40,1944,5,11,North America,United States of America,New York,Bronx Co.,"New York Botanical Garden, Arboretum",,,"Georeferencing Quick Reference Guide, Version 2012",,Plantae,Magnoliophyta,,Rosales,Rosaceae,Prunus,serrulata,,Prunus serrulata Lindl.,,,http://sweetgum.nybg.org/science/vh/specimen_details.php?irn=3158945,http://sweetgum.nybg.org/images3/2394/056/02851429.jpg,Non-native,N,LE,,0,,,,,,
ddb2bf01-4e83-4915-9ae8-db0dcb049ec7,NY,PreservedSpecimen,2851430,J. Hartling,37451,1919,10,10,North America,United States of America,New York,Bronx Co.,"New York Botanical Garden, Arboretum",,,"Georeferencing Quick Reference Guide, Version 2012",,Plantae,Magnoliophyta,,Rosales,Rosaceae,Prunus,serrulata,,Prunus serrulata Lindl.,,,http://sweetgum.nybg.org/science/vh/specimen_details.php?irn=3158946,http://sweetgum.nybg.org/images3/2394/057/02851430.jpg,Non-native,N,LE,,0,,,,,,
ff373e68-9b55-4604-9c24-496912a406cd,NY,PreservedSpecimen,2851435,J. Hartling,45839,1922,,,North America,United States of America,New York,Bronx Co.,"New York Botanical Garden, Arboretum",,,"Georeferencing Quick Reference Guide, Version 2012",,Plantae,Magnoliophyta,,Rosales,Rosaceae,Prunus,serrulata,,Prunus serrulata Lindl.,,,http://sweetgum.nybg.org/science/vh/specimen_details.php?irn=3158951,http://sweetgum.nybg.org/images3/2394/062/02851435.jpg,Non-native,N,LE,,0,,,,,,
c97a87a9-7ea1-4b2d-8428-e4881aa3147e,NY,PreservedSpecimen,2851436,J. Hartling,45844,1917,11,5,North America,United States of America,New York,Bronx Co.,"New York Botanical Garden, Arboretum",,,"Georeferencing Quick Reference Guide, Version 2012",,Plantae,Magnoliophyta,,Rosales,Rosaceae,Prunus,serrulata,,Prunus serrulata Lindl.,,,http://sweetgum.nybg.org/science/vh/specimen_details.php?irn=3158952,http://sweetgum.nybg.org/images3/2394/063/02851436.jpg,Non-native,N,LE,,0,,,,,,
6b6f1a63-5c6e-4b8a-920c-5e19d23bf1b6,NY,PreservedSpecimen,2851437,R. Pinkus,57939,1938,4,23,North America,United States of America,New York,Bronx Co.,New York Botanical Garden,40.8623,-73.877,GEOLocate Web Application,751,Plantae,Magnoliophyta,,Rosales,Rosaceae,Prunus,serrulata,,Prunus serrulata Lindl.,,,http://sweetgum.nybg.org/science/vh/specimen_details.php?irn=3158953,http://sweetgum.nybg.org/images3/2394/064/02851437.jpg,Non-native,N,LE,,0,,,,,,
76c43965-0fe6-4b3d-83be-bbd9b440a20b,NY,PreservedSpecimen,2851438,J. Hartling,37447a,1916,8,24,North America,United States of America,New York,Bronx Co.,"New York Botanical Garden, Arboretum",,,"Georeferencing Quick Reference Guide, Version 2012",,Plantae,Magnoliophyta,,Rosales,Rosaceae,Prunus,serrulata,,Prunus serrulata Lindl.,,,http://sweetgum.nybg.org/science/vh/specimen_details.php?irn=3158954,http://sweetgum.nybg.org/images3/2394/065/02851438.jpg,Non-native,N,LE,,0,,,,,,
62d0d79f-9a5a-4957-b8be-e5384c827281,NY,PreservedSpecimen,2851439,H. E. Ahles,67848,1945,4,10,North America,United States of America,New York,Bronx Co.,"New York Botanical Garden, Collection",,,"Georeferencing Quick Reference Guide, Version 2012",,Plantae,Magnoliophyta,,Rosales,Rosaceae,Prunus,serrulata,,Prunus serrulata Lindl.,,,http://sweetgum.nybg.org/science/vh/specimen_details.php?irn=3158955,http://sweetgum.nybg.org/images3/2394/066/02851439.jpg,Non-native,N,LE,,0,,,,,,
680c6cc5-036b-4c80-b3f9-6d813dc4e412,NY,PreservedSpecimen,2851440,J. Hartling,33709,1915,4,24,North America,United States of America,New York,Bronx Co.,"New York Botanical Garden, Arboretum",,,"Georeferencing Quick Reference Guide, Version 2012",,Plantae,Magnoliophyta,,Rosales,Rosaceae,Prunus,serrulata,,Prunus serrulata Lindl.,,,http://sweetgum.nybg.org/science/vh/specimen_details.php?irn=3158956,http://sweetgum.nybg.org/images3/2394/067/02851440.jpg,Non-native,N,LE,,0,,,,,,
6f123215-5c3f-47ce-9c99-baed1fabf2b2,NY,PreservedSpecimen,2851442,J. Hartling,45845,,,,North America,United States of America,New York,Bronx Co.,New York Botanical Garden,40.8623,-73.877,GEOLocate Web Application,751,Plantae,Magnoliophyta,,Rosales,Rosaceae,Prunus,serrulata,,Prunus serrulata Lindl.,,,http://sweetgum.nybg.org/science/vh/specimen_details.php?irn=3158958,http://sweetgum.nybg.org/images3/2394/069/02851442.jpg,Non-native,N,LE,,0,,,,,,
80fdd72a-220e-4d84-831a-2668c992b4ee,NY,PreservedSpecimen,2851443,R. Nauss,46/40,1945,4,18,North America,United States of America,New York,Bronx Co.,"New York Botanical Garden, Collection",,,"Georeferencing Quick Reference Guide, Version 2012",,Plantae,Magnoliophyta,,Rosales,Rosaceae,Prunus,serrulata,,Prunus serrulata Lindl.,,,http://sweetgum.nybg.org/science/vh/specimen_details.php?irn=3158960,http://sweetgum.nybg.org/images3/2394/070/02851443.jpg,Non-native,N,LE,,0,,,,,,
0cd18bc1-18f4-49cc-99bf-943735925da3,NY,PreservedSpecimen,2851444,H. E. Ahles,s.n.,1944,5,10,North America,United States of America,New York,Bronx Co.,"New York Botanical Garden, Arboretum",,,"Georeferencing Quick Reference Guide, Version 2012",,Plantae,Magnoliophyta,,Rosales,Rosaceae,Prunus,serrulata,,Prunus serrulata Lindl.,,,http://sweetgum.nybg.org/science/vh/specimen_details.php?irn=3158962,http://sweetgum.nybg.org/images3/2394/071/02851444.jpg,Non-native,N,LE,,0,,,,,,
9b7edeb9-f1e0-401f-a104-1dcd094efefb,NY,PreservedSpecimen,2851445,W. W. Eggleston,2591,1905,5,18,North America,United States of America,New York,Bronx Co.,"New York Botanical Garden, Aboretum",,,"Georeferencing Quick Reference Guide, Version 2012",,Plantae,Magnoliophyta,,Rosales,Rosaceae,Prunus,serrulata,,Prunus serrulata Lindl.,,,http://sweetgum.nybg.org/science/vh/specimen_details.php?irn=3158964,http://sweetgum.nybg.org/images3/2394/072/02851445.jpg,Non-native,N,LE,,0,,,,,,
ab9d8db0-0e30-4371-8f4e-b660dd53502f,NY,PreservedSpecimen,2851447,J. Hartling,37450,1916,8,24,North America,United States of America,New York,Bronx Co.,"New York Botanical Garden, Arboretum",,,"Georeferencing Quick Reference Guide, Version 2012",,Plantae,Magnoliophyta,,Rosales,Rosaceae,Prunus,serrulata,,Prunus serrulata Lindl.,,,http://sweetgum.nybg.org/science/vh/specimen_details.php?irn=3158968,http://sweetgum.nybg.org/images3/2394/074/02851447.jpg,Non-native,N,LE,,0,,,,,,
e4d7dd4a-d3c8-4e01-983f-b921d0ba1f09,NY,PreservedSpecimen,2851446,G. V. Nash,2591,1904,8,16,North America,United States of America,New York,Bronx Co.,"New York Botanical Garden, Arboretum",,,"Georeferencing Quick Reference Guide, Version 2012",,Plantae,Magnoliophyta,,Rosales,Rosaceae,Prunus,serrulata,,Prunus serrulata Lindl.,,,http://sweetgum.nybg.org/science/vh/specimen_details.php?irn=3158966,,Non-native,N,LE,,0,,,,,,
749f01f5-e06a-45c4-b207-2fa9b5988797,NY,PreservedSpecimen,2851460,G. V. Nash,2598,1904,8,16,North America,United States of America,New York,Bronx Co.,"New York Botanical Garden, Arboretum",,,"Georeferencing Quick Reference Guide, Version 2012",,Plantae,Magnoliophyta,,Rosales,Rosaceae,Prunus,serrulata,,Prunus serrulata Lindl.,,,http://sweetgum.nybg.org/science/vh/specimen_details.php?irn=3158995,,Non-native,N,LE,,0,,,,,,
84ff4a44-16c1-4d77-9e6a-2069c16fc4d9,NY,PreservedSpecimen,2851461,G. V. Nash,2598,1915,4,20,North America,United States of America,New York,Bronx Co.,"New York Botanical Garden, Arboretum",,,"Georeferencing Quick Reference Guide, Version 2012",,Plantae,Magnoliophyta,,Rosales,Rosaceae,Prunus,serrulata,,Prunus serrulata Lindl.,,,http://sweetgum.nybg.org/science/vh/specimen_details.php?irn=3158997,,Non-native,N,LE,,0,,,,,,
bf3a77f3-93ca-4bde-8da1-2bd8c6660053,NY,PreservedSpecimen,2851450,G. V. Nash,4584,,,,North America,United States of America,New York,Bronx Co.,"New York Botanical Garden, Arboretum",,,"Georeferencing Quick Reference Guide, Version 2012",,Plantae,Magnoliophyta,,Rosales,Rosaceae,Prunus,serrulata,,Prunus serrulata Lindl.,,,http://sweetgum.nybg.org/science/vh/specimen_details.php?irn=3158974,,Non-native,N,LE,,0,,,,,,
8003fe77-fac4-41f1-a141-d0647330d3a8,NY,PreservedSpecimen,2851457,G. V. Nash,45852,,,,North America,United States of America,New York,Bronx Co.,"New York Botanical Garden, Arboretum",,,"Georeferencing Quick Reference Guide, Version 2012",,Plantae,Magnoliophyta,,Rosales,Rosaceae,Prunus,serrulata,,Prunus serrulata Lindl.,,,http://sweetgum.nybg.org/science/vh/specimen_details.php?irn=3158989,,Non-native,N,LE,,0,,,,,,
97c89db7-03c2-481f-9c57-24a07a11a84a,NY,PreservedSpecimen,1482606,J. Hartling,26056,1920,,,North America,United States of America,New York,Bronx Co.,"New York Botanical Garden, Arboretum",,,"Georeferencing Quick Reference Guide, Version 2012",,Plantae,Magnoliophyta,,Fagales,Fagaceae,Quercus,acutissima,,Quercus acutissima Carruth.,,,http://sweetgum.nybg.org/science/vh/specimen_details.php?irn=1719687,http://sweetgum.nybg.org/images3/526/231/01482606.jpg,Non-native,N,LE,,0,,,,,,
9c0fd1ce-6adf-4c91-b236-2a5e459b097b,NY,PreservedSpecimen,1482607,J. Hartling,17510,,,,North America,United States of America,New York,Bronx Co.,"New York Botanical Garden, Arboretum",,,"Georeferencing Quick Reference Guide, Version 2012",,Plantae,Magnoliophyta,,Fagales,Fagaceae,Quercus,acutissima,,Quercus acutissima Carruth.,,,http://sweetgum.nybg.org/science/vh/specimen_details.php?irn=1719688,http://sweetgum.nybg.org/images3/526/232/01482607.jpg,Non-native,N,LE,,0,,,,,,
d39df764-253c-406d-9504-8f928a0074bb,NY,PreservedSpecimen,1206801,D. E. Atha,8601,2010,7,26,North America,United States of America,New York,Bronx Co.,"City of New York. Grounds of The New York Botanical Garden, N of Waring Avenue and E of the Bronx River",40.8644,-73.8735,GPS,,Plantae,Magnoliophyta,,Fagales,Fagaceae,Quercus,acutissima,,Quercus acutissima Carruth.,D. E. Atha,2010,http://sweetgum.nybg.org/science/vh/specimen_details.php?irn=1460956,,Non-native,N,LE,,0,,,,,,
b143d01a-a7c0-4bf7-8d78-97c783c3109c,NY,PreservedSpecimen,1482605,G. V. Nash,17510,1903,9,,North America,United States of America,New York,Bronx Co.,"New York Botanical Garden, Arb.",,,"Georeferencing Quick Reference Guide, Version 2012",,Plantae,Magnoliophyta,,Fagales,Fagaceae,Quercus,acutissima,,Quercus acutissima Carruth.,,,http://sweetgum.nybg.org/science/vh/specimen_details.php?irn=1719686,,Non-native,N,LE,,0,,,,,,
ac7d5916-794f-41bf-bd20-34586cca0693,NY,PreservedSpecimen,1482604,G. V. Nash,4222,,,,North America,United States of America,New York,Bronx Co.,"New York Botanical Garden, Nursery",,,"Georeferencing Quick Reference Guide, Version 2012",,Plantae,Magnoliophyta,,Fagales,Fagaceae,Quercus,acutissima,,Quercus acutissima Carruth.,,,http://sweetgum.nybg.org/science/vh/specimen_details.php?irn=1719685,,Non-native,N,LE,,0,,,,,,
ee7d4fb6-f133-47af-b034-e34174e28546,NY,PreservedSpecimen,1483527,M. H. Nee,43872,1993,9,10,North America,United States of America,New York,Bronx Co.,on the grounds of the New York Botanical Garden,40.8623,-73.877,GEOLocate Web Application,751,Plantae,Magnoliophyta,,Fagales,Fagaceae,Quercus,cerris,,Quercus cerris L.,,,http://sweetgum.nybg.org/science/vh/specimen_details.php?irn=1721978,http://sweetgum.nybg.org/images3/547/878/01483527.jpg,Non-native,N,LE,,0,,,,,,
7e8d834d-1265-4be4-9f82-c8933e0c55e3,NY,PreservedSpecimen,1483540,W. N. Clute,s.n.,1898,10,4,North America,United States of America,New York,Bronx Co.,"New York Botanical Garden, West Nursery",,,,,Plantae,Magnoliophyta,,Fagales,Fagaceae,Quercus,cerris,,Quercus cerris L.,,,http://sweetgum.nybg.org/science/vh/specimen_details.php?irn=1721992,http://sweetgum.nybg.org/images3/547/891/01483540.jpg,Non-native,N,LE,,0,,,,,,
e2fdbdc9-6a6e-4c2d-8ed8-bfb6df2ded0e,NY,PreservedSpecimen,1483533,H. N. Moldenke,8663,1935,7,23,North America,United States of America,New York,New York Co.,New York City,,,,,Plantae,Magnoliophyta,,Fagales,Fagaceae,Quercus,cerris,,Quercus cerris L.,,,http://sweetgum.nybg.org/science/vh/specimen_details.php?irn=1721985,,Non-native,N,LE,,0,,,,,,
52e2e26e-5846-4834-be25-cf7f5bbffa57,NY,PreservedSpecimen,1483536,H. N. Moldenke,8663,1935,7,23,North America,United States of America,New York,New York Co.,New York City,,,,,Plantae,Magnoliophyta,,Fagales,Fagaceae,Quercus,cerris,,Quercus cerris L.,,,http://sweetgum.nybg.org/science/vh/specimen_details.php?irn=1721988,,Non-native,N,LE,,0,,,,,,
6da47b84-e220-4e84-aeec-95abc5290d3d,NY,PreservedSpecimen,2332779,D. E. Atha,14179,2013,10,15,North America,United States of America,New York,New York Co.,"Central Park, Ramble, at NOAA weather station, between 78th St and 79th St and between 6th and 7th Avenues",40.779,-73.9692,GPS,50,Plantae,Magnoliophyta,,Fagales,Fagaceae,Quercus,cerris,,Quercus cerris L.,D. E. Atha,2013,http://sweetgum.nybg.org/science/vh/specimen_details.php?irn=2400883,,Non-native,N,LE,,0,,,,,,
7d271829-8f9a-4156-83f7-e39994623144,NY,PreservedSpecimen,2332713,D. E. Atha,14213,2013,11,14,North America,United States of America,New York,New York Co.,"Central Park, Shakespeare and Delacorte, west of Belvedere Castle and E of Shakespeare Garden, slope on north side of 79th St transverse",40.7795,-73.9695,GPS,50,Plantae,Magnoliophyta,,Fagales,Fagaceae,Quercus,cerris,,Quercus cerris L.,D. E. Atha,2013,http://sweetgum.nybg.org/science/vh/specimen_details.php?irn=2405853,,Non-native,N,LE,,0,,,,,,
517fe97a-356a-42e4-94ec-0db966784567,NY,PreservedSpecimen,2688621,D. E. Atha,15621,2016,6,22,North America,United States of America,New York,New York Co.,"Central Park. Sheep Meadow, northern edge. Between 70th and 71st Streets and between 6th and 7th Avenues",40.7742,-73.9739,GPS,,Plantae,Magnoliophyta,,Fagales,Fagaceae,Quercus,cerris,,Quercus cerris L.,D. E. Atha,2016,http://sweetgum.nybg.org/science/vh/specimen_details.php?irn=2978888,,Non-native,N,LE,,0,,,,,,
0062819b-3acd-4fc0-8847-a2b3b1159a74,NY,PreservedSpecimen,2696581,D. E. Atha,15781,2016,9,7,North America,United States of America,New York,New York Co.,"Central Park. Reservoir, southeast corner, along Bridle Path. Between 86th and 87th Streets and between 5th and 6th Avenues",40.7819,-73.9608,GPS,,Plantae,Magnoliophyta,,Fagales,Fagaceae,Quercus,cerris,,Quercus cerris L.,D. E. Atha,2016,http://sweetgum.nybg.org/science/vh/specimen_details.php?irn=2995576,,Non-native,N,LE,,0,,,,,,
a0754b08-fbd1-4d8a-a13b-0ee4e98a3dc7,NY,PreservedSpecimen,1483528,G. V. Nash,2568,,,,North America,United States of America,New York,Bronx Co.,"New York Botanical Garden, Arboretum",,,"Georeferencing Quick Reference Guide, Version 2012",,Plantae,Magnoliophyta,,Fagales,Fagaceae,Quercus,cerris,,Quercus cerris L.,,,http://sweetgum.nybg.org/science/vh/specimen_details.php?irn=1721980,,Non-native,N,LE,,0,,,,,,
4dd48b96-4284-4ddf-b215-6b7bd7d4b7e2,NY,PreservedSpecimen,1483539,G. V. Nash,s.n.,1903,9,,North America,United States of America,New York,Bronx Co.,"New York Botanical Garden, Arb.",,,"Georeferencing Quick Reference Guide, Version 2012",,Plantae,Magnoliophyta,,Fagales,Fagaceae,Quercus,cerris,,Quercus cerris L.,,,http://sweetgum.nybg.org/science/vh/specimen_details.php?irn=1721991,,Non-native,N,LE,,0,,,,,,
d4a26326-6d08-4193-9277-a222215137ca,NY,PreservedSpecimen,1483537,G. V. Nash,2580,,,,North America,United States of America,New York,Bronx Co.,"New York Botanical Garden, Arboretum",,,"Georeferencing Quick Reference Guide, Version 2012",,Plantae,Magnoliophyta,,Fagales,Fagaceae,Quercus,cerris,,Quercus cerris L.,,,http://sweetgum.nybg.org/science/vh/specimen_details.php?irn=1721989,,Non-native,N,LE,,0,,,,,,
4f298858-e4e1-48b5-83a6-b5a3d859844e,NY,PreservedSpecimen,2844253,C. Zeitlin,13,2016,11,6,North America,United States of America,New York,Bronx Co.,Grounds of the New York Botanical Garden. SE corner of Conservatory Way sidewalk,40.8659,-73.8813,,,Plantae,Magnoliophyta,,Fagales,Fagaceae,Quercus,dentata,,Quercus dentata 'Pinnatifida' Thunb.,C. Zeitlin,2016,http://sweetgum.nybg.org/science/vh/specimen_details.php?irn=3189008,,Non-native,N,LE,,0,,,,,,
d996bf5e-07e5-490e-a79c-e9fcee64eee8,NY,PreservedSpecimen,1483971,J. Hartling,s.n.,,,,North America,United States of America,New York,Bronx Co.,"New York Botanical Garden, Arboretum",,,"Georeferencing Quick Reference Guide, Version 2012",,Plantae,Magnoliophyta,,Fagales,Fagaceae,Quercus,dentata,,Quercus dentata Thunb.,,,http://sweetgum.nybg.org/science/vh/specimen_details.php?irn=1723554,http://sweetgum.nybg.org/images3/548/322/01483971.jpg,Non-native,N,LE,,0,,,,,,
19f89542-bb66-49c0-88f6-9fe5503e8488,NY,PreservedSpecimen,1483973,J. Hartling,26057,,,,North America,United States of America,New York,Bronx Co.,"New York Botanical Garden, Arboretum",,,"Georeferencing Quick Reference Guide, Version 2012",,Plantae,Magnoliophyta,,Fagales,Fagaceae,Quercus,dentata,,Quercus dentata Thunb.,,,http://sweetgum.nybg.org/science/vh/specimen_details.php?irn=1723557,http://sweetgum.nybg.org/images3/548/324/01483973.jpg,Non-native,N,LE,,0,,,,,,
06934427-5b4a-4ede-8644-d221e1109f14,NY,PreservedSpecimen,2844252,C. Zeitlin,12,2016,11,6,North America,United States of America,New York,Bronx Co.,"Grounds of the New York Botanical Garden. North side of Mosholu Gate entrance, east side of wall",40.8665,-73.8806,,,Plantae,Magnoliophyta,,Fagales,Fagaceae,Quercus,dentata,,Quercus dentata Thunb.,C. Zeitlin,2016,http://sweetgum.nybg.org/science/vh/specimen_details.php?irn=3189001,,Non-native,N,LE,,0,,,,,,
c3841919-b935-4a2d-b00e-a08120c894c7,NY,PreservedSpecimen,1483975,G. V. Nash,19843,,,,North America,United States of America,New York,Bronx Co.,"New York Botanical Garden, Arboretum",,,"Georeferencing Quick Reference Guide, Version 2012",,Plantae,Magnoliophyta,,Fagales,Fagaceae,Quercus,dentata,,Quercus dentata Thunb.,,,http://sweetgum.nybg.org/science/vh/specimen_details.php?irn=1723559,,Non-native,N,LE,,0,,,,,,
459290dd-3420-4025-bb04-50215e4579dc,NY,PreservedSpecimen,1484638,Berlin,s.n.,1934,4,6,North America,United States of America,New York,Bronx Co.,"New York Botanical Garden, SPATH",,,"Georeferencing Quick Reference Guide, Version 2012",,Plantae,Magnoliophyta,,Fagales,Fagaceae,Quercus,frainetto,,Quercus frainetto Ten.,,,http://sweetgum.nybg.org/science/vh/specimen_details.php?irn=1725210,http://sweetgum.nybg.org/images3/548/979/01484638.jpg,Non-native,N,LE,,0,,,,,,
3be40f25-4cd8-4319-bc6d-25478c6d8d8f,NY,PreservedSpecimen,2844254,C. Zeitlin,14,2016,11,6,North America,United States of America,New York,Bronx Co.,"Grounds of the New York Botanical Garden. E side of Harding Lab, 5-10m S of main path that borders Tulip Tree Allee",40.8654,-73.8805,,,Plantae,Magnoliophyta,,Fagales,Fagaceae,Quercus,pagoda,,Quercus pagoda Raf.,C. Zeitlin,2016,http://sweetgum.nybg.org/science/vh/specimen_details.php?irn=3189026,,Non-native,N,LE,,0,,,,,,
3d9969ba-51e1-4d3c-b999-8240cc584c41,NY,PreservedSpecimen,1801206,M. H. Nee,59435,2012,8,26,North America,United States of America,New York,Bronx Co.,"Bronx, between the Metro North railroad line and the New York Botanical Garden, south of Mosolu Parkway.",40.8675,-73.88,,,Plantae,Magnoliophyta,,Fagales,Fagaceae,Quercus,robur,,Quercus robur L.,M. H. Nee,2012,http://sweetgum.nybg.org/science/vh/specimen_details.php?irn=2017540,http://sweetgum.nybg.org/images3/932/428/01801206-01.jpg | http://sweetgum.nybg.org/images3/932/429/01801206-02.jpg,Non-native,N,LE,,0,,,,,,
cde1acf2-c9a1-4f31-a83d-75b9b71ebdc7,NY,PreservedSpecimen,1801207,M. H. Nee,59434,2012,8,26,North America,United States of America,New York,Bronx Co.,"Bronx, between the Metro North railroad line and the New York Botanical Garden, south of Mosolu Parkway.",40.8675,-73.88,,,Plantae,Magnoliophyta,,Fagales,Fagaceae,Quercus,robur,,Quercus robur L.,M. H. Nee,2012,http://sweetgum.nybg.org/science/vh/specimen_details.php?irn=2017541,http://sweetgum.nybg.org/images3/932/430/01801207-01.jpg | http://sweetgum.nybg.org/images3/932/431/01801207-02.jpg,Non-native,N,LE,,0,,,,,,
ecff7767-d0fa-443c-bca7-8fb4d2263507,NY,PreservedSpecimen,1464502,A. C. Gibson,1066,1969,7,9,North America,United States of America,New York,Bronx Co.,N.Y. Botanical Garden. in Conservatory,,,,,Plantae,Magnoliophyta,,Fagales,Fagaceae,Quercus,suber,,Quercus suber L.,,,http://sweetgum.nybg.org/science/vh/specimen_details.php?irn=1696756,http://sweetgum.nybg.org/images3/616/280/01464502.jpg,Non-native,N,LE,,0,,,,,,
f7e182d7-a5c1-46be-9c91-c18cf732d6b3,NY,PreservedSpecimen,2557182,M. H. Nee,56411,2009,6,22,North America,United States of America,New York,Bronx Co.,"at Metro North railroad station on Kazimiroff Drive, in park opposite entrance to New York Botanical Garden",40.8672,-73.8806,,,Plantae,Magnoliophyta,,Malvales,Malvaceae,Tilia,cordata,,Tilia cordata Mill.,,,http://sweetgum.nybg.org/science/vh/specimen_details.php?irn=2799643,http://sweetgum.nybg.org/images3/1978/331/02557182.jpg,Non-native,N,LE,,0,,,,,,
ed5a05e2-e56c-40ec-9c3f-3bf841ba2300,NY,PreservedSpecimen,2557183,M. H. Nee,56412,2009,6,22,North America,United States of America,New York,Bronx Co.,"Botanical Garden, between the main building and Kazimiroff Drive and end of Mosholu Parkway",40.8672,-73.8794,,,Plantae,Magnoliophyta,,Malvales,Malvaceae,Tilia,cordata,,Tilia cordata Mill.,,,http://sweetgum.nybg.org/science/vh/specimen_details.php?irn=2799644,http://sweetgum.nybg.org/images3/1978/332/02557183.jpg,Non-native,N,LE,,0,,,,,,
d3215788-5bee-4096-8c82-0b268230eb74,NY,PreservedSpecimen,2557185,M. H. Nee,56407,2009,6,18,North America,United States of America,New York,Bronx Co.,"cultivated at New York Botanical Garden, near the fountain by the Kennedy entrance",40.8636,-73.8797,,,Plantae,Magnoliophyta,,Malvales,Malvaceae,Tilia,cordata,,Tilia cordata Mill.,,,http://sweetgum.nybg.org/science/vh/specimen_details.php?irn=2799646,http://sweetgum.nybg.org/images3/1978/334/02557185.jpg,Non-native,N,LE,,0,,,,,,
32fb4ac6-d92b-45f3-8215-eb0d2f7a2520,NY,PreservedSpecimen,2557125,J. Hartling,42286,,,,North America,United States of America,New York,Bronx Co.,"Arboretum, New York Botanical Garden",,,"Georeferencing Quick Reference Guide, Version 2012",,Plantae,Magnoliophyta,,Malvales,Malvaceae,Tilia,cordata,,Tilia cordata Mill.,,,http://sweetgum.nybg.org/science/vh/specimen_details.php?irn=2799566,,Non-native,N,LE,,0,,,,,,
0b80ba5d-3bc3-4322-aa05-bcd5536bb454,NY,PreservedSpecimen,2557172,G. T. Hastings,s.n.,1936,8,22,North America,United States of America,New York,New York Co.,Riverside Drive near 99th st.,,,,,Plantae,Magnoliophyta,,Malvales,Malvaceae,Tilia,cordata,,Tilia cordata Mill.,,,http://sweetgum.nybg.org/science/vh/specimen_details.php?irn=2799630,,Non-native,N,LE,,0,,,,,,
d228e232-e771-473b-a283-8d7f06f9471e,NY,PreservedSpecimen,2557209,J. Hartling,42286,,,,North America,United States of America,New York,Bronx Co.,"Arboretum, New York Botanical Garden",,,"Georeferencing Quick Reference Guide, Version 2012",,Plantae,Magnoliophyta,,Malvales,Malvaceae,Tilia,cordata,,Tilia cordata Mill.,,,http://sweetgum.nybg.org/science/vh/specimen_details.php?irn=2799671,,Non-native,N,LE,,0,,,,,,
7e653820-cdd6-4555-9ace-ccac3cc0f067,NY,PreservedSpecimen,2549584,D. E. Atha,15084,2015,5,20,North America,United States of America,New York,New York Co.,Central Park. Ramble. Between 77th and 78th Streets and between 6th and 7th Avenues,40.7788,-73.9704,GPS,,Plantae,Magnoliophyta,,Malvales,Malvaceae,Tilia,cordata,,Tilia cordata Mill.,D. E. Atha,2016,http://sweetgum.nybg.org/science/vh/specimen_details.php?irn=2913741,,Non-native,N,LE,,0,,,,,,
42654a65-98c1-4a5f-a32d-ed51b02b18b3,NY,PreservedSpecimen,2549729,J. Aloian,16,2015,6,14,North America,United States of America,New York,Bronx Co.,"Grounds of the New York Botanical Garden, Near circular fountain by the Visitor Center",40.8578,-73.8817,,,Plantae,Magnoliophyta,,Malvales,Malvaceae,Tilia,cordata,,Tilia cordata Mill.,,,http://sweetgum.nybg.org/science/vh/specimen_details.php?irn=2939032,,Non-native,N,LE,,0,,,,,,
09674aa5-2a3f-49cd-a837-72031c468605,NY,PreservedSpecimen,2549728,J. Aloian,16,2015,6,14,North America,United States of America,New York,Bronx Co.,"Grounds of the New York Botanical Garden, Near circular fountain by the Visitor Center",40.8578,-73.8817,,,Plantae,Magnoliophyta,,Malvales,Malvaceae,Tilia,cordata,,Tilia cordata Mill.,,,http://sweetgum.nybg.org/science/vh/specimen_details.php?irn=2949282,,Non-native,N,LE,,0,,,,,,
1cea9b14-f365-4b4a-8c93-b25a0cd53607,NY,PreservedSpecimen,2557211,G. V. Nash,2679,,,,North America,United States of America,New York,Bronx Co.,"Arboretum, New York Botanical Garden",,,"Georeferencing Quick Reference Guide, Version 2012",,Plantae,Magnoliophyta,,Malvales,Malvaceae,Tilia,cordata,,Tilia cordata Mill.,,,http://sweetgum.nybg.org/science/vh/specimen_details.php?irn=2799673,,Non-native,N,LE,,0,,,,,,
802a9fa4-321e-4c9b-a4dd-e738e88951d3,NY,PreservedSpecimen,2557212,G. V. Nash,1884,,,,North America,United States of America,New York,Bronx Co.,"Arboretum, New York Botanical Garden",,,"Georeferencing Quick Reference Guide, Version 2012",,Plantae,Magnoliophyta,,Malvales,Malvaceae,Tilia,cordata,,Tilia cordata Mill.,,,http://sweetgum.nybg.org/science/vh/specimen_details.php?irn=2799674,,Non-native,N,LE,,0,,,,,,